source,company,role,location,job_type,category,term,salary,sponsorship,last_seen_signal,apply_url,source_url,board,board_token,startup_signal,notes
YC Work at a Startup,14.ai,Full Stack Engineering Internship (now and Summer 2026),"San Francisco, CA, US",Internship,Full stack,,$5K - $10K / monthly,US citizen/visa only,5 months,https://www.ycombinator.com/companies/14-ai/jobs/KoEfdhc-full-stack-engineering-internship-now-and-summer-2026,https://www.workatastartup.com/internships,YC,75639,YC startup,AI engine powering autonomous brands starting with gloglo.com
YC Work at a Startup,Aravolta,Intern,"San Francisco, CA, US / Remote (US)",Internship,Full stack,,$4K - $15K / monthly,US citizen/visa only,8 months,https://www.ycombinator.com/companies/aravolta/jobs/xNqAuCd-intern,https://www.workatastartup.com/internships,YC,80505,YC startup,"Software to monitor, control, and optimize data centers."
YC Work at a Startup,Browser Use,Summer Software Engineering Intern (now and Summer 2026),"San Francisco, CA, US",Internship,Machine learning,,$6K - $16K / monthly,US citizen/visa only,4 months,https://www.ycombinator.com/companies/browser-use/jobs/JwGWpEP-summer-software-engineering-intern-now-and-summer-2026,https://www.workatastartup.com/internships,YC,75451,YC startup,Leading open-source web agent project with 50k stars in 3 months
YC Work at a Startup,Bud,Full Stack Engineer (Intern),"San Francisco, CA, US / Remote (US)",Internship,Full stack,,$6K - $12K / monthly,US citizen/visa only,about 2 months,https://www.ycombinator.com/companies/bud/jobs/NS0hAue-full-stack-engineer-intern,https://www.workatastartup.com/internships,YC,78815,YC startup,Agent with a computer
YC Work at a Startup,Dex,2026 Summer AI/ML Engineer Intern,"San Francisco, CA, US",Internship,Machine learning,,$6K - $10K / monthly,Will sponsor,8 months,https://www.ycombinator.com/companies/joindex/jobs/jgOpS9K-2026-summer-ai-ml-engineer-intern,https://www.workatastartup.com/internships,YC,80750,YC startup,The AI Coworker in Chrome
YC Work at a Startup,Ember,Full Stack Engineering Intern (Summer 2026),"San Francisco, CA, US",Internship,Full stack,,$6K - $10K / monthly,US citizen/visa only,3 months,https://www.ycombinator.com/companies/ember/jobs/OTB0qby-full-stack-engineering-intern-summer-2026,https://www.workatastartup.com/internships,YC,80610,YC startup,AI RCM. A/R Analysis in 3 days or less. Reduce claim denials by 55%.
YC Work at a Startup,Kastle,Founder Intern (now and Summer 2026),"San Francisco, CA, US",Internship,Full stack,,$8K - $8.75K / monthly,US citizen/visa only,10 months,https://www.ycombinator.com/companies/kastle/jobs/drQwng0-founder-intern-now-and-summer-2026,https://www.workatastartup.com/internships,YC,78885,YC startup,AI agents for mortgage servicing
YC Work at a Startup,Morph,Machine Learning Researcher PhD Intern,"San Francisco, CA, US",Internship,Machine learning,,$6K - $10K / monthly,US citizen/visa only,13 days,https://www.ycombinator.com/companies/morph/jobs/6enPRLQ-machine-learning-researcher-phd-intern,https://www.workatastartup.com/internships,YC,79250,YC startup,Subagents and tools that improve coding agents
YC Work at a Startup,Mosaic,Full Stack Engineering Internship (Winter / Summer 2026),"San Francisco, CA, US",Internship,Full stack,,$5K - $8.5K / monthly,US citizen/visa only,about 1 year,https://www.ycombinator.com/companies/mosaic-2/jobs/xyE4cJw-full-stack-engineering-internship-winter-summer-2026,https://www.workatastartup.com/internships,YC,75700,YC startup,Agentic video editing
YC Work at a Startup,Pulse,Machine Learning Engineer Intern (Summer 2026),San Francisco,Full-time,Full stack,,$7K - $12K / monthly,US citizen/visa only,9 months,https://www.ycombinator.com/companies/pulse-3/jobs/N4xZlwq-machine-learning-engineer-intern-summer-2026,https://www.workatastartup.com/internships,YC,80341,YC startup,Production-grade unstructured document extraction
YC Work at a Startup,Reacher,Software Engineer Intern (Fall 2025/Summer 2026),"San Francisco, CA, US / Los Angeles, CA, US",Internship,Full stack,,$6K - $10K / monthly,US citizen/visa only,9 months,https://www.ycombinator.com/companies/reacher/jobs/HxPjZJm-software-engineer-intern-fall-2025-summer-2026,https://www.workatastartup.com/internships,YC,80430,YC startup,We automate creator marketing for the world's largest brands
YC Work at a Startup,SafetyKit,"Full Stack Engineer, Intern Summer 2026","San Francisco, CA, US",Internship,Full stack,,$12.5K - $16.5K / monthly,Will sponsor,about 1 year,https://www.ycombinator.com/companies/safetykit/jobs/eQpUzRD-full-stack-engineer-intern-summer-2026,https://www.workatastartup.com/internships,YC,75704,YC startup,"AI agents for risk, compliance, and safety"
YC Work at a Startup,SimCare,"Technical Intern (in person, summer '26)","New York, NY, US",Internship,Full stack,,$7K - $11K,US citizen/visa only,over 1 year,https://www.ycombinator.com/companies/simcare/jobs/TuIKb5M-technical-intern-in-person-summer-26,https://www.workatastartup.com/internships,YC,69269,YC startup,AI avatars to scale healthcare training.
YC Work at a Startup,Tandem,Summer 2026 Engineering Internship,"San Francisco, CA, US",Internship,Full stack,,$5.5K - $8.5K / monthly,US citizen/visa only,13 days,https://www.ycombinator.com/companies/tandem-2/jobs/eCSgoZA-summer-2026-engineering-internship,https://www.workatastartup.com/internships,YC,80518,YC startup,AI-native office leasing broker
SimplifyJobs Summer2026; PittCSC Summer2026; Official Greenhouse board,A Thinking Ape,Software Development Engineer Co-op,Remote in Canada,,Software,Fall 2026,,Other,2026-05-13,https://job-boards.greenhouse.io/athinkingape/jobs/7918788,https://github.com/SimplifyJobs/Summer2026-Internships; https://github.com/pittcsc/Summer2026-Internships; https://job-boards.greenhouse.io/athinkingape,greenhouse,athinkingape,startup-heavy ATS/apply host; seeded by SimplifyJobs Summer2026; seeded by PittCSC Summer2026,Active listing in broad internship index; kept because apply host is startup-heavy.; Active listing in broad internship index; kept because apply host is startup-heavy.; Live official ATS scrape.
Official Lever board,acceldata,Field Engineering Co-Op,Kitchener,Intern,Field Engineering,,,,1778258553163,https://jobs.lever.co/acceldata/d69a1a62-284c-47d1-b74f-ea02dffad32f,https://jobs.lever.co/acceldata,lever,acceldata,seeded by PittCSC Summer2026; seeded by SimplifyJobs Summer2026,Live official ATS scrape.
Official Lever board,acceldata,Software Engineering Co-op,Kitchener,Intern,R&D (Dev),,,,1705959501879,https://jobs.lever.co/acceldata/3b6d3dfe-5e49-41c9-98a5-f732fa63fdf4,https://jobs.lever.co/acceldata,lever,acceldata,seeded by PittCSC Summer2026; seeded by SimplifyJobs Summer2026,Live official ATS scrape.
Official Lever board,achievers,Software Engineering Co-op Roles - Fall 2026,Toronto,Co-op,Member Experience,,,,1779238839253,https://jobs.lever.co/achievers/6a348eef-0078-4d6a-bc90-f2d7077d2987,https://jobs.lever.co/achievers,lever,achievers,seeded by SimplifyJobs Summer2026; seeded by PittCSC Summer2026,Live official ATS scrape.
SimplifyJobs Summer2026; PittCSC Summer2026; Official Greenhouse board,Aechelon Technology,Junior Software Engineer – Internship,"Overland Park, KS",,Software,Summer 2026,,Other,2025-10-30,https://job-boards.greenhouse.io/aechelontechnology/jobs/4831334008,https://github.com/SimplifyJobs/Summer2026-Internships; https://github.com/pittcsc/Summer2026-Internships; https://job-boards.greenhouse.io/aechelontechnology,greenhouse,aechelontechnology,startup-heavy ATS/apply host; seeded by PittCSC Summer2026; seeded by SimplifyJobs Summer2026,Active listing in broad internship index; kept because apply host is startup-heavy.; Active listing in broad internship index; kept because apply host is startup-heavy.; Live official ATS scrape.
SimplifyJobs Summer2026; PittCSC Summer2026; Official Greenhouse board,Aechelon Technology,Rtk Internship - Junior Software Engineer,"Farmers Branch, TX",,Software,Summer 2026,,Other,2025-11-20,https://job-boards.greenhouse.io/aechelontechnology/jobs/4904960008,https://github.com/SimplifyJobs/Summer2026-Internships; https://github.com/pittcsc/Summer2026-Internships; https://job-boards.greenhouse.io/aechelontechnology,greenhouse,aechelontechnology,startup-heavy ATS/apply host; seeded by PittCSC Summer2026; seeded by SimplifyJobs Summer2026,Active listing in broad internship index; kept because apply host is startup-heavy.; Active listing in broad internship index; kept because apply host is startup-heavy.; Live official ATS scrape.
SimplifyJobs Summer2026; PittCSC Summer2026; Official Greenhouse board,Affirm,Software Engineering Apprentice - Backend,Remote in USA,,Software,Summer 2026,,Other,2026-03-17,https://job-boards.greenhouse.io/affirm/jobs/7647925003,https://github.com/SimplifyJobs/Summer2026-Internships; https://github.com/pittcsc/Summer2026-Internships; https://job-boards.greenhouse.io/affirm,greenhouse,affirm,startup-heavy ATS/apply host; seeded by SimplifyJobs Summer2026; seeded by PittCSC Summer2026,Active listing in broad internship index; kept because apply host is startup-heavy.; Active listing in broad internship index; kept because apply host is startup-heavy.; Live official ATS scrape.
Official Lever board,aisafety,Research Engineer Intern (Fall 2026),"San Francisco, CA",Full-Time,Research,,,,1772684525698,https://jobs.lever.co/aisafety/e011814b-9a80-43d6-bb0c-cc153ea4bec4,https://jobs.lever.co/aisafety,lever,aisafety,seeded by PittCSC Summer2026; seeded by SimplifyJobs Summer2026,Live official ATS scrape.
Official Ashby board,allium,Engineering Intern - General / AI,,FullTime,,,,,2025-07-15T21:59:14.257+00:00,https://jobs.ashbyhq.com/allium/5d697ce5-b820-45c0-a101-86a05e1fb15e,https://jobs.ashbyhq.com/allium,ashby,allium,seeded by PittCSC Summer2026; seeded by SimplifyJobs Summer2026,Live official ATS scrape.
SimplifyJobs Summer2026; PittCSC Summer2026; Official Greenhouse board,Alo Yoga,Digital Engineering Intern,"San Ramon, CA",,Software,Summer 2026,,Other,2026-01-31,https://boards.greenhouse.io/aloyoga/jobs/5783146004,https://github.com/SimplifyJobs/Summer2026-Internships; https://github.com/pittcsc/Summer2026-Internships; https://job-boards.greenhouse.io/aloyoga,greenhouse,aloyoga,startup-heavy ATS/apply host; seeded by SimplifyJobs Summer2026; seeded by PittCSC Summer2026,Active listing in broad internship index; kept because apply host is startup-heavy.; Active listing in broad internship index; kept because apply host is startup-heavy.; Live official ATS scrape.
SimplifyJobs Summer2026; PittCSC Summer2026; Official Greenhouse board,Alo Yoga,Digital Engineering Intern,"Culver City, CA",,Software,Summer 2026,,Other,2026-01-31,https://boards.greenhouse.io/aloyoga/jobs/5781938004,https://github.com/SimplifyJobs/Summer2026-Internships; https://github.com/pittcsc/Summer2026-Internships; https://job-boards.greenhouse.io/aloyoga,greenhouse,aloyoga,startup-heavy ATS/apply host; seeded by SimplifyJobs Summer2026; seeded by PittCSC Summer2026,Active listing in broad internship index; kept because apply host is startup-heavy.; Active listing in broad internship index; kept because apply host is startup-heavy.; Live official ATS scrape.
SimplifyJobs Summer2026; PittCSC Summer2026; Official Greenhouse board,Alo Yoga,Engineering Intern - Business Technology Operations - Foundational PIM,"Culver City, CA",,AI/ML/Data,Summer 2026,,Other,2026-01-31,https://boards.greenhouse.io/aloyoga/jobs/5781907004,https://github.com/SimplifyJobs/Summer2026-Internships; https://github.com/pittcsc/Summer2026-Internships; https://job-boards.greenhouse.io/aloyoga,greenhouse,aloyoga,startup-heavy ATS/apply host; seeded by SimplifyJobs Summer2026; seeded by PittCSC Summer2026,Active listing in broad internship index; kept because apply host is startup-heavy.; Active listing in broad internship index; kept because apply host is startup-heavy.; Live official ATS scrape.
SimplifyJobs Summer2026; PittCSC Summer2026; Official Greenhouse board,Alo Yoga,Engineering Intern - Business Technology Operations - Operations Data & Visibility,"Culver City, CA",,AI/ML/Data,Summer 2026,,Other,2026-01-31,https://boards.greenhouse.io/aloyoga/jobs/5781932004,https://github.com/SimplifyJobs/Summer2026-Internships; https://github.com/pittcsc/Summer2026-Internships; https://job-boards.greenhouse.io/aloyoga,greenhouse,aloyoga,startup-heavy ATS/apply host; seeded by SimplifyJobs Summer2026; seeded by PittCSC Summer2026,Active listing in broad internship index; kept because apply host is startup-heavy.; Active listing in broad internship index; kept because apply host is startup-heavy.; Live official ATS scrape.
SimplifyJobs Summer2026; PittCSC Summer2026; Official Greenhouse board,Alo Yoga,Engineering Intern - Enterprise Resource Planning Finance Systems,"Culver City, CA",,Software,Summer 2026,,Other,2026-01-31,https://boards.greenhouse.io/aloyoga/jobs/5781860004,https://github.com/SimplifyJobs/Summer2026-Internships; https://github.com/pittcsc/Summer2026-Internships; https://job-boards.greenhouse.io/aloyoga,greenhouse,aloyoga,startup-heavy ATS/apply host; seeded by SimplifyJobs Summer2026; seeded by PittCSC Summer2026,Active listing in broad internship index; kept because apply host is startup-heavy.; Active listing in broad internship index; kept because apply host is startup-heavy.; Live official ATS scrape.
SimplifyJobs Summer2026; PittCSC Summer2026; Official Greenhouse board,Alo Yoga,Engineering Intern - Retail Technology,"San Ramon, CA",,Software,Summer 2026,,Other,2026-01-31,https://boards.greenhouse.io/aloyoga/jobs/5783155004,https://github.com/SimplifyJobs/Summer2026-Internships; https://github.com/pittcsc/Summer2026-Internships; https://job-boards.greenhouse.io/aloyoga,greenhouse,aloyoga,startup-heavy ATS/apply host; seeded by SimplifyJobs Summer2026; seeded by PittCSC Summer2026,Active listing in broad internship index; kept because apply host is startup-heavy.; Active listing in broad internship index; kept because apply host is startup-heavy.; Live official ATS scrape.
Official Greenhouse board,aloyoga,Engineering Intern - HR/Payroll Systems,"Beverly Hills, California, United States",,Internships,,,,2026-05-20T09:05:19-04:00,https://boards.greenhouse.io/aloyoga/jobs/5781892004?gh_jid=5781892004,https://job-boards.greenhouse.io/aloyoga,greenhouse,aloyoga,seeded by SimplifyJobs Summer2026; seeded by PittCSC Summer2026,Live official ATS scrape.
Official Lever board,altaml,Associate Data Operations Specialist (Brilliant Harvest) (8mth internship),Canada,Intern,Engineering,,,,1776894447188,https://jobs.lever.co/altaml/238a3e1b-b76f-4265-83e9-e9d22ec27e03,https://jobs.lever.co/altaml,lever,altaml,seeded by PittCSC Summer2026; seeded by SimplifyJobs Summer2026,Live official ATS scrape.
Official Ashby board,apex-technology-inc,"Software Engineering Internship, Embedded Systems (Summer 2026)",,FullTime,,,,,2026-05-11T18:48:33.449+00:00,https://jobs.ashbyhq.com/apex-technology-inc/5ec2dfa9-724d-4ce4-ab97-5067ec747f11,https://jobs.ashbyhq.com/apex-technology-inc,ashby,apex-technology-inc,seeded by PittCSC Summer2026; seeded by SimplifyJobs Summer2026,Live official ATS scrape.
SimplifyJobs Summer2026; PittCSC Summer2026; Official Greenhouse board,Aquatic Capital Management,Quantitative Researcher – Intern,"London, UK; Chicago, IL",,Quant,Summer 2027,,Other,2026-04-01,https://job-boards.greenhouse.io/aquaticcapitalmanagement/jobs/8489186002,https://github.com/SimplifyJobs/Summer2026-Internships; https://github.com/pittcsc/Summer2026-Internships; https://job-boards.greenhouse.io/aquaticcapitalmanagement,greenhouse,aquaticcapitalmanagement,startup-heavy ATS/apply host; seeded by PittCSC Summer2026; seeded by SimplifyJobs Summer2026,Active listing in broad internship index; kept because apply host is startup-heavy.; Active listing in broad internship index; kept because apply host is startup-heavy.; Live official ATS scrape.
SimplifyJobs Summer2026; PittCSC Summer2026; Official Greenhouse board,Aquatic Capital Management,Software Engineer Intern,"London, UK; Chicago, IL",,Software,Summer 2027,,Other,2026-04-01,https://job-boards.greenhouse.io/aquaticcapitalmanagement/jobs/8489233002,https://github.com/SimplifyJobs/Summer2026-Internships; https://github.com/pittcsc/Summer2026-Internships; https://job-boards.greenhouse.io/aquaticcapitalmanagement,greenhouse,aquaticcapitalmanagement,startup-heavy ATS/apply host; seeded by PittCSC Summer2026; seeded by SimplifyJobs Summer2026,Active listing in broad internship index; kept because apply host is startup-heavy.; Active listing in broad internship index; kept because apply host is startup-heavy.; Live official ATS scrape.
SimplifyJobs Summer2026; PittCSC Summer2026; Official Greenhouse board,Arine,AI Engineer Intern,Remote in USA,,Software,Summer 2026,,Other,2026-05-15,https://job-boards.greenhouse.io/arine/jobs/5997169004,https://github.com/SimplifyJobs/Summer2026-Internships; https://github.com/pittcsc/Summer2026-Internships; https://job-boards.greenhouse.io/arine,greenhouse,arine,startup-heavy ATS/apply host; seeded by PittCSC Summer2026; seeded by SimplifyJobs Summer2026,Active listing in broad internship index; kept because apply host is startup-heavy.; Active listing in broad internship index; kept because apply host is startup-heavy.; Live official ATS scrape.
SimplifyJobs Summer2026; PittCSC Summer2026; Official Greenhouse board,Armada,AI Intern,"Bellevue, WA",,AI/ML/Data,Summer 2026,,Other,2026-03-11,https://job-boards.greenhouse.io/armada/jobs/5151029008,https://github.com/SimplifyJobs/Summer2026-Internships; https://github.com/pittcsc/Summer2026-Internships; https://job-boards.greenhouse.io/armada,greenhouse,armada,startup-heavy ATS/apply host; seeded by PittCSC Summer2026; seeded by SimplifyJobs Summer2026,Active listing in broad internship index; kept because apply host is startup-heavy.; Active listing in broad internship index; kept because apply host is startup-heavy.; Live official ATS scrape.
Official Ashby board,astera,Software Engineering Intern – Distributed Simulation Systems,,FullTime,,,,,2026-05-13T21:14:30.878+00:00,https://jobs.ashbyhq.com/astera/c2a48c1b-c4c4-4333-addf-313c47e26066,https://jobs.ashbyhq.com/astera,ashby,astera,seeded by SimplifyJobs Summer2026; seeded by PittCSC Summer2026,Live official ATS scrape.
SimplifyJobs Summer2026; PittCSC Summer2026; Official Greenhouse board,Astranis,Assembly and Test Intern - Integration,SF,,Hardware,Fall 2026,,Other,2026-05-13,https://job-boards.greenhouse.io/astranis/jobs/4679080006,https://github.com/SimplifyJobs/Summer2026-Internships; https://github.com/pittcsc/Summer2026-Internships; https://job-boards.greenhouse.io/astranis,greenhouse,astranis,startup-heavy ATS/apply host; seeded by SimplifyJobs Summer2026; seeded by PittCSC Summer2026,Active listing in broad internship index; kept because apply host is startup-heavy.; Active listing in broad internship index; kept because apply host is startup-heavy.; Live official ATS scrape.
Official Greenhouse board,astranis,Avionics Engineer Intern (Fall 2026),San Francisco,,Avionics Internships,,,,2026-05-22T12:44:34-04:00,https://job-boards.greenhouse.io/astranis/jobs/4597413006,https://job-boards.greenhouse.io/astranis,greenhouse,astranis,seeded by SimplifyJobs Summer2026; seeded by PittCSC Summer2026,Live official ATS scrape.
Official Greenhouse board,astranis,CAD Engineer/Librarian Intern (Fall 2026),San Francisco,,Mechanical Engineering Internships,,,,2026-05-22T12:44:34-04:00,https://job-boards.greenhouse.io/astranis/jobs/4681155006,https://job-boards.greenhouse.io/astranis,greenhouse,astranis,seeded by SimplifyJobs Summer2026; seeded by PittCSC Summer2026,Live official ATS scrape.
Official Greenhouse board,astranis,Electrical Integration Intern - Avionics (Fall 2026),San Francisco,,Production & Manufacturing Internships,,,,2026-05-22T12:44:34-04:00,https://job-boards.greenhouse.io/astranis/jobs/4679105006,https://job-boards.greenhouse.io/astranis,greenhouse,astranis,seeded by SimplifyJobs Summer2026; seeded by PittCSC Summer2026,Live official ATS scrape.
Official Greenhouse board,astranis,Electrical Integration Intern - RF (Fall 2026),"San Francisco, CA",,Production & Manufacturing Internships,,,,2026-05-22T12:44:34-04:00,https://job-boards.greenhouse.io/astranis/jobs/4677813006,https://job-boards.greenhouse.io/astranis,greenhouse,astranis,seeded by SimplifyJobs Summer2026; seeded by PittCSC Summer2026,Live official ATS scrape.
SimplifyJobs Summer2026; PittCSC Summer2026; Official Greenhouse board,Astranis,Embedded Software Developer – Network/Payload Software Intern,SF,,Hardware,Fall 2026,,Other,2025-12-31,https://job-boards.greenhouse.io/astranis/jobs/4601135006,https://github.com/SimplifyJobs/Summer2026-Internships; https://github.com/pittcsc/Summer2026-Internships; https://job-boards.greenhouse.io/astranis,greenhouse,astranis,startup-heavy ATS/apply host; seeded by SimplifyJobs Summer2026; seeded by PittCSC Summer2026,Active listing in broad internship index; kept because apply host is startup-heavy.; Active listing in broad internship index; kept because apply host is startup-heavy.; Live official ATS scrape.
Official Greenhouse board,astranis,Environmental Test Engineer Intern (Fall 2026),San Francisco,,Production & Manufacturing Internships,,,,2026-05-22T12:44:34-04:00,https://job-boards.greenhouse.io/astranis/jobs/4676888006,https://job-boards.greenhouse.io/astranis,greenhouse,astranis,seeded by SimplifyJobs Summer2026; seeded by PittCSC Summer2026,Live official ATS scrape.
SimplifyJobs Summer2026; PittCSC Summer2026; Official Greenhouse board,Astranis,Flight Software Intern,SF,,Hardware,Fall 2026,,Other,2026-04-29,https://job-boards.greenhouse.io/astranis/jobs/4619283006,https://github.com/SimplifyJobs/Summer2026-Internships; https://github.com/pittcsc/Summer2026-Internships; https://job-boards.greenhouse.io/astranis,greenhouse,astranis,startup-heavy ATS/apply host; seeded by SimplifyJobs Summer2026; seeded by PittCSC Summer2026,Active listing in broad internship index; kept because apply host is startup-heavy.; Active listing in broad internship index; kept because apply host is startup-heavy.; Live official ATS scrape.
Official Greenhouse board,astranis,FPGA Intern (Fall 2026),San Francisco,,Payload Internships,,,,2026-05-22T12:44:34-04:00,https://job-boards.greenhouse.io/astranis/jobs/4677338006,https://job-boards.greenhouse.io/astranis,greenhouse,astranis,seeded by SimplifyJobs Summer2026; seeded by PittCSC Summer2026,Live official ATS scrape.
Official Greenhouse board,astranis,Harness Design Engineer Intern (Fall 2026),San Francisco,,Avionics Internships,,,,2026-05-22T12:44:34-04:00,https://job-boards.greenhouse.io/astranis/jobs/4597559006,https://job-boards.greenhouse.io/astranis,greenhouse,astranis,seeded by SimplifyJobs Summer2026; seeded by PittCSC Summer2026,Live official ATS scrape.
Official Greenhouse board,astranis,Mechanical Engineer Intern (Fall 2026),San Francisco,,Mechanical Engineering Internships,,,,2026-05-22T12:44:34-04:00,https://job-boards.greenhouse.io/astranis/jobs/4677541006,https://job-boards.greenhouse.io/astranis,greenhouse,astranis,seeded by SimplifyJobs Summer2026; seeded by PittCSC Summer2026,Live official ATS scrape.
Official Greenhouse board,astranis,Propulsion Engineer Intern (Fall 2026),San Francisco,,Propulsion Engineering Internships,,,,2026-05-22T12:44:34-04:00,https://job-boards.greenhouse.io/astranis/jobs/4614379006,https://job-boards.greenhouse.io/astranis,greenhouse,astranis,seeded by SimplifyJobs Summer2026; seeded by PittCSC Summer2026,Live official ATS scrape.
Official Greenhouse board,astranis,Propulsion Manufacturing Intern (Fall 2026),San Francisco,,Student Intern and Associate Engineering Program,,,,2026-05-22T12:44:34-04:00,https://job-boards.greenhouse.io/astranis/jobs/4679102006,https://job-boards.greenhouse.io/astranis,greenhouse,astranis,seeded by SimplifyJobs Summer2026; seeded by PittCSC Summer2026,Live official ATS scrape.
SimplifyJobs Summer2026; PittCSC Summer2026; Official Greenhouse board,Astranis,Reliability Design Intern,SF,,Hardware,Summer 2026,,Other,2026-05-13,https://job-boards.greenhouse.io/astranis/jobs/4681471006,https://github.com/SimplifyJobs/Summer2026-Internships; https://github.com/pittcsc/Summer2026-Internships; https://job-boards.greenhouse.io/astranis,greenhouse,astranis,startup-heavy ATS/apply host; seeded by SimplifyJobs Summer2026; seeded by PittCSC Summer2026,Active listing in broad internship index; kept because apply host is startup-heavy.; Active listing in broad internship index; kept because apply host is startup-heavy.; Live official ATS scrape.
SimplifyJobs Summer2026; PittCSC Summer2026; Official Greenhouse board,Astranis,Reliability Test Intern,SF,,Hardware,Fall 2026,,Other,2026-05-04,https://job-boards.greenhouse.io/astranis/jobs/4677973006,https://github.com/SimplifyJobs/Summer2026-Internships; https://github.com/pittcsc/Summer2026-Internships; https://job-boards.greenhouse.io/astranis,greenhouse,astranis,startup-heavy ATS/apply host; seeded by SimplifyJobs Summer2026; seeded by PittCSC Summer2026,Active listing in broad internship index; kept because apply host is startup-heavy.; Active listing in broad internship index; kept because apply host is startup-heavy.; Live official ATS scrape.
SimplifyJobs Summer2026; PittCSC Summer2026; Official Greenhouse board,Astranis,Software Defined Radio Hardware Intern - Summer 2026,SF,,Hardware,Summer 2026,,Other,2026-01-30,https://job-boards.greenhouse.io/astranis/jobs/4646558006,https://github.com/SimplifyJobs/Summer2026-Internships; https://github.com/pittcsc/Summer2026-Internships; https://job-boards.greenhouse.io/astranis,greenhouse,astranis,startup-heavy ATS/apply host; seeded by SimplifyJobs Summer2026; seeded by PittCSC Summer2026,Active listing in broad internship index; kept because apply host is startup-heavy.; Active listing in broad internship index; kept because apply host is startup-heavy.; Live official ATS scrape.
SimplifyJobs Summer2026; PittCSC Summer2026; Official Greenhouse board,Astranis,Software Engineer Intern - Data Platform,SF,,Software,Summer 2026,,Other,2026-03-30,https://job-boards.greenhouse.io/astranis/jobs/4667477006,https://github.com/SimplifyJobs/Summer2026-Internships; https://github.com/pittcsc/Summer2026-Internships; https://job-boards.greenhouse.io/astranis,greenhouse,astranis,startup-heavy ATS/apply host; seeded by SimplifyJobs Summer2026; seeded by PittCSC Summer2026,Active listing in broad internship index; kept because apply host is startup-heavy.; Active listing in broad internship index; kept because apply host is startup-heavy.; Live official ATS scrape.
SimplifyJobs Summer2026; PittCSC Summer2026; Official Greenhouse board,Astranis,Software Engineer-Backend Intern,SF,,Software,Fall 2026,,Other,2026-05-13,https://job-boards.greenhouse.io/astranis/jobs/4681183006,https://github.com/SimplifyJobs/Summer2026-Internships; https://github.com/pittcsc/Summer2026-Internships; https://job-boards.greenhouse.io/astranis,greenhouse,astranis,startup-heavy ATS/apply host; seeded by SimplifyJobs Summer2026; seeded by PittCSC Summer2026,Active listing in broad internship index; kept because apply host is startup-heavy.; Active listing in broad internship index; kept because apply host is startup-heavy.; Live official ATS scrape.
Official Greenhouse board,astranis,Spectrum Engineering Intern (Summer 2026),San Francisco,,Regulatory Internships,,,,2026-05-22T12:44:34-04:00,https://job-boards.greenhouse.io/astranis/jobs/4671835006,https://job-boards.greenhouse.io/astranis,greenhouse,astranis,seeded by SimplifyJobs Summer2026; seeded by PittCSC Summer2026,Live official ATS scrape.
SimplifyJobs Summer2026; PittCSC Summer2026; Official Greenhouse board,Astranis,Thermal Engineer Intern,SF,,Hardware,Fall 2026,,Other,2026-05-13,https://job-boards.greenhouse.io/astranis/jobs/4604266006,https://github.com/SimplifyJobs/Summer2026-Internships; https://github.com/pittcsc/Summer2026-Internships; https://job-boards.greenhouse.io/astranis,greenhouse,astranis,startup-heavy ATS/apply host; seeded by SimplifyJobs Summer2026; seeded by PittCSC Summer2026,Active listing in broad internship index; kept because apply host is startup-heavy.; Active listing in broad internship index; kept because apply host is startup-heavy.; Live official ATS scrape.
SimplifyJobs Summer2026; PittCSC Summer2026; Official Ashby board,Atomic Semi,Infrastructure Software Engineering Intern,"San Francisco, CA; Austin, TX",Intern,Software Engineering,Fall 2026,,U.S. Citizenship is Required,2026-05-01,https://jobs.ashbyhq.com/atomicsemi/867c67f7-20b5-4726-b9da-85a760d3851e,https://github.com/SimplifyJobs/Summer2026-Internships; https://github.com/pittcsc/Summer2026-Internships; https://jobs.ashbyhq.com/atomicsemi,ashby,atomicsemi,startup-heavy ATS/apply host; seeded by PittCSC Summer2026; seeded by SimplifyJobs Summer2026,Active listing in broad internship index; kept because apply host is startup-heavy.; Active listing in broad internship index; kept because apply host is startup-heavy.; Live official ATS scrape.
Official Ashby board,atomicsemi,Automation Software Engineering Intern - Fall,,Intern,,,,,2026-03-31T15:26:43.099+00:00,https://jobs.ashbyhq.com/atomicsemi/615feebf-d9e3-4583-9c85-ba16af44e65c,https://jobs.ashbyhq.com/atomicsemi,ashby,atomicsemi,seeded by PittCSC Summer2026; seeded by SimplifyJobs Summer2026,Live official ATS scrape.
Official Ashby board,atomicsemi,Electrical Engineering Intern - Fall,,Intern,,,,,2026-03-30T20:40:04.215+00:00,https://jobs.ashbyhq.com/atomicsemi/ea384667-0913-49cc-8982-ebf0fe2620c6,https://jobs.ashbyhq.com/atomicsemi,ashby,atomicsemi,seeded by PittCSC Summer2026; seeded by SimplifyJobs Summer2026,Live official ATS scrape.
Official Ashby board,atomicsemi,"Electrical Engineering Intern, High Frequency Power Electronics - Fall",,Intern,,,,,2026-03-30T20:51:44.757+00:00,https://jobs.ashbyhq.com/atomicsemi/41123ae5-2489-4ac7-a4ed-c0c75faf5927,https://jobs.ashbyhq.com/atomicsemi,ashby,atomicsemi,seeded by PittCSC Summer2026; seeded by SimplifyJobs Summer2026,Live official ATS scrape.
Official Ashby board,atomicsemi,Embedded Software Engineering Intern - Fall,,Intern,,,,,2026-03-30T20:39:21.143+00:00,https://jobs.ashbyhq.com/atomicsemi/de448098-ffc6-4b99-b341-d6a5874f390f,https://jobs.ashbyhq.com/atomicsemi,ashby,atomicsemi,seeded by PittCSC Summer2026; seeded by SimplifyJobs Summer2026,Live official ATS scrape.
Official Ashby board,atomicsemi,Fab Software Engineering Intern - Fall,,Intern,,,,,2026-03-30T20:40:11.541+00:00,https://jobs.ashbyhq.com/atomicsemi/947338ca-e135-4398-9aa3-79e131bc03d5,https://jobs.ashbyhq.com/atomicsemi,ashby,atomicsemi,seeded by PittCSC Summer2026; seeded by SimplifyJobs Summer2026,Live official ATS scrape.
Official Ashby board,atomicsemi,Mechanical Engineering Intern - Fall,,Intern,,,,,2026-03-30T20:37:51.507+00:00,https://jobs.ashbyhq.com/atomicsemi/48923113-b51e-4c3a-ade9-47ac08313447,https://jobs.ashbyhq.com/atomicsemi,ashby,atomicsemi,seeded by PittCSC Summer2026; seeded by SimplifyJobs Summer2026,Live official ATS scrape.
Official Ashby board,atomicsemi,Packaging Engineering Intern - Fall,,Intern,,,,,2026-03-30T20:38:57.155+00:00,https://jobs.ashbyhq.com/atomicsemi/4497473d-0ce0-4e83-88c3-2afedceac622,https://jobs.ashbyhq.com/atomicsemi,ashby,atomicsemi,seeded by PittCSC Summer2026; seeded by SimplifyJobs Summer2026,Live official ATS scrape.
Official Ashby board,atomicsemi,Process Engineering Intern - Fall,,Intern,,,,,2026-03-30T20:37:06.947+00:00,https://jobs.ashbyhq.com/atomicsemi/a4edea14-08e9-46cf-9449-4bedb8b29dd9,https://jobs.ashbyhq.com/atomicsemi,ashby,atomicsemi,seeded by PittCSC Summer2026; seeded by SimplifyJobs Summer2026,Live official ATS scrape.
Official Ashby board,atomicsemi,"Rust Software Engineering Intern, Graphics Programming - Fall",,Intern,,,,,2026-03-30T20:39:27.942+00:00,https://jobs.ashbyhq.com/atomicsemi/009d0819-c688-4ab9-8816-a3c7ab002470,https://jobs.ashbyhq.com/atomicsemi,ashby,atomicsemi,seeded by PittCSC Summer2026; seeded by SimplifyJobs Summer2026,Live official ATS scrape.
SimplifyJobs Summer2026; PittCSC Summer2026; Official Greenhouse board,Attentive,AI Intern,NYC,,Software,Summer 2026,,Other,2026-04-07,https://job-boards.greenhouse.io/attentive/jobs/4209296009,https://github.com/SimplifyJobs/Summer2026-Internships; https://github.com/pittcsc/Summer2026-Internships; https://job-boards.greenhouse.io/attentive,greenhouse,attentive,startup-heavy ATS/apply host; seeded by PittCSC Summer2026; seeded by SimplifyJobs Summer2026,Active listing in broad internship index; kept because apply host is startup-heavy.; Active listing in broad internship index; kept because apply host is startup-heavy.; Live official ATS scrape.
Official Ashby board,auctor,Software Engineering Intern,,FullTime,,,,,2026-04-13T22:03:44.168+00:00,https://jobs.ashbyhq.com/auctor/9d67c881-3ca7-4616-a059-e94c03e19607,https://jobs.ashbyhq.com/auctor,ashby,auctor,seeded by PittCSC Summer2026; seeded by SimplifyJobs Summer2026,Live official ATS scrape.
SimplifyJobs Summer2026; PittCSC Summer2026; Official Greenhouse board,Avride,Machine Learning Engineer Intern,"Austin, TX",,AI/ML/Data,Summer 2026,,Other,2026-04-22,https://job-boards.greenhouse.io/avride/jobs/4230374009,https://github.com/SimplifyJobs/Summer2026-Internships; https://github.com/pittcsc/Summer2026-Internships; https://job-boards.greenhouse.io/avride,greenhouse,avride,startup-heavy ATS/apply host; seeded by SimplifyJobs Summer2026; seeded by PittCSC Summer2026,Active listing in broad internship index; kept because apply host is startup-heavy.; Active listing in broad internship index; kept because apply host is startup-heavy.; Live official ATS scrape.
SimplifyJobs Summer2026; PittCSC Summer2026; Official Greenhouse board,Avride,Research Engineer Intern,"Austin, TX",,AI/ML/Data,Summer 2026,,Other,2026-04-22,https://job-boards.greenhouse.io/avride/jobs/4230411009,https://github.com/SimplifyJobs/Summer2026-Internships; https://github.com/pittcsc/Summer2026-Internships; https://job-boards.greenhouse.io/avride,greenhouse,avride,startup-heavy ATS/apply host; seeded by SimplifyJobs Summer2026; seeded by PittCSC Summer2026,Active listing in broad internship index; kept because apply host is startup-heavy.; Active listing in broad internship index; kept because apply host is startup-heavy.; Live official ATS scrape.
SimplifyJobs Summer2026; PittCSC Summer2026; Official Greenhouse board,Axiomatic AI,Software Engineering Internship – AI/Agentic Systems,"Boston, MA",,Software Engineering,Summer 2026,,Does Not Offer Sponsorship,2026-05-01,https://job-boards.eu.greenhouse.io/axiomaticai/jobs/4848121101,https://github.com/SimplifyJobs/Summer2026-Internships; https://github.com/pittcsc/Summer2026-Internships; https://job-boards.greenhouse.io/axiomaticai,greenhouse,axiomaticai,startup-heavy ATS/apply host; seeded by PittCSC Summer2026; seeded by SimplifyJobs Summer2026,Active listing in broad internship index; kept because apply host is startup-heavy.; Active listing in broad internship index; kept because apply host is startup-heavy.; Live official ATS scrape.
SimplifyJobs Summer2026; PittCSC Summer2026; Official Greenhouse board,Axiomatic AI,Software Engineering Internship – Platform/DevOps,"Boston, MA",,Software Engineering,Summer 2026,,Does Not Offer Sponsorship,2026-05-01,https://job-boards.eu.greenhouse.io/axiomaticai/jobs/4848128101,https://github.com/SimplifyJobs/Summer2026-Internships; https://github.com/pittcsc/Summer2026-Internships; https://job-boards.greenhouse.io/axiomaticai,greenhouse,axiomaticai,startup-heavy ATS/apply host; seeded by PittCSC Summer2026; seeded by SimplifyJobs Summer2026,Active listing in broad internship index; kept because apply host is startup-heavy.; Active listing in broad internship index; kept because apply host is startup-heavy.; Live official ATS scrape.
Official Greenhouse board,axiomaticai,"Internship - Research (Uncertainty Quantification, Robust Design & Surrogate Modeling)","Boston, US / Castelldefels (Barcelona), Spain",,Open Positions,,,,2026-04-22T15:54:44-04:00,https://job-boards.eu.greenhouse.io/axiomaticai/jobs/4845020101,https://job-boards.greenhouse.io/axiomaticai,greenhouse,axiomaticai,seeded by PittCSC Summer2026; seeded by SimplifyJobs Summer2026,Live official ATS scrape.
Official Greenhouse board,axiomaticai,"Internship - Research Intern (Agentic Learning, Memory & Neurosymbolic Reasoning)","Castelldefels (Barcelona), Spain",,Open Positions,,,,2026-04-22T12:09:44-04:00,https://job-boards.eu.greenhouse.io/axiomaticai/jobs/4845036101,https://job-boards.greenhouse.io/axiomaticai,greenhouse,axiomaticai,seeded by PittCSC Summer2026; seeded by SimplifyJobs Summer2026,Live official ATS scrape.
Official Greenhouse board,axiomaticai,Internship – Research Intern (AI for Scientific Reasoning),"Castelldefels (Barcelona), Spain",,Open Positions,,,,2026-05-05T04:39:52-04:00,https://job-boards.eu.greenhouse.io/axiomaticai/jobs/4845060101,https://job-boards.greenhouse.io/axiomaticai,greenhouse,axiomaticai,seeded by PittCSC Summer2026; seeded by SimplifyJobs Summer2026,Live official ATS scrape.
Official Greenhouse board,axiomaticai,Internship – Research Intern (Formal Methods for Science),"Castelldefels (Barcelona), Spain",,Open Positions,,,,2026-05-05T04:41:05-04:00,https://job-boards.eu.greenhouse.io/axiomaticai/jobs/4845062101,https://job-boards.greenhouse.io/axiomaticai,greenhouse,axiomaticai,seeded by PittCSC Summer2026; seeded by SimplifyJobs Summer2026,Live official ATS scrape.
Official Greenhouse board,axq,Quantitative Research Intern (Summer 2026),Shanghai,,Quantitative Research,,,,2026-03-26T19:26:37-04:00,https://job-boards.greenhouse.io/axq/jobs/5636192004,https://job-boards.greenhouse.io/axq,greenhouse,axq,seeded by PittCSC Summer2026; seeded by SimplifyJobs Summer2026,Live official ATS scrape.
SimplifyJobs Summer2026; PittCSC Summer2026; Official Greenhouse board,AXQ Capital,Quantitative Research Intern,NYC,,Quant,Summer 2026; Winter 2026,,Other,2026-03-02,https://job-boards.greenhouse.io/axq/jobs/5575450004,https://github.com/SimplifyJobs/Summer2026-Internships; https://github.com/pittcsc/Summer2026-Internships; https://job-boards.greenhouse.io/axq,greenhouse,axq,startup-heavy ATS/apply host; seeded by PittCSC Summer2026; seeded by SimplifyJobs Summer2026,Active listing in broad internship index; kept because apply host is startup-heavy.; Active listing in broad internship index; kept because apply host is startup-heavy.; Live official ATS scrape.
Official Ashby board,base-power,Deployment Engineering Intern,,Intern,,,,,2026-05-13T21:23:08.918+00:00,https://jobs.ashbyhq.com/base-power/32f1731b-b702-4975-ae83-d16b5c629346,https://jobs.ashbyhq.com/base-power,ashby,base-power,seeded by SimplifyJobs Summer2026,Live official ATS scrape.
Official Ashby board,base-power,Hardware Engineering Intern,,Intern,,,,,2026-05-21T21:09:03.523+00:00,https://jobs.ashbyhq.com/base-power/f22cee0e-55d9-42cd-806e-1c1fc7217770,https://jobs.ashbyhq.com/base-power,ashby,base-power,seeded by SimplifyJobs Summer2026,Live official ATS scrape.
Official Ashby board,base-power,Manufacturing Controls Engineering Intern,,Intern,,,,,2026-05-18T21:31:14.996+00:00,https://jobs.ashbyhq.com/base-power/6c56e236-888e-423d-9f68-764bd9a4742d,https://jobs.ashbyhq.com/base-power,ashby,base-power,seeded by SimplifyJobs Summer2026,Live official ATS scrape.
Official Ashby board,base-power,Manufacturing Engineering Intern,,Intern,,,,,2026-05-18T22:06:49.747+00:00,https://jobs.ashbyhq.com/base-power/a92c9d93-eac0-4da5-b3f2-edf1eeef146b,https://jobs.ashbyhq.com/base-power,ashby,base-power,seeded by SimplifyJobs Summer2026,Live official ATS scrape.
Official Greenhouse board,billiontoone,"Automation Engineering Intern, Oncology","Menlo Park, CA",,PROCESS & DEVELOPMENT - ONCO,,,,2026-05-18T18:23:08-04:00,https://job-boards.greenhouse.io/billiontoone/jobs/4692643005,https://job-boards.greenhouse.io/billiontoone,greenhouse,billiontoone,seeded by SimplifyJobs Summer2026; seeded by PittCSC Summer2026,Live official ATS scrape.
Official Greenhouse board,billiontoone,Process Engineering Intern,"Union City, CA",,PROCESS ENGINEERING - NIPT,,,,2026-05-15T19:17:02-04:00,https://job-boards.greenhouse.io/billiontoone/jobs/4677675005,https://job-boards.greenhouse.io/billiontoone,greenhouse,billiontoone,seeded by SimplifyJobs Summer2026; seeded by PittCSC Summer2026,Live official ATS scrape.
SimplifyJobs Summer2026; PittCSC Summer2026; Official Greenhouse board,BillionToOne,Product Management Intern - Software Engineering,"Menlo Park, CA",,Product,Summer 2026,,Other,2026-04-22,https://job-boards.greenhouse.io/billiontoone/jobs/4687612005,https://github.com/SimplifyJobs/Summer2026-Internships; https://github.com/pittcsc/Summer2026-Internships; https://job-boards.greenhouse.io/billiontoone,greenhouse,billiontoone,startup-heavy ATS/apply host; seeded by SimplifyJobs Summer2026; seeded by PittCSC Summer2026,Active listing in broad internship index; kept because apply host is startup-heavy.; Active listing in broad internship index; kept because apply host is startup-heavy.; Live official ATS scrape.
Official Ashby board,blackbird-labs-inc,Engineering Intern,,FullTime,,,,,2026-05-05T17:47:10.457+00:00,https://jobs.ashbyhq.com/blackbird-labs-inc/a901dd42-7c52-488a-bd55-f1d5dcd37b38,https://jobs.ashbyhq.com/blackbird-labs-inc,ashby,blackbird-labs-inc,seeded by SimplifyJobs Summer2026; seeded by PittCSC Summer2026,Live official ATS scrape.
Official Ashby board,blockhouse,Rust Developer Intern (Summer 2026),,FullTime,,,,,2026-04-21T19:32:33.686+00:00,https://jobs.ashbyhq.com/blockhouse/42a3066f-683c-4b32-b097-5047e89dd12c,https://jobs.ashbyhq.com/blockhouse,ashby,blockhouse,seeded by SimplifyJobs Summer2026; seeded by PittCSC Summer2026,Live official ATS scrape.
SimplifyJobs Summer2026; Official Greenhouse board,BrightAI,Computer Vision Intern,"Palo Alto, CA",,AI/ML/Data,Summer 2026,,Other,2026-05-21,https://job-boards.greenhouse.io/brightai/jobs/6002012004,https://github.com/SimplifyJobs/Summer2026-Internships; https://job-boards.greenhouse.io/brightai,greenhouse,brightai,startup-heavy ATS/apply host; seeded by SimplifyJobs Summer2026,Active listing in broad internship index; kept because apply host is startup-heavy.; Live official ATS scrape.
SimplifyJobs Summer2026; PittCSC Summer2026; Official Greenhouse board,Cambridge Mobile Telematics,Data Science Intern,"Cambridge, MA",,AI/ML/Data,Summer 2026,,Other,2026-04-15,https://job-boards.greenhouse.io/cmt/jobs/7818122,https://github.com/SimplifyJobs/Summer2026-Internships; https://github.com/pittcsc/Summer2026-Internships; https://job-boards.greenhouse.io/cmt,greenhouse,cmt,startup-heavy ATS/apply host; seeded by SimplifyJobs Summer2026; seeded by PittCSC Summer2026,Active listing in broad internship index; kept because apply host is startup-heavy.; Active listing in broad internship index; kept because apply host is startup-heavy.; Live official ATS scrape.
SimplifyJobs Summer2026; Official Greenhouse board,Celonis,Engineering Intern,Massachusetts,,Software,Summer 2026,,Other,2026-05-20,https://job-boards.greenhouse.io/celonis/jobs/7738530003?gh_jid=7738530003,https://github.com/SimplifyJobs/Summer2026-Internships; https://job-boards.greenhouse.io/celonis,greenhouse,celonis,startup-heavy ATS/apply host; seeded by SimplifyJobs Summer2026,Active listing in broad internship index; kept because apply host is startup-heavy.; Live official ATS scrape.
SimplifyJobs Summer2026; Official Greenhouse board,Celonis,Engineering Intern,Massachusetts,,Software,Summer 2026,,Other,2026-05-20,https://job-boards.greenhouse.io/celonis/jobs/7738538003?gh_jid=7738538003,https://github.com/SimplifyJobs/Summer2026-Internships; https://job-boards.greenhouse.io/celonis,greenhouse,celonis,startup-heavy ATS/apply host; seeded by SimplifyJobs Summer2026,Active listing in broad internship index; kept because apply host is startup-heavy.; Live official ATS scrape.
Official Greenhouse board,celonis,Working Student AI & Management Consulting (Nordics),"Copenhagen, Denmark",,Value Engineering,,,,2026-05-22T03:28:47-04:00,https://job-boards.greenhouse.io/celonis/jobs/7737493003?gh_jid=7737493003,https://job-boards.greenhouse.io/celonis,greenhouse,celonis,seeded by SimplifyJobs Summer2026,Live official ATS scrape.
Official Greenhouse board,celonis,Working Student Applied AI Solution Consulting (Nordics),"Copenhagen, Denmark",,Value Engineering,,,,2026-05-22T03:28:57-04:00,https://job-boards.greenhouse.io/celonis/jobs/7746655003?gh_jid=7746655003,https://job-boards.greenhouse.io/celonis,greenhouse,celonis,seeded by SimplifyJobs Summer2026,Live official ATS scrape.
Official Lever board,certik,Blockchain Security Expert Intern - AI Track,"New York, New York / Remote",Internship,Internship,,,,1741889395037,https://jobs.lever.co/certik/1f446b66-1fae-4c31-9352-cde86e254754,https://jobs.lever.co/certik,lever,certik,seeded by PittCSC Summer2026; seeded by SimplifyJobs Summer2026,Live official ATS scrape.
Official Lever board,certik,Security Research Internship,"New York, NY / Seattle, WA / San Francisco Bay Area, CA / Remote",,Internship,,,,1661370070951,https://jobs.lever.co/certik/148afcf8-106b-42fa-a516-6bb8f1184e33,https://jobs.lever.co/certik,lever,certik,seeded by PittCSC Summer2026; seeded by SimplifyJobs Summer2026,Live official ATS scrape.
Official Ashby board,charge-robotics,Engineering Intern (Summer 2026),,FullTime,,,,,2026-02-10T18:09:36.643+00:00,https://jobs.ashbyhq.com/charge-robotics/81799a5b-c23f-4d17-9cce-af01b1d44ad9,https://jobs.ashbyhq.com/charge-robotics,ashby,charge-robotics,seeded by PittCSC Summer2026; seeded by SimplifyJobs Summer2026,Live official ATS scrape.
SimplifyJobs Summer2026; PittCSC Summer2026; Official Greenhouse board,Cloudflare,Data Science Intern,"Austin, TX",,AI/ML/Data,Summer 2026,,Other,2026-05-13,https://boards.greenhouse.io/cloudflare/jobs/7914511,https://github.com/SimplifyJobs/Summer2026-Internships; https://github.com/pittcsc/Summer2026-Internships; https://job-boards.greenhouse.io/cloudflare,greenhouse,cloudflare,startup-heavy ATS/apply host; seeded by SimplifyJobs Summer2026; seeded by PittCSC Summer2026; seeded by local:internship_opportunities_2026-05-13.md; seeded by local:internship_opportunities_last_30_days_2026-05-13.md; seeded by local:internship_tracker_2026_05_27_opportunities.csv,Active listing in broad internship index; kept because apply host is startup-heavy.; Active listing in broad internship index; kept because apply host is startup-heavy.; Live official ATS scrape.
Official Greenhouse board,cloudflare,DCSC Automation Coordinator Intern,In-Office,,University,,,,2026-04-21T15:53:17-04:00,https://boards.greenhouse.io/cloudflare/jobs/7751595?gh_jid=7751595,https://job-boards.greenhouse.io/cloudflare,greenhouse,cloudflare,seeded by SimplifyJobs Summer2026; seeded by PittCSC Summer2026; seeded by local:internship_opportunities_2026-05-13.md; seeded by local:internship_opportunities_last_30_days_2026-05-13.md; seeded by local:internship_tracker_2026_05_27_opportunities.csv,Live official ATS scrape.
Official Greenhouse board,cloudflare,GRC Team Intern (Summer 2026),In-Office,,Security,,,,2026-04-21T15:53:17-04:00,https://boards.greenhouse.io/cloudflare/jobs/7577564?gh_jid=7577564,https://job-boards.greenhouse.io/cloudflare,greenhouse,cloudflare,seeded by SimplifyJobs Summer2026; seeded by PittCSC Summer2026; seeded by local:internship_opportunities_2026-05-13.md; seeded by local:internship_opportunities_last_30_days_2026-05-13.md; seeded by local:internship_tracker_2026_05_27_opportunities.csv,Live official ATS scrape.
SimplifyJobs Summer2026; PittCSC Summer2026; Official Greenhouse board,Cloudflare,Machine Learning Engineer Intern,"Austin, TX",,AI/ML/Data,Summer 2026,,Other,2026-05-13,https://boards.greenhouse.io/cloudflare/jobs/7914628,https://github.com/SimplifyJobs/Summer2026-Internships; https://github.com/pittcsc/Summer2026-Internships; https://job-boards.greenhouse.io/cloudflare,greenhouse,cloudflare,startup-heavy ATS/apply host; seeded by SimplifyJobs Summer2026; seeded by PittCSC Summer2026; seeded by local:internship_opportunities_2026-05-13.md; seeded by local:internship_opportunities_last_30_days_2026-05-13.md; seeded by local:internship_tracker_2026_05_27_opportunities.csv,Active listing in broad internship index; kept because apply host is startup-heavy.; Active listing in broad internship index; kept because apply host is startup-heavy.; Live official ATS scrape.
Official Greenhouse board,cloudflare,Network Engineering Intern (July to December 2026),In-Office,,University,,,,2026-05-17T22:00:36-04:00,https://boards.greenhouse.io/cloudflare/jobs/7929538?gh_jid=7929538,https://job-boards.greenhouse.io/cloudflare,greenhouse,cloudflare,seeded by SimplifyJobs Summer2026; seeded by PittCSC Summer2026; seeded by local:internship_opportunities_2026-05-13.md; seeded by local:internship_opportunities_last_30_days_2026-05-13.md; seeded by local:internship_tracker_2026_05_27_opportunities.csv,Live official ATS scrape.
Official Greenhouse board,cloudflare,Network Engineering Intern (Summer 2026),In-Office,,Engineering,,,,2026-05-12T20:15:52-04:00,https://boards.greenhouse.io/cloudflare/jobs/7917883?gh_jid=7917883,https://job-boards.greenhouse.io/cloudflare,greenhouse,cloudflare,seeded by SimplifyJobs Summer2026; seeded by PittCSC Summer2026; seeded by local:internship_opportunities_2026-05-13.md; seeded by local:internship_opportunities_last_30_days_2026-05-13.md; seeded by local:internship_tracker_2026_05_27_opportunities.csv,Live official ATS scrape.
Official Greenhouse board,cloudflare,Security Engineer Intern (Summer 2026),In-Office,,University,,,,2026-04-21T15:53:17-04:00,https://boards.greenhouse.io/cloudflare/jobs/7582169?gh_jid=7582169,https://job-boards.greenhouse.io/cloudflare,greenhouse,cloudflare,seeded by SimplifyJobs Summer2026; seeded by PittCSC Summer2026; seeded by local:internship_opportunities_2026-05-13.md; seeded by local:internship_opportunities_last_30_days_2026-05-13.md; seeded by local:internship_tracker_2026_05_27_opportunities.csv,Live official ATS scrape.
Official Greenhouse board,cloudflare,Security Engineer Intern (Summer 2026),In-Office,,University,,,,2026-04-21T15:53:17-04:00,https://boards.greenhouse.io/cloudflare/jobs/7582150?gh_jid=7582150,https://job-boards.greenhouse.io/cloudflare,greenhouse,cloudflare,seeded by SimplifyJobs Summer2026; seeded by PittCSC Summer2026; seeded by local:internship_opportunities_2026-05-13.md; seeded by local:internship_opportunities_last_30_days_2026-05-13.md; seeded by local:internship_tracker_2026_05_27_opportunities.csv,Live official ATS scrape.
Official Greenhouse board,cloudflare,Solutions Engineer Intern (Summer 2026),In-Office,,Solution Engineering,,,,2026-05-15T12:15:41-04:00,https://boards.greenhouse.io/cloudflare/jobs/7738938?gh_jid=7738938,https://job-boards.greenhouse.io/cloudflare,greenhouse,cloudflare,seeded by SimplifyJobs Summer2026; seeded by PittCSC Summer2026; seeded by local:internship_opportunities_2026-05-13.md; seeded by local:internship_opportunities_last_30_days_2026-05-13.md; seeded by local:internship_tracker_2026_05_27_opportunities.csv,Live official ATS scrape.
Official Greenhouse board,cloudflare,Technical Support Engineer Intern (July to December 2026),In-Office,,Customer Support,,,,2026-05-13T01:03:47-04:00,https://boards.greenhouse.io/cloudflare/jobs/7912382?gh_jid=7912382,https://job-boards.greenhouse.io/cloudflare,greenhouse,cloudflare,seeded by SimplifyJobs Summer2026; seeded by PittCSC Summer2026; seeded by local:internship_opportunities_2026-05-13.md; seeded by local:internship_opportunities_last_30_days_2026-05-13.md; seeded by local:internship_tracker_2026_05_27_opportunities.csv,Live official ATS scrape.
Official Greenhouse board,cloudflare,Technical Support Engineer Intern (Summer 2026),In-Office,,Customer Support,,,,2026-04-21T15:53:17-04:00,https://boards.greenhouse.io/cloudflare/jobs/7726879?gh_jid=7726879,https://job-boards.greenhouse.io/cloudflare,greenhouse,cloudflare,seeded by SimplifyJobs Summer2026; seeded by PittCSC Summer2026; seeded by local:internship_opportunities_2026-05-13.md; seeded by local:internship_opportunities_last_30_days_2026-05-13.md; seeded by local:internship_tracker_2026_05_27_opportunities.csv,Live official ATS scrape.
Official Greenhouse board,cloudflare,Technical Support Engineer Intern (Summer 2026),In-Office,,Customer Support,,,,2026-05-15T12:15:54-04:00,https://boards.greenhouse.io/cloudflare/jobs/7726977?gh_jid=7726977,https://job-boards.greenhouse.io/cloudflare,greenhouse,cloudflare,seeded by SimplifyJobs Summer2026; seeded by PittCSC Summer2026; seeded by local:internship_opportunities_2026-05-13.md; seeded by local:internship_opportunities_last_30_days_2026-05-13.md; seeded by local:internship_tracker_2026_05_27_opportunities.csv,Live official ATS scrape.
Official Greenhouse board,cloudflare,Threat Detection and Incident Response Intern (Summer 2026),In-Office,,Security,,,,2026-04-21T15:53:17-04:00,https://boards.greenhouse.io/cloudflare/jobs/7577205?gh_jid=7577205,https://job-boards.greenhouse.io/cloudflare,greenhouse,cloudflare,seeded by SimplifyJobs Summer2026; seeded by PittCSC Summer2026; seeded by local:internship_opportunities_2026-05-13.md; seeded by local:internship_opportunities_last_30_days_2026-05-13.md; seeded by local:internship_tracker_2026_05_27_opportunities.csv,Live official ATS scrape.
Official Greenhouse board,cloudsek,SDE - Backend - Intern,"Bengaluru, Karnataka, India",,Core Platform Engineering,,,,2026-05-26T06:30:30-04:00,https://job-boards.greenhouse.io/cloudsek/jobs/5766402004,https://job-boards.greenhouse.io/cloudsek,greenhouse,cloudsek,seeded by local:internship_opportunities_last_30_days_2026-05-13.md; seeded by local:internship_opportunities_2026-05-13.md; seeded by local:internship_tracker_2026_05_27_opportunities.csv,Live official ATS scrape.
Official Greenhouse board,cloudsek,SDE Intern - Frontend,"Bengaluru, Karnataka, India",,Core Platform Engineering,,,,2026-05-26T06:30:30-04:00,https://job-boards.greenhouse.io/cloudsek/jobs/5831215004,https://job-boards.greenhouse.io/cloudsek,greenhouse,cloudsek,seeded by local:internship_opportunities_last_30_days_2026-05-13.md; seeded by local:internship_opportunities_2026-05-13.md; seeded by local:internship_tracker_2026_05_27_opportunities.csv,Live official ATS scrape.
Official Ashby board,cluely,Engineering Intern,,Intern,,,,,2025-09-22T20:57:32.244+00:00,https://jobs.ashbyhq.com/cluely/89809243-a79a-4a8f-a394-8e8b12743108,https://jobs.ashbyhq.com/cluely,ashby,cluely,seeded by SimplifyJobs Summer2026; seeded by PittCSC Summer2026,Live official ATS scrape.
Official Ashby board,cohere,"Machine Learning Intern/Co-op (Fall, 2026)",,Intern,,,,,2026-05-13T17:16:14.014+00:00,https://jobs.ashbyhq.com/cohere/36d1f52f-8270-4652-adf5-5303a0ff341b,https://jobs.ashbyhq.com/cohere,ashby,cohere,seeded by PittCSC Summer2026; seeded by SimplifyJobs Summer2026,Live official ATS scrape.
Official Ashby board,cohere,"Research Internship (Fall, 2026)",,FullTime,,,,,2026-05-01T20:26:46.572+00:00,https://jobs.ashbyhq.com/cohere/73bd3e2b-6597-4124-b64b-1e5dbc32e785,https://jobs.ashbyhq.com/cohere,ashby,cohere,seeded by PittCSC Summer2026; seeded by SimplifyJobs Summer2026,Live official ATS scrape.
Official Ashby board,cohere,Research Internship Reinforcement Learning (Summer),,FullTime,,,,,2026-04-27T14:05:01.528+00:00,https://jobs.ashbyhq.com/cohere/a8c8bc3e-2fbc-43e0-8020-f7cf6078c525,https://jobs.ashbyhq.com/cohere,ashby,cohere,seeded by PittCSC Summer2026; seeded by SimplifyJobs Summer2026,Live official ATS scrape.
Official Ashby board,cohere,Software Engineer Intern (Fall / Winter 2026),,Intern,,,,,2026-05-01T20:20:40.899+00:00,https://jobs.ashbyhq.com/cohere/8c035d3d-081d-4c8a-914a-72f4efaad254,https://jobs.ashbyhq.com/cohere,ashby,cohere,seeded by PittCSC Summer2026; seeded by SimplifyJobs Summer2026,Live official ATS scrape.
Official Ashby board,compa,"Software Engineer, Intern",,FullTime,,,,,2026-05-05T00:53:11.575+00:00,https://jobs.ashbyhq.com/compa/4fd1ad65-040c-4740-aa05-c8170b9385ee,https://jobs.ashbyhq.com/compa,ashby,compa,seeded by SimplifyJobs Summer2026; seeded by PittCSC Summer2026,Live official ATS scrape.
SimplifyJobs Summer2026; PittCSC Summer2026; Official Greenhouse board,Constant Contact,Software Engineer Co-op,Remote in USA,,Software,Summer 2026; Fall 2026; Winter 2026,,Other,2026-04-30,https://job-boards.greenhouse.io/constantcontact/jobs/7862452,https://github.com/SimplifyJobs/Summer2026-Internships; https://github.com/pittcsc/Summer2026-Internships; https://job-boards.greenhouse.io/constantcontact,greenhouse,constantcontact,startup-heavy ATS/apply host; seeded by PittCSC Summer2026; seeded by SimplifyJobs Summer2026,Active listing in broad internship index; kept because apply host is startup-heavy.; Active listing in broad internship index; kept because apply host is startup-heavy.; Live official ATS scrape.
Official Ashby board,creatify,Software Engineer Intern 2026,,Intern,,,,,2026-03-18T06:33:23.897+00:00,https://jobs.ashbyhq.com/creatify/75a1f1ad-13d2-4513-952c-71b6dfcaa84f,https://jobs.ashbyhq.com/creatify,ashby,creatify,seeded by PittCSC Summer2026; seeded by SimplifyJobs Summer2026,Live official ATS scrape.
Official Greenhouse board,cresta,AI Quality Assurance Intern,"Toronto, Ontario",,,,,,2026-04-21T14:49:12-04:00,https://job-boards.greenhouse.io/cresta/jobs/5047247008,https://job-boards.greenhouse.io/cresta,greenhouse,cresta,seeded by PittCSC Summer2026; seeded by SimplifyJobs Summer2026,Live official ATS scrape.
SimplifyJobs Summer2026; PittCSC Summer2026; Official Greenhouse board,Cresta,Conversational Design Intern,"Toronto, ON, Canada",,AI/ML/Data,Summer 2026,,Other,2026-01-26,https://job-boards.greenhouse.io/cresta/jobs/4125376008,https://github.com/SimplifyJobs/Summer2026-Internships; https://github.com/pittcsc/Summer2026-Internships; https://job-boards.greenhouse.io/cresta,greenhouse,cresta,startup-heavy ATS/apply host; seeded by PittCSC Summer2026; seeded by SimplifyJobs Summer2026,Active listing in broad internship index; kept because apply host is startup-heavy.; Active listing in broad internship index; kept because apply host is startup-heavy.; Live official ATS scrape.
SimplifyJobs Summer2026; PittCSC Summer2026; Official Greenhouse board,Cresta,Forward Deployed Engineering Intern - AI Agent,Remote in Canada,,AI/ML/Data,Summer 2026,,Other,2026-02-03,https://job-boards.greenhouse.io/cresta/jobs/5106468008,https://github.com/SimplifyJobs/Summer2026-Internships; https://github.com/pittcsc/Summer2026-Internships; https://job-boards.greenhouse.io/cresta,greenhouse,cresta,startup-heavy ATS/apply host; seeded by PittCSC Summer2026; seeded by SimplifyJobs Summer2026,Active listing in broad internship index; kept because apply host is startup-heavy.; Active listing in broad internship index; kept because apply host is startup-heavy.; Live official ATS scrape.
Official Greenhouse board,cresta,Machine Learning Engineering Intern,Toronto Canada,,,,,,2026-04-21T14:49:12-04:00,https://job-boards.greenhouse.io/cresta/jobs/4123863008,https://job-boards.greenhouse.io/cresta,greenhouse,cresta,seeded by PittCSC Summer2026; seeded by SimplifyJobs Summer2026,Live official ATS scrape.
Official Greenhouse board,cresta,Product Design Intern for AI and Human Agents Platform,"Toronto, Canada",,,,,,2026-04-21T14:49:12-04:00,https://job-boards.greenhouse.io/cresta/jobs/4476000008,https://job-boards.greenhouse.io/cresta,greenhouse,cresta,seeded by PittCSC Summer2026; seeded by SimplifyJobs Summer2026,Live official ATS scrape.
Official Greenhouse board,cresta,Software Engineer Intern,Toronto Canada,,,,,,2026-05-06T11:26:00-04:00,https://job-boards.greenhouse.io/cresta/jobs/4123841008,https://job-boards.greenhouse.io/cresta,greenhouse,cresta,seeded by PittCSC Summer2026; seeded by SimplifyJobs Summer2026,Live official ATS scrape.
Official Ashby board,d-Matrix,ASIC Functional Test Engineering Intern,,Intern,,,,,2026-05-21T21:56:50.527+00:00,https://jobs.ashbyhq.com/d-Matrix/5e90beb2-1c51-4daa-8739-7ad7d1f83f79,https://jobs.ashbyhq.com/d-Matrix,ashby,d-Matrix,seeded by SimplifyJobs Summer2026; seeded by PittCSC Summer2026,Live official ATS scrape.
Official Ashby board,d-Matrix,Machine Learning Research Intern,,Intern,,,,,2026-01-27T00:32:43.607+00:00,https://jobs.ashbyhq.com/d-Matrix/7d2b7609-00fb-4a74-aa74-61508434ec93,https://jobs.ashbyhq.com/d-Matrix,ashby,d-Matrix,seeded by SimplifyJobs Summer2026; seeded by PittCSC Summer2026,Live official ATS scrape.
Official Ashby board,d-Matrix,Manufacturing Engineering Intern – PCB,,Intern,,,,,2026-04-30T21:02:01.918+00:00,https://jobs.ashbyhq.com/d-Matrix/a3eedfb9-31e9-46e9-96f8-d57c17f3ca05,https://jobs.ashbyhq.com/d-Matrix,ashby,d-Matrix,seeded by SimplifyJobs Summer2026; seeded by PittCSC Summer2026,Live official ATS scrape.
Official Ashby board,d-Matrix,Runtime Engineering Intern,,Intern,,,,,2026-01-22T22:29:06.949+00:00,https://jobs.ashbyhq.com/d-Matrix/0368acbe-e794-4aa4-8042-f3ced533a73a,https://jobs.ashbyhq.com/d-Matrix,ashby,d-Matrix,seeded by SimplifyJobs Summer2026; seeded by PittCSC Summer2026,Live official ATS scrape.
Official Ashby board,d-Matrix,Software Engineering Intern - Kernels,,Intern,,,,,2026-02-24T22:28:48.508+00:00,https://jobs.ashbyhq.com/d-Matrix/a7010650-8d5d-4b89-8126-152abd02726a,https://jobs.ashbyhq.com/d-Matrix,ashby,d-Matrix,seeded by SimplifyJobs Summer2026; seeded by PittCSC Summer2026,Live official ATS scrape.
SimplifyJobs Summer2026; PittCSC Summer2026; Official Greenhouse board,DiDi Global,Software Engineer Intern - Simulation,"San Jose, CA",,Hardware,Summer 2026,,Other,2026-05-08,https://job-boards.greenhouse.io/didi/jobs/7906174,https://github.com/SimplifyJobs/Summer2026-Internships; https://github.com/pittcsc/Summer2026-Internships; https://job-boards.greenhouse.io/didi,greenhouse,didi,startup-heavy ATS/apply host; seeded by PittCSC Summer2026; seeded by SimplifyJobs Summer2026,Active listing in broad internship index; kept because apply host is startup-heavy.; Active listing in broad internship index; kept because apply host is startup-heavy.; Live official ATS scrape.
SimplifyJobs Summer2026; PittCSC Summer2026; Official Greenhouse board,Doctors Without Borders,Data Science Intern,"New York, NY",,"Data Science, AI & Machine Learning",Summer 2026,,Other,2026-03-30,https://job-boards.greenhouse.io/msfcareers/jobs/4993728008,https://github.com/SimplifyJobs/Summer2026-Internships; https://github.com/pittcsc/Summer2026-Internships; https://job-boards.greenhouse.io/msfcareers,greenhouse,msfcareers,startup-heavy ATS/apply host; seeded by PittCSC Summer2026; seeded by SimplifyJobs Summer2026,Active listing in broad internship index; kept because apply host is startup-heavy.; Active listing in broad internship index; kept because apply host is startup-heavy.; Live official ATS scrape.
Official Greenhouse board,docugami,Data Science Graduate Student Intern,France,,Research & Development,,,,2026-05-15T12:44:33-04:00,https://job-boards.greenhouse.io/docugami/jobs/6639057003,https://job-boards.greenhouse.io/docugami,greenhouse,docugami,seeded by SimplifyJobs Summer2026; seeded by PittCSC Summer2026,Live official ATS scrape.
SimplifyJobs Summer2026; PittCSC Summer2026; Official Greenhouse board,Docugami,Data Science PhD Intern,"Kirkland, WA",,AI/ML/Data,Winter 2025,,Other,2025-11-07,https://job-boards.greenhouse.io/docugami/jobs/4192122003,https://github.com/SimplifyJobs/Summer2026-Internships; https://github.com/pittcsc/Summer2026-Internships; https://job-boards.greenhouse.io/docugami,greenhouse,docugami,startup-heavy ATS/apply host; seeded by SimplifyJobs Summer2026; seeded by PittCSC Summer2026,Active listing in broad internship index; kept because apply host is startup-heavy.; Active listing in broad internship index; kept because apply host is startup-heavy.; Live official ATS scrape.
SimplifyJobs Summer2026; PittCSC Summer2026; Official Greenhouse board,Docugami,Software Engineer Intern,"Kirkland, WA",,Software,Summer 2026,,Other,2026-05-15,https://job-boards.greenhouse.io/docugami/jobs/4014838003,https://github.com/SimplifyJobs/Summer2026-Internships; https://github.com/pittcsc/Summer2026-Internships; https://job-boards.greenhouse.io/docugami,greenhouse,docugami,startup-heavy ATS/apply host; seeded by SimplifyJobs Summer2026; seeded by PittCSC Summer2026,Active listing in broad internship index; kept because apply host is startup-heavy.; Active listing in broad internship index; kept because apply host is startup-heavy.; Live official ATS scrape.
Official Lever board,dodmg,"Mechanical Assembly, Integration and Test Intern","Malibu, CA",Intern,Sensors & Electronics,,,,1778189603966,https://jobs.lever.co/dodmg/cb7099eb-ec49-4846-a665-a50496a7ad66,https://jobs.lever.co/dodmg,lever,dodmg,seeded by SimplifyJobs Summer2026; seeded by PittCSC Summer2026,Live official ATS scrape.
Official Greenhouse board,doubleverify,DevOps Engineering Intern,Ghent-Belgium,,Technology,,,,2026-05-13T16:39:57-04:00,https://job-boards.greenhouse.io/doubleverify/jobs/8452592002,https://job-boards.greenhouse.io/doubleverify,greenhouse,doubleverify,seeded by SimplifyJobs Summer2026; seeded by PittCSC Summer2026,Live official ATS scrape.
SimplifyJobs Summer2026; PittCSC Summer2026; Official Greenhouse board,DoubleVerify,Software Engineer Intern,NYC,,Software,Summer 2026,,Other,2026-03-23,https://job-boards.greenhouse.io/doubleverify/jobs/8464443002,https://github.com/SimplifyJobs/Summer2026-Internships; https://github.com/pittcsc/Summer2026-Internships; https://job-boards.greenhouse.io/doubleverify,greenhouse,doubleverify,startup-heavy ATS/apply host; seeded by SimplifyJobs Summer2026; seeded by PittCSC Summer2026,Active listing in broad internship index; kept because apply host is startup-heavy.; Active listing in broad internship index; kept because apply host is startup-heavy.; Live official ATS scrape.
Official Greenhouse board,doubleverify,Software Engineering Intern,Ghent-Belgium,,2026 Internships,,,,2026-05-13T16:39:57-04:00,https://job-boards.greenhouse.io/doubleverify/jobs/8452605002,https://job-boards.greenhouse.io/doubleverify,greenhouse,doubleverify,seeded by SimplifyJobs Summer2026; seeded by PittCSC Summer2026,Live official ATS scrape.
Official Lever board,drivetrain,Engineering Intern – Gen AI for FP&A Platform,United States,Internship,Engineering,,,,1749400323876,https://jobs.lever.co/drivetrain/7266784e-530b-4eb5-a61b-b09557f6e98d,https://jobs.lever.co/drivetrain,lever,drivetrain,seeded by SimplifyJobs Summer2026; seeded by PittCSC Summer2026; seeded by local:internship_tracker_2026_05_27_opportunities.csv; seeded by local:internship_opportunities_2026-05-13.md,Live official ATS scrape.
Official Lever board,drivetrain,Engineering Intern – Gen AI for FP&A Platform,India,Internship,Engineering,,,,1749400158123,https://jobs.lever.co/drivetrain/bc1c17bc-86ac-4f00-a1e3-0eb85aae4fdc,https://jobs.lever.co/drivetrain,lever,drivetrain,seeded by SimplifyJobs Summer2026; seeded by PittCSC Summer2026; seeded by local:internship_tracker_2026_05_27_opportunities.csv; seeded by local:internship_opportunities_2026-05-13.md,Live official ATS scrape.
Official Lever board,drivetrain,Quality Assurance Engineering (QAE) - Intern,India,Internship,Engineering,,,,1718001482883,https://jobs.lever.co/drivetrain/edb8a8f7-16ac-4177-bf2e-99c36ab47d5f,https://jobs.lever.co/drivetrain,lever,drivetrain,seeded by SimplifyJobs Summer2026; seeded by PittCSC Summer2026; seeded by local:internship_tracker_2026_05_27_opportunities.csv; seeded by local:internship_opportunities_2026-05-13.md,Live official ATS scrape.
SimplifyJobs Summer2026; PittCSC Summer2026; Official Greenhouse board,DRW Holdings,Software Developer Intern - Industrial Placement,"London, UK",,Software,Winter 2025,,Other,2025-10-30,https://job-boards.greenhouse.io/drwuniversityjobs/jobs/7364884,https://github.com/SimplifyJobs/Summer2026-Internships; https://github.com/pittcsc/Summer2026-Internships; https://job-boards.greenhouse.io/drwuniversityjobs,greenhouse,drwuniversityjobs,startup-heavy ATS/apply host; seeded by PittCSC Summer2026; seeded by SimplifyJobs Summer2026,Active listing in broad internship index; kept because apply host is startup-heavy.; Active listing in broad internship index; kept because apply host is startup-heavy.; Live official ATS scrape.
Official Ashby board,dryft,Full-Stack Engineering Intern,,FullTime,,,,,2026-02-05T02:56:55.170+00:00,https://jobs.ashbyhq.com/dryft/3f1c261d-9b65-412b-9f17-34b8968bdd78,https://jobs.ashbyhq.com/dryft,ashby,dryft,seeded by PittCSC Summer2026; seeded by SimplifyJobs Summer2026,Live official ATS scrape.
SimplifyJobs Summer2026; PittCSC Summer2026; Official Greenhouse board,DV Trading,2026 Summer Internship - Trading - DV Equities,"London, UK",,Quant,Summer 2026,,Other,2025-12-02,https://job-boards.greenhouse.io/dvtrading/jobs/4634788005,https://github.com/SimplifyJobs/Summer2026-Internships; https://github.com/pittcsc/Summer2026-Internships; https://job-boards.greenhouse.io/dvtrading,greenhouse,dvtrading,startup-heavy ATS/apply host; seeded by SimplifyJobs Summer2026; seeded by PittCSC Summer2026,Active listing in broad internship index; kept because apply host is startup-heavy.; Active listing in broad internship index; kept because apply host is startup-heavy.; Live official ATS scrape.
SimplifyJobs Summer2026; PittCSC Summer2026; Official Greenhouse board,EarnIn,Machine Learning Intern,"Mountain View, CA",,AI/ML/Data,Summer 2026,,Other,2026-04-08,https://job-boards.greenhouse.io/earnin/jobs/7770051,https://github.com/SimplifyJobs/Summer2026-Internships; https://github.com/pittcsc/Summer2026-Internships; https://job-boards.greenhouse.io/earnin,greenhouse,earnin,startup-heavy ATS/apply host; seeded by PittCSC Summer2026; seeded by SimplifyJobs Summer2026,Active listing in broad internship index; kept because apply host is startup-heavy.; Active listing in broad internship index; kept because apply host is startup-heavy.; Live official ATS scrape.
SimplifyJobs Summer2026; PittCSC Summer2026; Official Greenhouse board,EarnIn,Mobile Engineer Intern - iOS,"Mountain View, CA",,Software,Summer 2026,,Other,2026-04-08,https://job-boards.greenhouse.io/earnin/jobs/7773844,https://github.com/SimplifyJobs/Summer2026-Internships; https://github.com/pittcsc/Summer2026-Internships; https://job-boards.greenhouse.io/earnin,greenhouse,earnin,startup-heavy ATS/apply host; seeded by PittCSC Summer2026; seeded by SimplifyJobs Summer2026,Active listing in broad internship index; kept because apply host is startup-heavy.; Active listing in broad internship index; kept because apply host is startup-heavy.; Live official ATS scrape.
SimplifyJobs Summer2026; PittCSC Summer2026; Official Ashby board,Eight Sleep,AI/ML Research Internship,"San Francisco, CA",FullTime,"Data Science, AI & Machine Learning",Summer 2026,,Other,2025-10-09,https://jobs.ashbyhq.com/eightsleep/b6c2e6f6-eadd-4d67-93e9-1426be4f2035,https://github.com/SimplifyJobs/Summer2026-Internships; https://github.com/pittcsc/Summer2026-Internships; https://jobs.ashbyhq.com/eightsleep,ashby,eightsleep,startup-heavy ATS/apply host; seeded by PittCSC Summer2026; seeded by SimplifyJobs Summer2026,Active listing in broad internship index; kept because apply host is startup-heavy.; Active listing in broad internship index; kept because apply host is startup-heavy.; Live official ATS scrape.
Official Lever board,ekimetrics,6 months Internship in Strategy & Data Science | New York,New York,Internship,Data Science & AI,,,,1540817875074,https://jobs.lever.co/ekimetrics/d8f0b664-ad5b-4111-a1dc-a8143934bf24,https://jobs.lever.co/ekimetrics,lever,ekimetrics,seeded by PittCSC Summer2026; seeded by SimplifyJobs Summer2026,Live official ATS scrape.
Official Lever board,ekimetrics,Business Scientist Internship (6-month full-time) - Hong Kong - July 2026,Hong Kong,Full Time Contract,Data Science & AI,,,,1727684118511,https://jobs.lever.co/ekimetrics/c7a0112a-4228-416f-8dd0-ff65fd0e87cc,https://jobs.lever.co/ekimetrics,lever,ekimetrics,seeded by PittCSC Summer2026; seeded by SimplifyJobs Summer2026,Live official ATS scrape.
Official Lever board,ekimetrics,Strategy & Data Science Internship - Shanghai,Shanghai,Part Time Internship,Data Science & AI,,,,1770273643566,https://jobs.lever.co/ekimetrics/41495c5a-ce21-48b9-8afc-70c968822b42,https://jobs.lever.co/ekimetrics,lever,ekimetrics,seeded by PittCSC Summer2026; seeded by SimplifyJobs Summer2026,Live official ATS scrape.
Official Lever board,endpointclinical,AI Intern,Remote US,I - Intern,530 G&A - Product Engineering (Automation Engineering),,,,1774933070685,https://jobs.lever.co/endpointclinical/d8e94671-b722-4bd9-94a6-c0f27008acbf,https://jobs.lever.co/endpointclinical,lever,endpointclinical,seeded by SimplifyJobs Summer2026; seeded by PittCSC Summer2026,Live official ATS scrape.
SimplifyJobs Summer2026; PittCSC Summer2026; Official Greenhouse board,EnergyHub,Engineer Intern - Commercial & Industrial,"Brooklyn, NY",,AI/ML/Data,Summer 2026,,Other,2026-05-08,https://job-boards.greenhouse.io/energyhub/jobs/8524848002,https://github.com/SimplifyJobs/Summer2026-Internships; https://github.com/pittcsc/Summer2026-Internships; https://job-boards.greenhouse.io/energyhub,greenhouse,energyhub,startup-heavy ATS/apply host; seeded by PittCSC Summer2026; seeded by SimplifyJobs Summer2026,Active listing in broad internship index; kept because apply host is startup-heavy.; Active listing in broad internship index; kept because apply host is startup-heavy.; Live official ATS scrape.
SimplifyJobs Summer2026; PittCSC Summer2026; Official Greenhouse board,EnergyHub,Engineering Intern,"Brooklyn, NY",,AI/ML/Data,Summer 2026,,Other,2026-05-04,https://job-boards.greenhouse.io/energyhub/jobs/8523607002,https://github.com/SimplifyJobs/Summer2026-Internships; https://github.com/pittcsc/Summer2026-Internships; https://job-boards.greenhouse.io/energyhub,greenhouse,energyhub,startup-heavy ATS/apply host; seeded by PittCSC Summer2026; seeded by SimplifyJobs Summer2026,Active listing in broad internship index; kept because apply host is startup-heavy.; Active listing in broad internship index; kept because apply host is startup-heavy.; Live official ATS scrape.
SimplifyJobs Summer2026; PittCSC Summer2026; Official Greenhouse board,EnergyHub,Engineering Intern,"Brooklyn, NY",,Software,Summer 2026; Fall 2026; Winter 2026,,Other,2026-05-06,https://job-boards.greenhouse.io/energyhub/jobs/8524847002,https://github.com/SimplifyJobs/Summer2026-Internships; https://github.com/pittcsc/Summer2026-Internships; https://job-boards.greenhouse.io/energyhub,greenhouse,energyhub,startup-heavy ATS/apply host; seeded by PittCSC Summer2026; seeded by SimplifyJobs Summer2026,Active listing in broad internship index; kept because apply host is startup-heavy.; Active listing in broad internship index; kept because apply host is startup-heavy.; Live official ATS scrape.
Official Greenhouse board,energyhub,Solutions Engineering intern,Remote - United States,,Customer Support,,,,2026-05-21T16:46:28-04:00,https://job-boards.greenhouse.io/energyhub/jobs/8560473002,https://job-boards.greenhouse.io/energyhub,greenhouse,energyhub,seeded by PittCSC Summer2026; seeded by SimplifyJobs Summer2026,Live official ATS scrape.
Official Ashby board,espa,Software Engineer INTERN,,FullTime,,,,,2025-11-11T20:08:33.315+00:00,https://jobs.ashbyhq.com/espa/6fa2d441-971f-44c4-9a4e-3304ea041cc8,https://jobs.ashbyhq.com/espa,ashby,espa,seeded by local:internship_opportunities_last_30_days_2026-05-13.md; seeded by local:internship_tracker_2026_05_27_opportunities.csv,Live official ATS scrape.
Official Ashby board,Etched,Chip Simulation Software Intern,,Intern,,,,,2026-05-19T22:27:54.640+00:00,https://jobs.ashbyhq.com/Etched/27e5bd6b-9357-45f0-9e79-cfa2bf4eeba8,https://jobs.ashbyhq.com/Etched,ashby,Etched,seeded by SimplifyJobs Summer2026; seeded by PittCSC Summer2026,Live official ATS scrape.
Official Ashby board,etched,Chip Simulation Software Intern,,Intern,,,,,2026-05-19T22:27:54.640+00:00,https://jobs.ashbyhq.com/etched/27e5bd6b-9357-45f0-9e79-cfa2bf4eeba8,https://jobs.ashbyhq.com/etched,ashby,etched,seeded by SimplifyJobs Summer2026; seeded by PittCSC Summer2026,Live official ATS scrape.
Official Ashby board,Etched,Electrical Platform Intern,,Intern,,,,,2026-02-07T01:29:58.073+00:00,https://jobs.ashbyhq.com/Etched/904ddf46-55fc-4a8f-8b49-f32cfe88116a,https://jobs.ashbyhq.com/Etched,ashby,Etched,seeded by SimplifyJobs Summer2026; seeded by PittCSC Summer2026,Live official ATS scrape.
Official Ashby board,etched,Electrical Platform Intern,,Intern,,,,,2026-02-07T01:29:58.073+00:00,https://jobs.ashbyhq.com/etched/904ddf46-55fc-4a8f-8b49-f32cfe88116a,https://jobs.ashbyhq.com/etched,ashby,etched,seeded by SimplifyJobs Summer2026; seeded by PittCSC Summer2026,Live official ATS scrape.
Official Ashby board,Etched,Firmware Intern,,Intern,,,,,2026-02-07T01:19:52.199+00:00,https://jobs.ashbyhq.com/Etched/699f3ab2-07e4-466c-9d76-3d4a3abb4ebc,https://jobs.ashbyhq.com/Etched,ashby,Etched,seeded by SimplifyJobs Summer2026; seeded by PittCSC Summer2026,Live official ATS scrape.
Official Ashby board,etched,Firmware Intern,,Intern,,,,,2026-02-07T01:19:52.199+00:00,https://jobs.ashbyhq.com/etched/699f3ab2-07e4-466c-9d76-3d4a3abb4ebc,https://jobs.ashbyhq.com/etched,ashby,etched,seeded by SimplifyJobs Summer2026; seeded by PittCSC Summer2026,Live official ATS scrape.
Official Ashby board,Etched,Infrastructure Intern,,Intern,,,,,2026-02-07T01:19:55.379+00:00,https://jobs.ashbyhq.com/Etched/1b073af4-6764-45ca-a22d-40a4823f0877,https://jobs.ashbyhq.com/Etched,ashby,Etched,seeded by SimplifyJobs Summer2026; seeded by PittCSC Summer2026,Live official ATS scrape.
Official Ashby board,etched,Infrastructure Intern,,Intern,,,,,2026-02-07T01:19:55.379+00:00,https://jobs.ashbyhq.com/etched/1b073af4-6764-45ca-a22d-40a4823f0877,https://jobs.ashbyhq.com/etched,ashby,etched,seeded by SimplifyJobs Summer2026; seeded by PittCSC Summer2026,Live official ATS scrape.
Official Ashby board,Etched,Thermo-Mech CFD Simulation Intern,,FullTime,,,,,2026-04-24T18:17:33.689+00:00,https://jobs.ashbyhq.com/Etched/11aedfd6-8321-45af-b71e-492ea7ed3fff,https://jobs.ashbyhq.com/Etched,ashby,Etched,seeded by SimplifyJobs Summer2026; seeded by PittCSC Summer2026,Live official ATS scrape.
Official Ashby board,etched,Thermo-Mech CFD Simulation Intern,,FullTime,,,,,2026-04-24T18:17:33.689+00:00,https://jobs.ashbyhq.com/etched/11aedfd6-8321-45af-b71e-492ea7ed3fff,https://jobs.ashbyhq.com/etched,ashby,etched,seeded by SimplifyJobs Summer2026; seeded by PittCSC Summer2026,Live official ATS scrape.
Official Ashby board,ether.fi,Intern GTM Engineer,,FullTime,,,,,2026-04-22T18:10:48.574+00:00,https://jobs.ashbyhq.com/ether.fi/6dcb712c-8fe5-4725-ad6a-0e9771af22cb,https://jobs.ashbyhq.com/ether.fi,ashby,ether.fi,seeded by PittCSC Summer2026; seeded by SimplifyJobs Summer2026,Live official ATS scrape.
SimplifyJobs Summer2026; PittCSC Summer2026; Official Greenhouse board,Eulerity,Android Developer Intern,NYC,,Software,Summer 2026,,Other,2026-04-07,https://job-boards.greenhouse.io/eulerity/jobs/4671031006,https://github.com/SimplifyJobs/Summer2026-Internships; https://github.com/pittcsc/Summer2026-Internships; https://job-boards.greenhouse.io/eulerity,greenhouse,eulerity,startup-heavy ATS/apply host; seeded by PittCSC Summer2026; seeded by SimplifyJobs Summer2026,Active listing in broad internship index; kept because apply host is startup-heavy.; Active listing in broad internship index; kept because apply host is startup-heavy.; Live official ATS scrape.
SimplifyJobs Summer2026; PittCSC Summer2026; Official Greenhouse board,Eulerity,Backend Developer Intern,NYC,,Software,Summer 2026,,Other,2026-03-25,https://job-boards.greenhouse.io/eulerity/jobs/4666015006,https://github.com/SimplifyJobs/Summer2026-Internships; https://github.com/pittcsc/Summer2026-Internships; https://job-boards.greenhouse.io/eulerity,greenhouse,eulerity,startup-heavy ATS/apply host; seeded by PittCSC Summer2026; seeded by SimplifyJobs Summer2026,Active listing in broad internship index; kept because apply host is startup-heavy.; Active listing in broad internship index; kept because apply host is startup-heavy.; Live official ATS scrape.
SimplifyJobs Summer2026; PittCSC Summer2026; Official Greenhouse board,Eulerity,Mobile iOS Developer Intern,NYC,,Software,Summer 2026,,Other,2026-04-07,https://job-boards.greenhouse.io/eulerity/jobs/4671025006,https://github.com/SimplifyJobs/Summer2026-Internships; https://github.com/pittcsc/Summer2026-Internships; https://job-boards.greenhouse.io/eulerity,greenhouse,eulerity,startup-heavy ATS/apply host; seeded by PittCSC Summer2026; seeded by SimplifyJobs Summer2026,Active listing in broad internship index; kept because apply host is startup-heavy.; Active listing in broad internship index; kept because apply host is startup-heavy.; Live official ATS scrape.
Official Greenhouse board,eulerity,"Technical Operations Intern, Summer 2026","New York, NY",,Technical Account Managment,,,,2026-05-08T16:04:45-04:00,https://job-boards.greenhouse.io/eulerity/jobs/4680363006,https://job-boards.greenhouse.io/eulerity,greenhouse,eulerity,seeded by PittCSC Summer2026; seeded by SimplifyJobs Summer2026,Live official ATS scrape.
SimplifyJobs Summer2026; PittCSC Summer2026; Official Greenhouse board,Everlaw,GTM Data Analyst Intern,"Oakland, CA",,AI/ML/Data,Summer 2026,,Other,2026-05-02,https://job-boards.greenhouse.io/everlaw/jobs/4676925006,https://github.com/SimplifyJobs/Summer2026-Internships; https://github.com/pittcsc/Summer2026-Internships; https://job-boards.greenhouse.io/everlaw,greenhouse,everlaw,startup-heavy ATS/apply host; seeded by PittCSC Summer2026; seeded by SimplifyJobs Summer2026,Active listing in broad internship index; kept because apply host is startup-heavy.; Active listing in broad internship index; kept because apply host is startup-heavy.; Live official ATS scrape.
SimplifyJobs Summer2026; PittCSC Summer2026; Official Greenhouse board,Faire,Data Science Intern,"Toronto, ON, Canada; Kitchener, ON, Canada; SF",,AI/ML/Data,Spring 2026,,Other,2026-01-15,https://boards.greenhouse.io/faire/jobs/8376377002,https://github.com/SimplifyJobs/Summer2026-Internships; https://github.com/pittcsc/Summer2026-Internships; https://job-boards.greenhouse.io/faire,greenhouse,faire,startup-heavy ATS/apply host; seeded by SimplifyJobs Summer2026; seeded by PittCSC Summer2026,Active listing in broad internship index; kept because apply host is startup-heavy.; Active listing in broad internship index; kept because apply host is startup-heavy.; Live official ATS scrape.
SimplifyJobs Summer2026; PittCSC Summer2026; Official Greenhouse board,Figure,Electrical Interconnect Engineering Intern,"San Jose, CA",,Hardware,Fall 2026,,Other,2026-04-27,https://job-boards.greenhouse.io/figureai/jobs/4676468006,https://github.com/SimplifyJobs/Summer2026-Internships; https://github.com/pittcsc/Summer2026-Internships; https://job-boards.greenhouse.io/figureai,greenhouse,figureai,startup-heavy ATS/apply host; seeded by PittCSC Summer2026; seeded by SimplifyJobs Summer2026,Active listing in broad internship index; kept because apply host is startup-heavy.; Active listing in broad internship index; kept because apply host is startup-heavy.; Live official ATS scrape.
SimplifyJobs Summer2026; PittCSC Summer2026; Official Greenhouse board,Figure,Embedded Software Intern,"San Jose, CA",,Hardware,Summer 2026,,Other,2025-12-03,https://job-boards.greenhouse.io/figureai/jobs/4397706006,https://github.com/SimplifyJobs/Summer2026-Internships; https://github.com/pittcsc/Summer2026-Internships; https://job-boards.greenhouse.io/figureai,greenhouse,figureai,startup-heavy ATS/apply host; seeded by PittCSC Summer2026; seeded by SimplifyJobs Summer2026,Active listing in broad internship index; kept because apply host is startup-heavy.; Active listing in broad internship index; kept because apply host is startup-heavy.; Live official ATS scrape.
Official Greenhouse board,figureai,Electrical Engineering Intern [Fall 2026],"San Jose, CA",,Electrical,,,,2026-04-25T09:37:55-04:00,https://job-boards.greenhouse.io/figureai/jobs/4676467006,https://job-boards.greenhouse.io/figureai,greenhouse,figureai,seeded by PittCSC Summer2026; seeded by SimplifyJobs Summer2026,Live official ATS scrape.
Official Ashby board,fizz,Software Engineering Intern (Summer 2026),,Intern,,,,,2025-12-19T20:49:41.434+00:00,https://jobs.ashbyhq.com/fizz/c33b0bb7-d87f-4666-8622-36604fe10b20,https://jobs.ashbyhq.com/fizz,ashby,fizz,seeded by PittCSC Summer2026; seeded by SimplifyJobs Summer2026,Live official ATS scrape.
SimplifyJobs Summer2026; PittCSC Summer2026; Official Greenhouse board,Flagship Pioneering,Data Science Intern/Co-op,"Cambridge, MA",,AI/ML/Data,Summer 2026,,Other,2026-03-29,https://job-boards.greenhouse.io/fspco-op012325/jobs/8480502002,https://github.com/SimplifyJobs/Summer2026-Internships; https://github.com/pittcsc/Summer2026-Internships; https://job-boards.greenhouse.io/fspco-op012325,greenhouse,fspco-op012325,startup-heavy ATS/apply host; seeded by SimplifyJobs Summer2026; seeded by PittCSC Summer2026,Active listing in broad internship index; kept because apply host is startup-heavy.; Active listing in broad internship index; kept because apply host is startup-heavy.; Live official ATS scrape.
SimplifyJobs Summer2026; PittCSC Summer2026; Official Greenhouse board,Flagship Pioneering,Pioneering Intelligence Machine Learning Co-Op,"Cambridge, MA",,AI/ML/Data,Summer 2026,,Other,2026-04-27,https://job-boards.greenhouse.io/fspco-op012325/jobs/8524868002,https://github.com/SimplifyJobs/Summer2026-Internships; https://github.com/pittcsc/Summer2026-Internships; https://job-boards.greenhouse.io/fspco-op012325,greenhouse,fspco-op012325,startup-heavy ATS/apply host; seeded by SimplifyJobs Summer2026; seeded by PittCSC Summer2026,Active listing in broad internship index; kept because apply host is startup-heavy.; Active listing in broad internship index; kept because apply host is startup-heavy.; Live official ATS scrape.
SimplifyJobs Summer2026; PittCSC Summer2026; Official Greenhouse board,Fortera,Project Engineering Intern,"San Jose, CA",,AI/ML/Data,Summer 2026,,Other,2026-03-18,https://job-boards.greenhouse.io/forteracorporation/jobs/4671378005,https://github.com/SimplifyJobs/Summer2026-Internships; https://github.com/pittcsc/Summer2026-Internships; https://job-boards.greenhouse.io/forteracorporation,greenhouse,forteracorporation,startup-heavy ATS/apply host; seeded by PittCSC Summer2026; seeded by SimplifyJobs Summer2026,Active listing in broad internship index; kept because apply host is startup-heavy.; Active listing in broad internship index; kept because apply host is startup-heavy.; Live official ATS scrape.
Official Greenhouse board,fspco-op012325,Computational Biology/Machine Learning Co-Op,"Cambridge, MA USA",,Co-Ops & Internships,,,,2026-05-18T09:08:44-04:00,https://job-boards.greenhouse.io/fspco-op012325/jobs/8419046002,https://job-boards.greenhouse.io/fspco-op012325,greenhouse,fspco-op012325,seeded by SimplifyJobs Summer2026; seeded by PittCSC Summer2026,Live official ATS scrape.
Official Greenhouse board,fspco-op012325,"FL101: Research Co-op, Cell–Cell Interaction & Functional Genomics","Cambridge, MA USA",,Co-Ops & Internships,,,,2026-05-22T07:24:54-04:00,https://job-boards.greenhouse.io/fspco-op012325/jobs/8495103002,https://job-boards.greenhouse.io/fspco-op012325,greenhouse,fspco-op012325,seeded by SimplifyJobs Summer2026; seeded by PittCSC Summer2026,Live official ATS scrape.
SimplifyJobs Summer2026; PittCSC Summer2026; Official Greenhouse board,Gelber Group,Backoffice Engineering Intern,"Chicago, IL",,Software,Summer 2026,,Other,2026-02-24,https://job-boards.greenhouse.io/gelberhandshake/jobs/4657274006,https://github.com/SimplifyJobs/Summer2026-Internships; https://github.com/pittcsc/Summer2026-Internships; https://job-boards.greenhouse.io/gelberhandshake,greenhouse,gelberhandshake,startup-heavy ATS/apply host; seeded by PittCSC Summer2026; seeded by SimplifyJobs Summer2026,Active listing in broad internship index; kept because apply host is startup-heavy.; Active listing in broad internship index; kept because apply host is startup-heavy.; Live official ATS scrape.
SimplifyJobs Summer2026; PittCSC Summer2026; Official Greenhouse board,Gelber Group,Software Engineer Intern - Technical Operations Team,"Chicago, IL",,Software,Summer 2026,,Other,2026-04-29,https://job-boards.greenhouse.io/gelbergroup/jobs/4652887006,https://github.com/SimplifyJobs/Summer2026-Internships; https://github.com/pittcsc/Summer2026-Internships; https://job-boards.greenhouse.io/gelbergroup,greenhouse,gelbergroup,startup-heavy ATS/apply host; seeded by PittCSC Summer2026; seeded by SimplifyJobs Summer2026,Active listing in broad internship index; kept because apply host is startup-heavy.; Active listing in broad internship index; kept because apply host is startup-heavy.; Live official ATS scrape.
SimplifyJobs Summer2026; PittCSC Summer2026; Official Greenhouse board,Gelber Group,Software Engineering Intern - Backoffice Team,"Chicago, IL",,Software,Summer 2026,,Other,2026-04-29,https://job-boards.greenhouse.io/gelbergroup/jobs/4657272006,https://github.com/SimplifyJobs/Summer2026-Internships; https://github.com/pittcsc/Summer2026-Internships; https://job-boards.greenhouse.io/gelbergroup,greenhouse,gelbergroup,startup-heavy ATS/apply host; seeded by PittCSC Summer2026; seeded by SimplifyJobs Summer2026,Active listing in broad internship index; kept because apply host is startup-heavy.; Active listing in broad internship index; kept because apply host is startup-heavy.; Live official ATS scrape.
SimplifyJobs Summer2026; PittCSC Summer2026; Official Greenhouse board,Gelber Group,Technical Operations Intern,"Chicago, IL",,Software,Summer 2026,,Other,2026-02-13,https://job-boards.greenhouse.io/gelberhandshake/jobs/4652889006,https://github.com/SimplifyJobs/Summer2026-Internships; https://github.com/pittcsc/Summer2026-Internships; https://job-boards.greenhouse.io/gelberhandshake,greenhouse,gelberhandshake,startup-heavy ATS/apply host; seeded by PittCSC Summer2026; seeded by SimplifyJobs Summer2026,Active listing in broad internship index; kept because apply host is startup-heavy.; Active listing in broad internship index; kept because apply host is startup-heavy.; Live official ATS scrape.
SimplifyJobs Summer2026; PittCSC Summer2026; Official Greenhouse board,Gelber Group,Trading Intern,"Boston, MA",,Quant,Summer 2026,,Other,2026-05-07,https://job-boards.greenhouse.io/gelbergroup/jobs/4679858006,https://github.com/SimplifyJobs/Summer2026-Internships; https://github.com/pittcsc/Summer2026-Internships; https://job-boards.greenhouse.io/gelbergroup,greenhouse,gelbergroup,startup-heavy ATS/apply host; seeded by PittCSC Summer2026; seeded by SimplifyJobs Summer2026,Active listing in broad internship index; kept because apply host is startup-heavy.; Active listing in broad internship index; kept because apply host is startup-heavy.; Live official ATS scrape.
SimplifyJobs Summer2026; PittCSC Summer2026; Official Greenhouse board,GenScript,AI Researcher Intern,Remote in USA,,AI/ML/Data,Summer 2026,,Other,2026-05-15,https://job-boards.greenhouse.io/genscript/jobs/5138842007,https://github.com/SimplifyJobs/Summer2026-Internships; https://github.com/pittcsc/Summer2026-Internships; https://job-boards.greenhouse.io/genscript,greenhouse,genscript,startup-heavy ATS/apply host; seeded by PittCSC Summer2026; seeded by SimplifyJobs Summer2026,Active listing in broad internship index; kept because apply host is startup-heavy.; Active listing in broad internship index; kept because apply host is startup-heavy.; Live official ATS scrape.
Official Greenhouse board,genscript,Quality Assurance (QA) Intern,"Redmond, Washington, United States",,R&D,,,,2026-05-07T14:27:39-04:00,https://job-boards.greenhouse.io/genscript/jobs/5126452007,https://job-boards.greenhouse.io/genscript,greenhouse,genscript,seeded by PittCSC Summer2026; seeded by SimplifyJobs Summer2026,Live official ATS scrape.
Official Greenhouse board,genscript,Research & Development Intern,"Piscataway, New Jersey, United States",,Molecular Biology R&D,,,,2026-05-01T14:30:10-04:00,https://job-boards.greenhouse.io/genscript/jobs/5126602007,https://job-boards.greenhouse.io/genscript,greenhouse,genscript,seeded by PittCSC Summer2026; seeded by SimplifyJobs Summer2026,Live official ATS scrape.
SimplifyJobs Summer2026; PittCSC Summer2026; Official Greenhouse board,Geotab,Mobile Developer Intern,"Oakville, ON, Canada; Kitchener, ON, Canada",,Software,Fall 2026,,Other,2026-05-04,https://job-boards.greenhouse.io/internshiplist2000/jobs/5179078008,https://github.com/SimplifyJobs/Summer2026-Internships; https://github.com/pittcsc/Summer2026-Internships; https://job-boards.greenhouse.io/internshiplist2000,greenhouse,internshiplist2000,startup-heavy ATS/apply host; seeded by PittCSC Summer2026; seeded by SimplifyJobs Summer2026,Active listing in broad internship index; kept because apply host is startup-heavy.; Active listing in broad internship index; kept because apply host is startup-heavy.; Live official ATS scrape.
SimplifyJobs Summer2026; PittCSC Summer2026; Official Greenhouse board,Geotab,Software Developer Intern,"Toronto, ON, Canada; Oakville, ON, Canada; Kitchener, ON, Canada",,Software,Fall 2026,,Other,2026-05-04,https://job-boards.greenhouse.io/internshiplist2000/jobs/5153686008,https://github.com/SimplifyJobs/Summer2026-Internships; https://github.com/pittcsc/Summer2026-Internships; https://job-boards.greenhouse.io/internshiplist2000,greenhouse,internshiplist2000,startup-heavy ATS/apply host; seeded by PittCSC Summer2026; seeded by SimplifyJobs Summer2026,Active listing in broad internship index; kept because apply host is startup-heavy.; Active listing in broad internship index; kept because apply host is startup-heavy.; Live official ATS scrape.
SimplifyJobs Summer2026; PittCSC Summer2026; Official Greenhouse board,Geotab,Software Developer Intern - Multiple Teams,"Toronto, ON, Canada; Oakville, ON, Canada; Kitchener, ON, Canada",,Software,Fall 2026,,Other,2026-05-13,https://job-boards.greenhouse.io/internshiplist2000/jobs/5184158008,https://github.com/SimplifyJobs/Summer2026-Internships; https://github.com/pittcsc/Summer2026-Internships; https://job-boards.greenhouse.io/internshiplist2000,greenhouse,internshiplist2000,startup-heavy ATS/apply host; seeded by PittCSC Summer2026; seeded by SimplifyJobs Summer2026,Active listing in broad internship index; kept because apply host is startup-heavy.; Active listing in broad internship index; kept because apply host is startup-heavy.; Live official ATS scrape.
SimplifyJobs Summer2026; PittCSC Summer2026; Official Greenhouse board,Geotab,Software Developer Intern - Prism,"Toronto, ON, Canada; Kitchener, ON, Canada",,Software,Fall 2026,,Other,2026-05-04,https://job-boards.greenhouse.io/internshiplist2000/jobs/5138225008,https://github.com/SimplifyJobs/Summer2026-Internships; https://github.com/pittcsc/Summer2026-Internships; https://job-boards.greenhouse.io/internshiplist2000,greenhouse,internshiplist2000,startup-heavy ATS/apply host; seeded by PittCSC Summer2026; seeded by SimplifyJobs Summer2026,Active listing in broad internship index; kept because apply host is startup-heavy.; Active listing in broad internship index; kept because apply host is startup-heavy.; Live official ATS scrape.
SimplifyJobs Summer2026; PittCSC Summer2026; Official Greenhouse board,Geotab,Support Engineer Intern,"Oakville, ON, Canada",,Software,Fall 2026,,Other,2026-05-04,https://job-boards.greenhouse.io/internshiplist2000/jobs/5185232008,https://github.com/SimplifyJobs/Summer2026-Internships; https://github.com/pittcsc/Summer2026-Internships; https://job-boards.greenhouse.io/internshiplist2000,greenhouse,internshiplist2000,startup-heavy ATS/apply host; seeded by PittCSC Summer2026; seeded by SimplifyJobs Summer2026,Active listing in broad internship index; kept because apply host is startup-heavy.; Active listing in broad internship index; kept because apply host is startup-heavy.; Live official ATS scrape.
SimplifyJobs Summer2026; PittCSC Summer2026; Official Greenhouse board,Geotab,Vehicle Systems Engineering Intern,"High Wycombe, UK",,Hardware,Fall 2026,,Other,2026-03-19,https://job-boards.greenhouse.io/geotab/jobs/5140749008,https://github.com/SimplifyJobs/Summer2026-Internships; https://github.com/pittcsc/Summer2026-Internships; https://job-boards.greenhouse.io/geotab,greenhouse,geotab,startup-heavy ATS/apply host; seeded by SimplifyJobs Summer2026; seeded by PittCSC Summer2026,Active listing in broad internship index; kept because apply host is startup-heavy.; Active listing in broad internship index; kept because apply host is startup-heavy.; Live official ATS scrape.
Official Ashby board,gimlet,Member of Technical Staff - AI Research (Intern),,FullTime,,,,,2025-03-31T17:43:50.191+00:00,https://jobs.ashbyhq.com/gimlet/373302e0-c4ab-4fdf-a8be-18ec45e4c5f5,https://jobs.ashbyhq.com/gimlet,ashby,gimlet,seeded by SimplifyJobs Summer2026; seeded by PittCSC Summer2026,Live official ATS scrape.
SimplifyJobs Summer2026; PittCSC Summer2026; Official Greenhouse board,Ginkgo Bioworks,Software Graduate Intern - Autonomous Lab,"Oakland, CA",,Software,Spring 2026,,Other,2026-01-28,https://job-boards.greenhouse.io/ginkgobioworks/jobs/5033171007,https://github.com/SimplifyJobs/Summer2026-Internships; https://github.com/pittcsc/Summer2026-Internships; https://job-boards.greenhouse.io/ginkgobioworks,greenhouse,ginkgobioworks,startup-heavy ATS/apply host; seeded by PittCSC Summer2026; seeded by SimplifyJobs Summer2026,Active listing in broad internship index; kept because apply host is startup-heavy.; Active listing in broad internship index; kept because apply host is startup-heavy.; Live official ATS scrape.
SimplifyJobs Summer2026; PittCSC Summer2026; Official Greenhouse board,Ginkgo Bioworks,Software Intern - Autonomous Lab,"Oakland, CA",,Software,Winter 2026,,Other,2026-01-28,https://job-boards.greenhouse.io/ginkgobioworks/jobs/5033167007,https://github.com/SimplifyJobs/Summer2026-Internships; https://github.com/pittcsc/Summer2026-Internships; https://job-boards.greenhouse.io/ginkgobioworks,greenhouse,ginkgobioworks,startup-heavy ATS/apply host; seeded by PittCSC Summer2026; seeded by SimplifyJobs Summer2026,Active listing in broad internship index; kept because apply host is startup-heavy.; Active listing in broad internship index; kept because apply host is startup-heavy.; Live official ATS scrape.
Official Greenhouse board,ginkgobioworks,"Automation Scientist Intern, RAC Operations","Boston, Massachusetts",,RAC Users,,,,2026-04-01T08:35:30-04:00,https://job-boards.greenhouse.io/ginkgobioworks/jobs/5022683007,https://job-boards.greenhouse.io/ginkgobioworks,greenhouse,ginkgobioworks,seeded by PittCSC Summer2026; seeded by SimplifyJobs Summer2026,Live official ATS scrape.
SimplifyJobs Summer2026; PittCSC Summer2026; Official Greenhouse board,Glydways,Perception Software Engineering Intern,Remote in USA,,AI/ML/Data,Summer 2026,,Other,2026-03-17,https://job-boards.greenhouse.io/glydways/jobs/5082217007,https://github.com/SimplifyJobs/Summer2026-Internships; https://github.com/pittcsc/Summer2026-Internships; https://job-boards.greenhouse.io/glydways,greenhouse,glydways,startup-heavy ATS/apply host; seeded by PittCSC Summer2026; seeded by SimplifyJobs Summer2026,Active listing in broad internship index; kept because apply host is startup-heavy.; Active listing in broad internship index; kept because apply host is startup-heavy.; Live official ATS scrape.
SimplifyJobs Summer2026; PittCSC Summer2026; Official Greenhouse board,Graphcore,Research Intern,"Bristol, UK",,AI/ML/Data,Winter 2025,,Other,2025-11-13,https://job-boards.greenhouse.io/graphcore/jobs/8287389002,https://github.com/SimplifyJobs/Summer2026-Internships; https://github.com/pittcsc/Summer2026-Internships; https://job-boards.greenhouse.io/graphcore,greenhouse,graphcore,startup-heavy ATS/apply host; seeded by PittCSC Summer2026; seeded by SimplifyJobs Summer2026,Active listing in broad internship index; kept because apply host is startup-heavy.; Active listing in broad internship index; kept because apply host is startup-heavy.; Live official ATS scrape.
Official Ashby board,greatquestion,AI Engineer Intern,,FullTime,,,,,2026-05-21T15:11:28.613+00:00,https://jobs.ashbyhq.com/greatquestion/c533196c-75d5-43b8-b1c8-dedf2437d544,https://jobs.ashbyhq.com/greatquestion,ashby,greatquestion,seeded by SimplifyJobs Summer2026,Live official ATS scrape.
Official Ashby board,h3x-technologies,Manufacturing Engineer Intern,,FullTime,,,,,2026-05-06T17:29:53.312+00:00,https://jobs.ashbyhq.com/h3x-technologies/d0688850-a809-4637-8440-b0551ec639fa,https://jobs.ashbyhq.com/h3x-technologies,ashby,h3x-technologies,seeded by SimplifyJobs Summer2026; seeded by PittCSC Summer2026,Live official ATS scrape.
Official Ashby board,h3x-technologies,Mechanical Design Engineer Intern,,FullTime,,,,,2026-05-06T17:25:30.523+00:00,https://jobs.ashbyhq.com/h3x-technologies/b3443c91-ca97-45eb-90c6-93491050466e,https://jobs.ashbyhq.com/h3x-technologies,ashby,h3x-technologies,seeded by SimplifyJobs Summer2026; seeded by PittCSC Summer2026,Live official ATS scrape.
Official Ashby board,h3x-technologies,Test Engineering Intern (Fall),,FullTime,,,,,2026-05-06T17:19:18.891+00:00,https://jobs.ashbyhq.com/h3x-technologies/b9728e9a-5158-4537-a27f-07462bd9c7e3,https://jobs.ashbyhq.com/h3x-technologies,ashby,h3x-technologies,seeded by SimplifyJobs Summer2026; seeded by PittCSC Summer2026,Live official ATS scrape.
Official Ashby board,hadrian-automation,Software Engineer Intern,,Intern,,,,,2026-05-15T21:36:31.563+00:00,https://jobs.ashbyhq.com/hadrian-automation/ce93d8e7-00c9-4fdf-9623-e4f6f25d92d6,https://jobs.ashbyhq.com/hadrian-automation,ashby,hadrian-automation,seeded by SimplifyJobs Summer2026; seeded by PittCSC Summer2026,Live official ATS scrape.
SimplifyJobs Summer2026; PittCSC Summer2026; Official Greenhouse board,Haize Labs,Software Engineer Intern,NYC,,Software,Summer 2026,,Other,2026-04-02,https://job-boards.greenhouse.io/haizelabs/jobs/4685944008,https://github.com/SimplifyJobs/Summer2026-Internships; https://github.com/pittcsc/Summer2026-Internships; https://job-boards.greenhouse.io/haizelabs,greenhouse,haizelabs,startup-heavy ATS/apply host; seeded by SimplifyJobs Summer2026; seeded by PittCSC Summer2026,Active listing in broad internship index; kept because apply host is startup-heavy.; Active listing in broad internship index; kept because apply host is startup-heavy.; Live official ATS scrape.
Official Greenhouse board,haizelabs,Research Intern,"New York, NY",,Research,,,,2026-04-02T00:09:23-04:00,https://job-boards.greenhouse.io/haizelabs/jobs/4070377008,https://job-boards.greenhouse.io/haizelabs,greenhouse,haizelabs,seeded by SimplifyJobs Summer2026; seeded by PittCSC Summer2026,Live official ATS scrape.
Official Ashby board,hcompany,Research Scientist Intern (PhD) - Model Team - London,,FullTime,,,,,2026-02-03T16:23:38.744+00:00,https://jobs.ashbyhq.com/hcompany/856b1025-791f-46ed-9ea0-a88bb2f32ce5,https://jobs.ashbyhq.com/hcompany,ashby,hcompany,seeded by PittCSC Summer2026; seeded by SimplifyJobs Summer2026,Live official ATS scrape.
Official Lever board,hermeus,Avionics Electrical Engineering Intern - Fall 2026,"Atlanta, GA",Intern,Internships,,,,1772670740324,https://jobs.lever.co/hermeus/3cee58bc-55ef-4230-acf2-9a2e2851cf43,https://jobs.lever.co/hermeus,lever,hermeus,seeded by PittCSC Summer2026; seeded by SimplifyJobs Summer2026,Live official ATS scrape.
SimplifyJobs Summer2026; PittCSC Summer2026; Official Lever board,Hermeus,Flight Software Engineering Intern,"Atlanta, GA",Intern,Hardware Engineering,Summer 2026; Fall 2026,,U.S. Citizenship is Required,2026-03-06,https://jobs.lever.co/hermeus/51378fa0-0327-45fd-9420-b6e7d8b56440,https://github.com/SimplifyJobs/Summer2026-Internships; https://github.com/pittcsc/Summer2026-Internships; https://jobs.lever.co/hermeus,lever,hermeus,startup-heavy ATS/apply host; seeded by PittCSC Summer2026; seeded by SimplifyJobs Summer2026,Active listing in broad internship index; kept because apply host is startup-heavy.; Active listing in broad internship index; kept because apply host is startup-heavy.; Live official ATS scrape.
Official Lever board,hermeus,GNC Engineering Intern (Controls) - Fall 2026,"Atlanta, GA",Intern,Internships,,,,1772669108820,https://jobs.lever.co/hermeus/751c9919-5b19-4609-80ff-ca82d6947e07,https://jobs.lever.co/hermeus,lever,hermeus,seeded by PittCSC Summer2026; seeded by SimplifyJobs Summer2026,Live official ATS scrape.
Official Lever board,hermeus,Manufacturing Engineering Intern - Fall 2026,"Atlanta, GA",Intern,Internships,,,,1759274702326,https://jobs.lever.co/hermeus/922ee234-94aa-473b-8464-03f28a709872,https://jobs.lever.co/hermeus,lever,hermeus,seeded by PittCSC Summer2026; seeded by SimplifyJobs Summer2026,Live official ATS scrape.
Official Lever board,hermeus,Manufacturing Engineering Intern - Fall 2026,"Los Angeles, CA",Intern,Internships,,,,1759194625312,https://jobs.lever.co/hermeus/a1f3aa29-72ea-4843-b2ea-801f3bef73ae,https://jobs.lever.co/hermeus,lever,hermeus,seeded by PittCSC Summer2026; seeded by SimplifyJobs Summer2026,Live official ATS scrape.
Official Lever board,hermeus,Mechanical Engineering Intern - Fall 2026,"Los Angeles, CA",Intern,Internships,,,,1773089252311,https://jobs.lever.co/hermeus/6b6afa4a-b37d-4033-ac3b-e6501a951b98,https://jobs.lever.co/hermeus,lever,hermeus,seeded by PittCSC Summer2026; seeded by SimplifyJobs Summer2026,Live official ATS scrape.
Official Lever board,hermeus,Mission Systems Platform Intern - Fall 2026,"Atlanta, GA",Intern,Internships,,,,1776183160014,https://jobs.lever.co/hermeus/86fd77a9-6498-43df-bfe0-2159aa6933db,https://jobs.lever.co/hermeus,lever,hermeus,seeded by PittCSC Summer2026; seeded by SimplifyJobs Summer2026,Live official ATS scrape.
Official Lever board,hermeus,Operations and Test Engineering Intern - Fall 2026,"Los Angeles, CA",Intern,Internships,,,,1772672042755,https://jobs.lever.co/hermeus/6afd9372-2a91-4935-b7a5-7a1cf4eb960b,https://jobs.lever.co/hermeus,lever,hermeus,seeded by PittCSC Summer2026; seeded by SimplifyJobs Summer2026,Live official ATS scrape.
Official Lever board,hermeus,Propulsion Engineer Intern - Fall 2026,"Los Angeles, CA",Intern,Internships,,,,1772665639629,https://jobs.lever.co/hermeus/a949f158-6900-42e1-890d-fb3ec339c3d0,https://jobs.lever.co/hermeus,lever,hermeus,seeded by PittCSC Summer2026; seeded by SimplifyJobs Summer2026,Live official ATS scrape.
Official Lever board,hermeus,Propulsion Test Engineering Intern - Fall 2026,"Jacksonville, FL",Intern,Internships,,,,1773671346069,https://jobs.lever.co/hermeus/31513d2a-8e08-424b-b125-4f972fcfc805,https://jobs.lever.co/hermeus,lever,hermeus,seeded by PittCSC Summer2026; seeded by SimplifyJobs Summer2026,Live official ATS scrape.
Official Lever board,hermeus,Software Engineering Intern (HIL) - Fall 2026,"Atlanta, GA",Intern,Internships,,,,1776449704351,https://jobs.lever.co/hermeus/10d69ef6-a754-42ab-833c-76adf01367bf,https://jobs.lever.co/hermeus,lever,hermeus,seeded by PittCSC Summer2026; seeded by SimplifyJobs Summer2026,Live official ATS scrape.
Official Lever board,hermeus,Software Engineering Intern (HMI) - Fall 2026,"Atlanta, GA",Intern,Internships,,,,1775012520692,https://jobs.lever.co/hermeus/a3a1f0ea-6a4f-42e5-81c8-3b34dac22a67,https://jobs.lever.co/hermeus,lever,hermeus,seeded by PittCSC Summer2026; seeded by SimplifyJobs Summer2026,Live official ATS scrape.
Official Lever board,hermeus,Software Engineering Intern (Modeling & Simulation) - Fall 2026,"Los Angeles, CA",Intern,Internships,,,,1776452842947,https://jobs.lever.co/hermeus/49f7cf3f-bf66-44ca-bf97-ee0f7180a68d,https://jobs.lever.co/hermeus,lever,hermeus,seeded by PittCSC Summer2026; seeded by SimplifyJobs Summer2026,Live official ATS scrape.
Official Lever board,hermeus,Structures Engineering Intern - Fall 2026,"Los Angeles, CA",Intern,Internships,,,,1771874368327,https://jobs.lever.co/hermeus/273cb94a-ff5b-4814-81e8-34f406d403c6,https://jobs.lever.co/hermeus,lever,hermeus,seeded by PittCSC Summer2026; seeded by SimplifyJobs Summer2026,Live official ATS scrape.
Official Lever board,hermeus,Subsystem Test Engineering Intern - Fall 2026,"Atlanta, GA",Intern,Internships,,,,1779213011247,https://jobs.lever.co/hermeus/3ee3f243-bab8-4bdb-b0d0-2214874ef49e,https://jobs.lever.co/hermeus,lever,hermeus,seeded by PittCSC Summer2026; seeded by SimplifyJobs Summer2026,Live official ATS scrape.
Official Ashby board,heron-power,"Intern, Electronics Design Engineer (Summer 2026)",,FullTime,,,,,2026-03-13T18:32:22.909+00:00,https://jobs.ashbyhq.com/heron-power/28af5d2d-bd93-4681-9422-05d17c3437eb,https://jobs.ashbyhq.com/heron-power,ashby,heron-power,seeded by PittCSC Summer2026; seeded by SimplifyJobs Summer2026,Live official ATS scrape.
Official Ashby board,heron-power,"Intern, Hardware Test Engineering",,FullTime,,,,,2026-05-11T20:18:55.064+00:00,https://jobs.ashbyhq.com/heron-power/7c3f30a6-f806-4bf5-a94c-cb4dece20cb2,https://jobs.ashbyhq.com/heron-power,ashby,heron-power,seeded by PittCSC Summer2026; seeded by SimplifyJobs Summer2026,Live official ATS scrape.
Official Ashby board,heron-power,"Intern, Medium Voltage Test Engineering",,FullTime,,,,,2026-05-11T20:22:07.162+00:00,https://jobs.ashbyhq.com/heron-power/46097ca0-4093-4a56-9c44-8ec41617bbc0,https://jobs.ashbyhq.com/heron-power,ashby,heron-power,seeded by PittCSC Summer2026; seeded by SimplifyJobs Summer2026,Live official ATS scrape.
Official Ashby board,heron-power,"Intern, Power Electronics Engineer, Spring 2026/Summer 2026",,FullTime,,,,,2025-06-05T00:22:19.515+00:00,https://jobs.ashbyhq.com/heron-power/2289ac70-b237-4500-b429-76a725fdbb6a,https://jobs.ashbyhq.com/heron-power,ashby,heron-power,seeded by PittCSC Summer2026; seeded by SimplifyJobs Summer2026,Live official ATS scrape.
Official Ashby board,heron-power,"Intern, Power Magnetics Engineer",,FullTime,,,,,2026-02-24T05:14:48.320+00:00,https://jobs.ashbyhq.com/heron-power/3960bba4-6f5b-438a-bb84-10e6e370d0b1,https://jobs.ashbyhq.com/heron-power,ashby,heron-power,seeded by PittCSC Summer2026; seeded by SimplifyJobs Summer2026,Live official ATS scrape.
Official Ashby board,higharc,"Research Intern, Special Projects",,FullTime,,,,,2026-04-01T20:34:34.339+00:00,https://jobs.ashbyhq.com/higharc/5a7265ed-8db3-480e-9c04-3c9b2d2c235b,https://jobs.ashbyhq.com/higharc,ashby,higharc,seeded by SimplifyJobs Summer2026; seeded by PittCSC Summer2026,Live official ATS scrape.
Official Ashby board,homebase,AI Engineering Intern (Hybrid),,FullTime,,,,,2026-05-11T02:25:39.885+00:00,https://jobs.ashbyhq.com/homebase/b61bc585-57bf-4918-8154-b8be27ff5a5e,https://jobs.ashbyhq.com/homebase,ashby,homebase,seeded by SimplifyJobs Summer2026; seeded by PittCSC Summer2026,Live official ATS scrape.
SimplifyJobs Summer2026; PittCSC Summer2026; Official Greenhouse board,Hone Health,Data Science Intern,Remote in USA,,AI/ML/Data,Summer 2026,,Other,2026-03-24,https://job-boards.greenhouse.io/honehealth/jobs/5163566008,https://github.com/SimplifyJobs/Summer2026-Internships; https://github.com/pittcsc/Summer2026-Internships; https://job-boards.greenhouse.io/honehealth,greenhouse,honehealth,startup-heavy ATS/apply host; seeded by PittCSC Summer2026; seeded by SimplifyJobs Summer2026,Active listing in broad internship index; kept because apply host is startup-heavy.; Active listing in broad internship index; kept because apply host is startup-heavy.; Live official ATS scrape.
Official Lever board,ifm-us,AI Research Internship,"Sunnyvale, CA",,Engineering,,,,1753396817708,https://jobs.lever.co/ifm-us/5342e333-61b9-406d-bfea-61a687a94d1f,https://jobs.lever.co/ifm-us,lever,ifm-us,seeded by PittCSC Summer2026; seeded by SimplifyJobs Summer2026,Live official ATS scrape.
Official Greenhouse board,imc,Hardware Engineer Intern 2026/27,"Sydney, Australia",,Development (Group),,,,2026-05-25T02:53:45-04:00,https://job-boards.eu.greenhouse.io/imc/jobs/4742629101,https://job-boards.greenhouse.io/imc,greenhouse,imc,seeded by PittCSC Summer2026; seeded by SimplifyJobs Summer2026,Live official ATS scrape.
Official Greenhouse board,imc,Trader Assistant (Working Student),"Amsterdam, Netherlands",,Trading Operations (Group),,,,2026-05-25T02:53:45-04:00,https://job-boards.eu.greenhouse.io/imc/jobs/4753890101,https://job-boards.greenhouse.io/imc,greenhouse,imc,seeded by PittCSC Summer2026; seeded by SimplifyJobs Summer2026,Live official ATS scrape.
Official Greenhouse board,imc,Working Student - Tech,"Aarhus, Central Denmark Region, Denmark",,Development (Group),,,,2026-05-25T02:53:45-04:00,https://job-boards.eu.greenhouse.io/imc/jobs/4685421101,https://job-boards.greenhouse.io/imc,greenhouse,imc,seeded by PittCSC Summer2026; seeded by SimplifyJobs Summer2026,Live official ATS scrape.
SimplifyJobs Summer2026; PittCSC Summer2026; Official Greenhouse board,IMC Trading,Hardware Machine Learning PhD Research Intern,"Chicago, IL",,AI/ML/Data,Summer 2026,,Other,2026-04-16,https://job-boards.eu.greenhouse.io/imc/jobs/4829785101,https://github.com/SimplifyJobs/Summer2026-Internships; https://github.com/pittcsc/Summer2026-Internships; https://job-boards.greenhouse.io/imc,greenhouse,imc,startup-heavy ATS/apply host; seeded by PittCSC Summer2026; seeded by SimplifyJobs Summer2026,Active listing in broad internship index; kept because apply host is startup-heavy.; Active listing in broad internship index; kept because apply host is startup-heavy.; Live official ATS scrape.
SimplifyJobs Summer2026; PittCSC Summer2026; Official Greenhouse board,Inizio,Data and Analytics Intern,"Manchester, UK",,AI/ML/Data,Summer 2026,,Other,2026-05-01,https://job-boards.greenhouse.io/inizio/jobs/7874161,https://github.com/SimplifyJobs/Summer2026-Internships; https://github.com/pittcsc/Summer2026-Internships; https://job-boards.greenhouse.io/inizio,greenhouse,inizio,startup-heavy ATS/apply host; seeded by PittCSC Summer2026; seeded by SimplifyJobs Summer2026,Active listing in broad internship index; kept because apply host is startup-heavy.; Active listing in broad internship index; kept because apply host is startup-heavy.; Live official ATS scrape.
Official Greenhouse board,instawork,QA Intern,"Bengaluru, Karnataka, India",,AI Labs,,,,2026-04-03T12:28:09-04:00,https://job-boards.greenhouse.io/instawork/jobs/4645896006,https://job-boards.greenhouse.io/instawork,greenhouse,instawork,seeded by PittCSC Summer2026; seeded by SimplifyJobs Summer2026,Live official ATS scrape.
Official Greenhouse board,integra,(FALL) Research Analyst Intern,"Austin, Texas",,Interns,,,,2026-04-28T16:37:43-04:00,https://job-boards.greenhouse.io/integra/jobs/5134594008,https://job-boards.greenhouse.io/integra,greenhouse,integra,seeded by SimplifyJobs Summer2026; seeded by PittCSC Summer2026,Live official ATS scrape.
SimplifyJobs Summer2026; PittCSC Summer2026; Official Greenhouse board,Integra FEC,Data Analyst Intern,"Austin, TX",,AI/ML/Data,Fall 2026,,Other,2026-04-28,https://job-boards.greenhouse.io/integrainterns/jobs/5134523008,https://github.com/SimplifyJobs/Summer2026-Internships; https://github.com/pittcsc/Summer2026-Internships; https://job-boards.greenhouse.io/integrainterns,greenhouse,integrainterns,startup-heavy ATS/apply host; seeded by PittCSC Summer2026; seeded by SimplifyJobs Summer2026,Active listing in broad internship index; kept because apply host is startup-heavy.; Active listing in broad internship index; kept because apply host is startup-heavy.; Live official ATS scrape.
SimplifyJobs Summer2026; PittCSC Summer2026; Official Greenhouse board,Integra FEC,Data Analyst Intern,"Austin, TX",,AI/ML/Data,Fall 2026,,Other,2026-04-28,https://job-boards.greenhouse.io/integra/jobs/5134522008,https://github.com/SimplifyJobs/Summer2026-Internships; https://github.com/pittcsc/Summer2026-Internships; https://job-boards.greenhouse.io/integra,greenhouse,integra,startup-heavy ATS/apply host; seeded by SimplifyJobs Summer2026; seeded by PittCSC Summer2026,Active listing in broad internship index; kept because apply host is startup-heavy.; Active listing in broad internship index; kept because apply host is startup-heavy.; Live official ATS scrape.
SimplifyJobs Summer2026; PittCSC Summer2026; Official Greenhouse board,Integra FEC,Data Scientist Intern,"Austin, TX",,AI/ML/Data,Fall 2026,,Other,2026-04-28,https://job-boards.greenhouse.io/integrainterns/jobs/5134593008,https://github.com/SimplifyJobs/Summer2026-Internships; https://github.com/pittcsc/Summer2026-Internships; https://job-boards.greenhouse.io/integrainterns,greenhouse,integrainterns,startup-heavy ATS/apply host; seeded by PittCSC Summer2026; seeded by SimplifyJobs Summer2026,Active listing in broad internship index; kept because apply host is startup-heavy.; Active listing in broad internship index; kept because apply host is startup-heavy.; Live official ATS scrape.
SimplifyJobs Summer2026; PittCSC Summer2026; Official Greenhouse board,Integra FEC,Data Scientist Intern - PhD,"Austin, TX",,AI/ML/Data,Fall 2026,,Other,2026-04-28,https://job-boards.greenhouse.io/integra/jobs/5134592008,https://github.com/SimplifyJobs/Summer2026-Internships; https://github.com/pittcsc/Summer2026-Internships; https://job-boards.greenhouse.io/integra,greenhouse,integra,startup-heavy ATS/apply host; seeded by SimplifyJobs Summer2026; seeded by PittCSC Summer2026,Active listing in broad internship index; kept because apply host is startup-heavy.; Active listing in broad internship index; kept because apply host is startup-heavy.; Live official ATS scrape.
Official Greenhouse board,integrainterns,(FALL) Research Analyst Intern,"Austin, Texas",,Interns,,,,2026-04-28T16:37:44-04:00,https://job-boards.greenhouse.io/integrainterns/jobs/5134595008,https://job-boards.greenhouse.io/integrainterns,greenhouse,integrainterns,seeded by PittCSC Summer2026; seeded by SimplifyJobs Summer2026,Live official ATS scrape.
Official Greenhouse board,internshiplist2000,"Integrations Engineering Intern (Fall/September 2026, 12 Months)","Oakville, Ontario - Canada",,Intg Cnslt,,,,2026-05-13T14:29:57-04:00,https://job-boards.greenhouse.io/internshiplist2000/jobs/5168598008,https://job-boards.greenhouse.io/internshiplist2000,greenhouse,internshiplist2000,seeded by PittCSC Summer2026; seeded by SimplifyJobs Summer2026,Live official ATS scrape.
Official Greenhouse board,internshiplist2000,"Learning & Development Intern (Fall/September 2026, 8+ Months)","Oakville, Ontario - Canada",,Learning & Development,,,,2026-05-13T14:29:57-04:00,https://job-boards.greenhouse.io/internshiplist2000/jobs/5183112008,https://job-boards.greenhouse.io/internshiplist2000,greenhouse,internshiplist2000,seeded by PittCSC Summer2026; seeded by SimplifyJobs Summer2026,Live official ATS scrape.
Official Greenhouse board,internshiplist2000,"Solutions Engineering Intern, Channel (Fall/September 2026, 8 Months)","Oakville, Ontario - Canada",,SolEng Channel,,,,2026-05-13T14:29:57-04:00,https://job-boards.greenhouse.io/internshiplist2000/jobs/5182913008,https://job-boards.greenhouse.io/internshiplist2000,greenhouse,internshiplist2000,seeded by PittCSC Summer2026; seeded by SimplifyJobs Summer2026,Live official ATS scrape.
SimplifyJobs Summer2026; PittCSC Summer2026; Official Greenhouse board,Intrinsic,Vision Foundation Model Research Intern,"Mountain View, CA",,AI/ML/Data,Summer 2026,,Other,2026-04-28,https://boards.greenhouse.io/intrinsicrobotics/jobs/5843594004,https://github.com/SimplifyJobs/Summer2026-Internships; https://github.com/pittcsc/Summer2026-Internships; https://job-boards.greenhouse.io/intrinsicrobotics,greenhouse,intrinsicrobotics,startup-heavy ATS/apply host; seeded by PittCSC Summer2026; seeded by SimplifyJobs Summer2026,Active listing in broad internship index; kept because apply host is startup-heavy.; Active listing in broad internship index; kept because apply host is startup-heavy.; Live official ATS scrape.
Official Greenhouse board,jobsatphamily,"HR, AI Automation Intern",New York City,,Operations,,,,2026-05-19T17:09:44-04:00,https://job-boards.greenhouse.io/jobsatphamily/jobs/5225795008,https://job-boards.greenhouse.io/jobsatphamily,greenhouse,jobsatphamily,seeded by SimplifyJobs Summer2026,Live official ATS scrape.
Official Greenhouse board,jobsatphamily,Intern: AI Native Process Automation,NYC,,Operations,,,,2026-05-08T23:49:20-04:00,https://job-boards.greenhouse.io/jobsatphamily/jobs/5215197008,https://job-boards.greenhouse.io/jobsatphamily,greenhouse,jobsatphamily,seeded by SimplifyJobs Summer2026,Live official ATS scrape.
SimplifyJobs Summer2026; PittCSC Summer2026; Official Greenhouse board,Jumio,Data Intern,Remote in USA,,AI/ML/Data,Summer 2026,,Other,2026-04-22,https://job-boards.greenhouse.io/jumio/jobs/4686693005,https://github.com/SimplifyJobs/Summer2026-Internships; https://github.com/pittcsc/Summer2026-Internships; https://job-boards.greenhouse.io/jumio,greenhouse,jumio,startup-heavy ATS/apply host; seeded by SimplifyJobs Summer2026; seeded by PittCSC Summer2026,Active listing in broad internship index; kept because apply host is startup-heavy.; Active listing in broad internship index; kept because apply host is startup-heavy.; Live official ATS scrape.
SimplifyJobs Summer2026; PittCSC Summer2026; Official Ashby board,Kira,Software Engineering Intern,"New York, NY",FullTime,Software Engineering,Summer 2026,,Does Not Offer Sponsorship,2026-05-01,https://jobs.ashbyhq.com/kira/d46f8721-f33d-4539-bb78-e07f204e8ee8,https://github.com/SimplifyJobs/Summer2026-Internships; https://github.com/pittcsc/Summer2026-Internships; https://jobs.ashbyhq.com/kira,ashby,kira,startup-heavy ATS/apply host; seeded by PittCSC Summer2026; seeded by SimplifyJobs Summer2026,Active listing in broad internship index; kept because apply host is startup-heavy.; Active listing in broad internship index; kept because apply host is startup-heavy.; Live official ATS scrape.
SimplifyJobs Summer2026; PittCSC Summer2026; Official Ashby board,Kira,Software Engineering Intern,"San Francisco, CA",FullTime,Software Engineering,Summer 2026,,Does Not Offer Sponsorship,2026-05-01,https://jobs.ashbyhq.com/kira/22b09832-e23b-44a4-9c03-46512e14499c,https://github.com/SimplifyJobs/Summer2026-Internships; https://github.com/pittcsc/Summer2026-Internships; https://jobs.ashbyhq.com/kira,ashby,kira,startup-heavy ATS/apply host; seeded by PittCSC Summer2026; seeded by SimplifyJobs Summer2026,Active listing in broad internship index; kept because apply host is startup-heavy.; Active listing in broad internship index; kept because apply host is startup-heavy.; Live official ATS scrape.
SimplifyJobs Summer2026; PittCSC Summer2026; Official Greenhouse board,Kodiak Robotics,Intern - Artificial Intelligence/Machine Learning,"Mountain View, CA",,AI/ML/Data,Fall 2026,,Other,2026-03-07,https://job-boards.greenhouse.io/kodiak/jobs/4174469009,https://github.com/SimplifyJobs/Summer2026-Internships; https://github.com/pittcsc/Summer2026-Internships; https://job-boards.greenhouse.io/kodiak,greenhouse,kodiak,startup-heavy ATS/apply host; seeded by PittCSC Summer2026; seeded by SimplifyJobs Summer2026,Active listing in broad internship index; kept because apply host is startup-heavy.; Active listing in broad internship index; kept because apply host is startup-heavy.; Live official ATS scrape.
SimplifyJobs Summer2026; PittCSC Summer2026; Official Greenhouse board,Kodiak Robotics,Intern - Perception,"Mountain View, CA",,AI/ML/Data,Fall 2026,,Other,2026-03-07,https://job-boards.greenhouse.io/kodiak/jobs/4174533009,https://github.com/SimplifyJobs/Summer2026-Internships; https://github.com/pittcsc/Summer2026-Internships; https://job-boards.greenhouse.io/kodiak,greenhouse,kodiak,startup-heavy ATS/apply host; seeded by PittCSC Summer2026; seeded by SimplifyJobs Summer2026,Active listing in broad internship index; kept because apply host is startup-heavy.; Active listing in broad internship index; kept because apply host is startup-heavy.; Live official ATS scrape.
Official Ashby board,Kognitos,Software Engineer Intern (AI-Native) — Summer 2026,,FullTime,,,,,2026-04-16T21:28:41.366+00:00,https://jobs.ashbyhq.com/Kognitos/a3c5bd4c-f6fb-4eb0-b943-e0e1a1d878c5,https://jobs.ashbyhq.com/Kognitos,ashby,Kognitos,seeded by PittCSC Summer2026; seeded by SimplifyJobs Summer2026,Live official ATS scrape.
Official Greenhouse board,labelbox,Applied Research Intern,San Francisco Bay Area,,Engineering,,,,2025-09-17T16:53:40-04:00,https://job-boards.greenhouse.io/labelbox/jobs/4820677007,https://job-boards.greenhouse.io/labelbox,greenhouse,labelbox,seeded by SimplifyJobs Summer2026; seeded by PittCSC Summer2026,Live official ATS scrape.
SimplifyJobs Summer2026; PittCSC Summer2026; Official Greenhouse board,Labelbox,Forward Deployed Engineer Intern,SF,,Software,Summer 2026,,Other,2026-05-01,https://job-boards.greenhouse.io/labelbox/jobs/5126745007,https://github.com/SimplifyJobs/Summer2026-Internships; https://github.com/pittcsc/Summer2026-Internships; https://job-boards.greenhouse.io/labelbox,greenhouse,labelbox,startup-heavy ATS/apply host; seeded by SimplifyJobs Summer2026; seeded by PittCSC Summer2026,Active listing in broad internship index; kept because apply host is startup-heavy.; Active listing in broad internship index; kept because apply host is startup-heavy.; Live official ATS scrape.
Official Ashby board,Lambda,Data Center Electrical Modeling Intern - 2026,,Intern,,,,,2026-05-26T16:43:53.689+00:00,https://jobs.ashbyhq.com/Lambda/9c964b0d-984b-4220-a1ee-ea237a4f14ea,https://jobs.ashbyhq.com/Lambda,ashby,Lambda,seeded by PittCSC Summer2026; seeded by SimplifyJobs Summer2026,Live official ATS scrape.
Official Ashby board,lambda,Data Center Electrical Modeling Intern - 2026,,Intern,,,,,2026-05-26T16:43:53.689+00:00,https://jobs.ashbyhq.com/lambda/9c964b0d-984b-4220-a1ee-ea237a4f14ea,https://jobs.ashbyhq.com/lambda,ashby,lambda,seeded by PittCSC Summer2026; seeded by SimplifyJobs Summer2026,Live official ATS scrape.
Official Ashby board,Lambda,Data Center Mechanical Engineering Intern - 2026,,Intern,,,,,2026-05-21T21:04:51.698+00:00,https://jobs.ashbyhq.com/Lambda/62fcad14-b225-427c-ad86-6bb52377a997,https://jobs.ashbyhq.com/Lambda,ashby,Lambda,seeded by PittCSC Summer2026; seeded by SimplifyJobs Summer2026,Live official ATS scrape.
Official Ashby board,lambda,Data Center Mechanical Engineering Intern - 2026,,Intern,,,,,2026-05-21T21:04:51.698+00:00,https://jobs.ashbyhq.com/lambda/62fcad14-b225-427c-ad86-6bb52377a997,https://jobs.ashbyhq.com/lambda,ashby,lambda,seeded by PittCSC Summer2026; seeded by SimplifyJobs Summer2026,Live official ATS scrape.
Official Ashby board,Lambda,Field Engineering Intern - Summer 2026,,Intern,,,,,2026-05-20T17:40:31.618+00:00,https://jobs.ashbyhq.com/Lambda/e0e555b9-a009-43c4-bd64-57e74cfd67f1,https://jobs.ashbyhq.com/Lambda,ashby,Lambda,seeded by PittCSC Summer2026; seeded by SimplifyJobs Summer2026,Live official ATS scrape.
Official Ashby board,lambda,Field Engineering Intern - Summer 2026,,Intern,,,,,2026-05-20T17:40:31.618+00:00,https://jobs.ashbyhq.com/lambda/e0e555b9-a009-43c4-bd64-57e74cfd67f1,https://jobs.ashbyhq.com/lambda,ashby,lambda,seeded by PittCSC Summer2026; seeded by SimplifyJobs Summer2026,Live official ATS scrape.
Official Ashby board,Lambda,Security Engineering Intern - Summer 2026,,Intern,,,,,2026-05-14T15:29:31.283+00:00,https://jobs.ashbyhq.com/Lambda/0663f04c-097d-414f-b0a0-414a7cf153d6,https://jobs.ashbyhq.com/Lambda,ashby,Lambda,seeded by PittCSC Summer2026; seeded by SimplifyJobs Summer2026,Live official ATS scrape.
Official Ashby board,lambda,Security Engineering Intern - Summer 2026,,Intern,,,,,2026-05-14T15:29:31.283+00:00,https://jobs.ashbyhq.com/lambda/0663f04c-097d-414f-b0a0-414a7cf153d6,https://jobs.ashbyhq.com/lambda,ashby,lambda,seeded by PittCSC Summer2026; seeded by SimplifyJobs Summer2026,Live official ATS scrape.
Official Lever board,layup,Electrical Engineering Intern (Summer 2026),Huntington Beach,Intern,Hardware,,,,1777046187138,https://jobs.lever.co/layup/0d8b26c2-f4f9-4dc1-b987-1e496fd616aa,https://jobs.lever.co/layup,lever,layup,seeded by PittCSC Summer2026; seeded by SimplifyJobs Summer2026,Live official ATS scrape.
Official Lever board,layup,Manufacturing Engineer Intern,Huntington Beach,Intern,Production,,,,1735325349000,https://jobs.lever.co/layup/4522257e-bac4-4937-b0b0-88d7ebbb6583,https://jobs.lever.co/layup,lever,layup,seeded by PittCSC Summer2026; seeded by SimplifyJobs Summer2026,Live official ATS scrape.
Official Lever board,layup,Software Engineering Intern,Huntington Beach,Intern,Software & Controls,,,,1752172759848,https://jobs.lever.co/layup/0b42f7ad-ebdc-4b4a-8fe6-47640f6dba53,https://jobs.lever.co/layup,lever,layup,seeded by PittCSC Summer2026; seeded by SimplifyJobs Summer2026,Live official ATS scrape.
Official Lever board,levelai,Research Intern – Reinforcement Learning (RL),Noida,,Engineering,,,,1774945956657,https://jobs.lever.co/levelai/f36e8f75-f360-4e32-8fc4-30dee64cd308,https://jobs.lever.co/levelai,lever,levelai,seeded by SimplifyJobs Summer2026; seeded by PittCSC Summer2026,Live official ATS scrape.
Official Lever board,levelai,Research Intern – Reinforcement Learning (RL) - Onsite,"Bay Area, California",,Engineering,,,,1774657164081,https://jobs.lever.co/levelai/c1552b67-fc00-4dd8-9d8e-fd18427e31b3,https://jobs.lever.co/levelai,lever,levelai,seeded by SimplifyJobs Summer2026; seeded by PittCSC Summer2026,Live official ATS scrape.
SimplifyJobs Summer2026; PittCSC Summer2026; Official Greenhouse board,Lightmatter,Reliability Test – Intern,"Mountain View, CA",,Hardware,Summer 2026,,Other,2026-04-15,https://boards.greenhouse.io/lightmatter/jobs/4980400008,https://github.com/SimplifyJobs/Summer2026-Internships; https://github.com/pittcsc/Summer2026-Internships; https://job-boards.greenhouse.io/lightmatter,greenhouse,lightmatter,startup-heavy ATS/apply host; seeded by PittCSC Summer2026; seeded by SimplifyJobs Summer2026,Active listing in broad internship index; kept because apply host is startup-heavy.; Active listing in broad internship index; kept because apply host is startup-heavy.; Live official ATS scrape.
Official Ashby board,linqapp,Technical Intern,,FullTime,,,,,2026-03-23T20:12:27.805+00:00,https://jobs.ashbyhq.com/linqapp/8a64cb3d-42fa-47ec-94ec-5a6f7c8831b5,https://jobs.ashbyhq.com/linqapp,ashby,linqapp,seeded by SimplifyJobs Summer2026,Live official ATS scrape.
Official Lever board,MachinaLabs,"Frontend Software Engineer, Intern","Chatsworth, CA",Internship,Engineering,,,,1763571574604,https://jobs.lever.co/MachinaLabs/1e24999b-9c52-4805-823b-ab2821611f74,https://jobs.lever.co/MachinaLabs,lever,MachinaLabs,seeded by SimplifyJobs Summer2026; seeded by PittCSC Summer2026,Live official ATS scrape.
Official Lever board,MachinaLabs,"Robotic Process Engineer, Intern","Chatsworth, CA",Internship,Engineering,,,,1763570473156,https://jobs.lever.co/MachinaLabs/40bf906a-0078-444d-a4a6-95719c8634ed,https://jobs.lever.co/MachinaLabs,lever,MachinaLabs,seeded by SimplifyJobs Summer2026; seeded by PittCSC Summer2026,Live official ATS scrape.
Official Lever board,MachinaLabs,"Robotic Process Engineer, Intern","Chatsworth, CA",Internship,Engineering,,,,1763570430118,https://jobs.lever.co/MachinaLabs/da8632d8-5a1d-4d1b-8270-b8e6209f0cc1,https://jobs.lever.co/MachinaLabs,lever,MachinaLabs,seeded by SimplifyJobs Summer2026; seeded by PittCSC Summer2026,Live official ATS scrape.
Official Lever board,MachinaLabs,"Robotics Engineer, Intern","Chatsworth, CA",Internship,Engineering,,,,1763569919396,https://jobs.lever.co/MachinaLabs/cf96b0d5-b5c0-46be-ba4d-b121c0ff26ce,https://jobs.lever.co/MachinaLabs,lever,MachinaLabs,seeded by SimplifyJobs Summer2026; seeded by PittCSC Summer2026,Live official ATS scrape.
Official Lever board,magnetforensics,Cloud FinOps Co-op (Fall 2026),Waterloo / Ontario,Co-op,Engineering,,,,1776361995506,https://jobs.lever.co/magnetforensics/77ba9429-e0f5-401b-91e2-365d03b50c03,https://jobs.lever.co/magnetforensics,lever,magnetforensics,seeded by SimplifyJobs Summer2026; seeded by PittCSC Summer2026,Live official ATS scrape.
Official Lever board,magnetforensics,Security Analyst Co-op (Fall 2026),Ontario,Co-op,Security,,,,1776362213770,https://jobs.lever.co/magnetforensics/ee6df1ac-62ce-4c32-b7e5-4b3bf1dc9eb3,https://jobs.lever.co/magnetforensics,lever,magnetforensics,seeded by SimplifyJobs Summer2026; seeded by PittCSC Summer2026,Live official ATS scrape.
Official Lever board,magnetforensics,Software Developer Co-op (Fall 2026),Waterloo / Ottawa / Ontario,Co-op,Engineering,,,,1776362508579,https://jobs.lever.co/magnetforensics/b9fdce72-4c58-46bb-b7e2-b4bdc90390e5,https://jobs.lever.co/magnetforensics,lever,magnetforensics,seeded by SimplifyJobs Summer2026; seeded by PittCSC Summer2026,Live official ATS scrape.
Official Lever board,magnetforensics,Software Developer Co-op (Fall 2026),"Halifax, Nova Scotia",Co-op,Engineering,,,,1776362249002,https://jobs.lever.co/magnetforensics/d393ab82-448a-4dc2-87d0-a00981a55785,https://jobs.lever.co/magnetforensics,lever,magnetforensics,seeded by SimplifyJobs Summer2026; seeded by PittCSC Summer2026,Live official ATS scrape.
Official Lever board,magnetforensics,Software Developer Engineer in Test Co-op (Fall 2026),"Halifax, Nova Scotia",Co-op,Engineering,,,,1776362562861,https://jobs.lever.co/magnetforensics/f125c8e7-052d-430d-b857-ceba1037f809,https://jobs.lever.co/magnetforensics,lever,magnetforensics,seeded by SimplifyJobs Summer2026; seeded by PittCSC Summer2026,Live official ATS scrape.
Official Lever board,make-rain,Electrical Engineering Intern,"El Segundo, CA",,Engineering,,,,1776287907257,https://jobs.lever.co/make-rain/efabf946-ec0e-4da1-8fb8-05a35c105b9c,https://jobs.lever.co/make-rain,lever,make-rain,seeded by SimplifyJobs Summer2026; seeded by PittCSC Summer2026,Live official ATS scrape.
Official Lever board,make-rain,Electro-Mechanical Engineering Intern,"El Segundo, CA",,Engineering,,,,1770416194255,https://jobs.lever.co/make-rain/727d1d39-b704-46b9-a490-8de909d930a8,https://jobs.lever.co/make-rain,lever,make-rain,seeded by SimplifyJobs Summer2026; seeded by PittCSC Summer2026,Live official ATS scrape.
Official Lever board,make-rain,Mechanical Engineering Intern,"El Segundo, CA",,Engineering,,,,1777066571956,https://jobs.lever.co/make-rain/31902d26-bfd9-4afe-90c3-c861e20428d1,https://jobs.lever.co/make-rain,lever,make-rain,seeded by SimplifyJobs Summer2026; seeded by PittCSC Summer2026,Live official ATS scrape.
SimplifyJobs Summer2026; PittCSC Summer2026; Official Greenhouse board,Man Group,Man Global Markets (High-Frequency Quantitative Research) PhD Summer 2026 Internship,"New York, NY",,Quantitative Finance,Summer 2026,,Other,2025-10-17,https://job-boards.eu.greenhouse.io/mangroup/jobs/4675608101,https://github.com/SimplifyJobs/Summer2026-Internships; https://github.com/pittcsc/Summer2026-Internships; https://job-boards.greenhouse.io/mangroup,greenhouse,mangroup,startup-heavy ATS/apply host; seeded by PittCSC Summer2026; seeded by SimplifyJobs Summer2026,Active listing in broad internship index; kept because apply host is startup-heavy.; Active listing in broad internship index; kept because apply host is startup-heavy.; Live official ATS scrape.
Official Greenhouse board,mangroup,"Quant Research Analyst, Intern",Shanghai,,Numeric,,,,2026-05-22T08:31:17-04:00,https://job-boards.eu.greenhouse.io/mangroup/jobs/4847709101,https://job-boards.greenhouse.io/mangroup,greenhouse,mangroup,seeded by PittCSC Summer2026; seeded by SimplifyJobs Summer2026,Live official ATS scrape.
Official Greenhouse board,mangroup,"Quantitative Developer, Intern",Shanghai,,Numeric,,,,2026-05-22T08:31:17-04:00,https://job-boards.eu.greenhouse.io/mangroup/jobs/4847708101,https://job-boards.greenhouse.io/mangroup,greenhouse,mangroup,seeded by PittCSC Summer2026; seeded by SimplifyJobs Summer2026,Live official ATS scrape.
Official Greenhouse board,mangroup,Quantitative Research Intern – Specialist Equities,Hong Kong,,AHL,,,,2026-05-22T08:31:17-04:00,https://job-boards.eu.greenhouse.io/mangroup/jobs/4847714101,https://job-boards.greenhouse.io/mangroup,greenhouse,mangroup,seeded by PittCSC Summer2026; seeded by SimplifyJobs Summer2026,Live official ATS scrape.
Official Ashby board,marianaminerals,Chemical Engineering Intern,,Intern,,,,,2026-04-14T16:26:48.114+00:00,https://jobs.ashbyhq.com/marianaminerals/56508bc2-b1af-40c3-8340-d974334d8d6c,https://jobs.ashbyhq.com/marianaminerals,ashby,marianaminerals,seeded by SimplifyJobs Summer2026; seeded by PittCSC Summer2026,Live official ATS scrape.
Official Ashby board,marianaminerals,Field Engineering Intern,,Intern,,,,,2026-04-14T16:38:24.235+00:00,https://jobs.ashbyhq.com/marianaminerals/82cddcc9-9f9d-4f9d-be2b-80d532777416,https://jobs.ashbyhq.com/marianaminerals,ashby,marianaminerals,seeded by SimplifyJobs Summer2026; seeded by PittCSC Summer2026,Live official ATS scrape.
Official Ashby board,marianaminerals,Field Engineering Intern,,Intern,,,,,2026-04-14T16:37:34.358+00:00,https://jobs.ashbyhq.com/marianaminerals/aea63917-11ec-4474-b417-e232192c14d4,https://jobs.ashbyhq.com/marianaminerals,ashby,marianaminerals,seeded by SimplifyJobs Summer2026; seeded by PittCSC Summer2026,Live official ATS scrape.
Official Ashby board,marianaminerals,Full-Stack Software Engineering Intern,,Intern,,,,,2026-04-14T16:27:57.178+00:00,https://jobs.ashbyhq.com/marianaminerals/a8d2878d-bd25-4eff-9957-3925901bc40d,https://jobs.ashbyhq.com/marianaminerals,ashby,marianaminerals,seeded by SimplifyJobs Summer2026; seeded by PittCSC Summer2026,Live official ATS scrape.
Official Ashby board,marianaminerals,Machine Learning Engineering Intern,,Intern,,,,,2026-04-14T16:28:46.486+00:00,https://jobs.ashbyhq.com/marianaminerals/7974b67d-92d8-49a5-bef5-079320962aee,https://jobs.ashbyhq.com/marianaminerals,ashby,marianaminerals,seeded by SimplifyJobs Summer2026; seeded by PittCSC Summer2026,Live official ATS scrape.
Official Ashby board,marianaminerals,Mechanical Engineering Intern,,Intern,,,,,2026-04-14T16:15:28.937+00:00,https://jobs.ashbyhq.com/marianaminerals/3d0923a9-f0cf-4d96-91c9-5988665bf2f5,https://jobs.ashbyhq.com/marianaminerals,ashby,marianaminerals,seeded by SimplifyJobs Summer2026; seeded by PittCSC Summer2026,Live official ATS scrape.
Official Ashby board,marianaminerals,Mechanical Engineering Intern,,Intern,,,,,2026-04-14T16:17:13.283+00:00,https://jobs.ashbyhq.com/marianaminerals/a291cd14-c56e-4e33-a06f-2708bb08269f,https://jobs.ashbyhq.com/marianaminerals,ashby,marianaminerals,seeded by SimplifyJobs Summer2026; seeded by PittCSC Summer2026,Live official ATS scrape.
Official Ashby board,marianaminerals,Mining Engineering Intern,,Intern,,,,,2026-04-14T16:34:58.564+00:00,https://jobs.ashbyhq.com/marianaminerals/dd98bfe4-4126-46e2-b8e4-f502df27d8e9,https://jobs.ashbyhq.com/marianaminerals,ashby,marianaminerals,seeded by SimplifyJobs Summer2026; seeded by PittCSC Summer2026,Live official ATS scrape.
Official Ashby board,marianaminerals,Process Engineering Intern,,Intern,,,,,2026-04-14T16:19:37.519+00:00,https://jobs.ashbyhq.com/marianaminerals/4a03388b-7f1c-4c52-9bfc-27c5e6431880,https://jobs.ashbyhq.com/marianaminerals,ashby,marianaminerals,seeded by SimplifyJobs Summer2026; seeded by PittCSC Summer2026,Live official ATS scrape.
Official Ashby board,marianaminerals,Project Engineering Intern,,Intern,,,,,2026-04-14T18:25:17.663+00:00,https://jobs.ashbyhq.com/marianaminerals/3632d6b6-386a-441d-bb28-ee98b11650dc,https://jobs.ashbyhq.com/marianaminerals,ashby,marianaminerals,seeded by SimplifyJobs Summer2026; seeded by PittCSC Summer2026,Live official ATS scrape.
SimplifyJobs Summer2026; PittCSC Summer2026; Official Greenhouse board,Marshall Wace,Technology Intern - London - Summer 2026,"London, UK",,Software,Summer 2026,,Other,2025-11-07,https://job-boards.greenhouse.io/mwinternshipprogram/jobs/7998360002,https://github.com/SimplifyJobs/Summer2026-Internships; https://github.com/pittcsc/Summer2026-Internships; https://job-boards.greenhouse.io/mwinternshipprogram,greenhouse,mwinternshipprogram,startup-heavy ATS/apply host; seeded by PittCSC Summer2026; seeded by SimplifyJobs Summer2026,Active listing in broad internship index; kept because apply host is startup-heavy.; Active listing in broad internship index; kept because apply host is startup-heavy.; Live official ATS scrape.
Official Lever board,MBRDNA,ADAS Data Analytics Intern,"San Jose, CA",Intern,"OTA, Software Integration (4081)",,,,1778710950179,https://jobs.lever.co/MBRDNA/e801fdb7-7c75-4378-bff6-b3f197489262,https://jobs.lever.co/MBRDNA,lever,MBRDNA,seeded by SimplifyJobs Summer2026; seeded by PittCSC Summer2026,Live official ATS scrape.
Official Lever board,MBRDNA,Software Developer Internship,"San Jose, CA",Intern,"AI Products, Build and Testing (4086)",,,,1774291412972,https://jobs.lever.co/MBRDNA/bf597528-079f-47a1-965f-def393590f02,https://jobs.lever.co/MBRDNA,lever,MBRDNA,seeded by SimplifyJobs Summer2026; seeded by PittCSC Summer2026,Live official ATS scrape.
SimplifyJobs Summer2026; PittCSC Summer2026; Official Greenhouse board,Medical Informatics Engineering,Development Intern,"Fort Wayne, IN",,Software,Summer 2026,,Other,2026-02-03,https://job-boards.greenhouse.io/medicalinformaticsengineering/jobs/4116759009,https://github.com/SimplifyJobs/Summer2026-Internships; https://github.com/pittcsc/Summer2026-Internships; https://job-boards.greenhouse.io/medicalinformaticsengineering,greenhouse,medicalinformaticsengineering,startup-heavy ATS/apply host; seeded by SimplifyJobs Summer2026; seeded by PittCSC Summer2026,Active listing in broad internship index; kept because apply host is startup-heavy.; Active listing in broad internship index; kept because apply host is startup-heavy.; Live official ATS scrape.
Official Ashby board,melotech,AI/ML Engineer Intern,,FullTime,,,,,2026-02-23T12:59:59.465+00:00,https://jobs.ashbyhq.com/melotech/e99207bd-8a2f-4641-a463-08a6633a7073,https://jobs.ashbyhq.com/melotech,ashby,melotech,seeded by SimplifyJobs Summer2026,Live official ATS scrape.
Official Ashby board,melotech,"Data Science Intern, Music & Audio",,FullTime,,,,,2026-02-23T12:51:01.439+00:00,https://jobs.ashbyhq.com/melotech/f2f3e785-12a0-4d30-be43-e6c5c119a6c2,https://jobs.ashbyhq.com/melotech,ashby,melotech,seeded by SimplifyJobs Summer2026,Live official ATS scrape.
Official Ashby board,melotech,"Full-Stack Developer Intern, Music & Audio",,FullTime,,,,,2026-02-23T13:00:04.088+00:00,https://jobs.ashbyhq.com/melotech/15af19d9-a318-45a6-8a06-23053ea487a5,https://jobs.ashbyhq.com/melotech,ashby,melotech,seeded by SimplifyJobs Summer2026,Live official ATS scrape.
Official Ashby board,mercator,Software Engineer Intern,,FullTime,,,,,2026-01-12T18:29:29.553+00:00,https://jobs.ashbyhq.com/mercator/102d3cd4-fd35-4075-9552-fcb4e1497bb1,https://jobs.ashbyhq.com/mercator,ashby,mercator,seeded by local:internship_tracker_2026_05_27_opportunities.csv; seeded by local:internship_opportunities_last_30_days_2026-05-13.md,Live official ATS scrape.
SimplifyJobs Summer2026; PittCSC Summer2026; Official Greenhouse board,Meridian Partners,Front End Software Engineer Co-op,"Cambridge, MA",,Software,Spring 2026,,Other,2026-01-28,https://job-boards.greenhouse.io/morsecorpcoop/jobs/7608045003,https://github.com/SimplifyJobs/Summer2026-Internships; https://github.com/pittcsc/Summer2026-Internships; https://job-boards.greenhouse.io/morsecorpcoop,greenhouse,morsecorpcoop,startup-heavy ATS/apply host; seeded by SimplifyJobs Summer2026; seeded by PittCSC Summer2026,Active listing in broad internship index; kept because apply host is startup-heavy.; Active listing in broad internship index; kept because apply host is startup-heavy.; Live official ATS scrape.
SimplifyJobs Summer2026; PittCSC Summer2026; Official Greenhouse board,Meridian Partners,Human Computer Interaction – Engineer Co-op - Human Computer Interaction,"Cambridge, MA",,Software,Spring 2026,,Other,2026-01-28,https://job-boards.greenhouse.io/morsecorpcoop/jobs/7608049003,https://github.com/SimplifyJobs/Summer2026-Internships; https://github.com/pittcsc/Summer2026-Internships; https://job-boards.greenhouse.io/morsecorpcoop,greenhouse,morsecorpcoop,startup-heavy ATS/apply host; seeded by SimplifyJobs Summer2026; seeded by PittCSC Summer2026,Active listing in broad internship index; kept because apply host is startup-heavy.; Active listing in broad internship index; kept because apply host is startup-heavy.; Live official ATS scrape.
SimplifyJobs Summer2026; PittCSC Summer2026; Official Greenhouse board,Meridian Partners,Python Software Engineer Co-op,"Cambridge, MA",,Software,Spring 2026,,Other,2026-01-28,https://job-boards.greenhouse.io/morsecorpcoop/jobs/7608058003,https://github.com/SimplifyJobs/Summer2026-Internships; https://github.com/pittcsc/Summer2026-Internships; https://job-boards.greenhouse.io/morsecorpcoop,greenhouse,morsecorpcoop,startup-heavy ATS/apply host; seeded by SimplifyJobs Summer2026; seeded by PittCSC Summer2026,Active listing in broad internship index; kept because apply host is startup-heavy.; Active listing in broad internship index; kept because apply host is startup-heavy.; Live official ATS scrape.
Official Lever board,mistral,Applied Scientist / Research Engineer (Internship),Paris,Full-time,Solutions,,,,1746803269118,https://jobs.lever.co/mistral/426ef8c0-eb26-4004-a690-f33c62b445a7,https://jobs.lever.co/mistral,lever,mistral,seeded by SimplifyJobs Summer2026; seeded by PittCSC Summer2026,Live official ATS scrape.
Official Greenhouse board,morsecorpcoop,Android Software Engineer Graduate Co-op,"Cambridge, MA",,Co-op,,,,2026-05-05T23:03:38-04:00,https://job-boards.greenhouse.io/morsecorpcoop/jobs/7608032003,https://job-boards.greenhouse.io/morsecorpcoop,greenhouse,morsecorpcoop,seeded by SimplifyJobs Summer2026; seeded by PittCSC Summer2026,Live official ATS scrape.
Official Greenhouse board,morsecorpcoop,Full Stack Software Engineer Co-op,"Cambridge, MA",,Co-op,,,,2026-05-05T23:03:38-04:00,https://job-boards.greenhouse.io/morsecorpcoop/jobs/7608048003,https://job-boards.greenhouse.io/morsecorpcoop,greenhouse,morsecorpcoop,seeded by SimplifyJobs Summer2026; seeded by PittCSC Summer2026,Live official ATS scrape.
Official Greenhouse board,msfcareers,Principal & Major Gifts Intern,"New York, New York, United States",,Development,,,,2026-04-27T14:41:53-04:00,https://job-boards.greenhouse.io/msfcareers/jobs/5201856008,https://job-boards.greenhouse.io/msfcareers,greenhouse,msfcareers,seeded by PittCSC Summer2026; seeded by SimplifyJobs Summer2026,Live official ATS scrape.
Official Ashby board,Nash,Full Stack Engineering Intern,,FullTime,,,,,2026-05-19T16:54:06.556+00:00,https://jobs.ashbyhq.com/Nash/5d2387ea-c478-433b-b3db-30115d1984c5,https://jobs.ashbyhq.com/Nash,ashby,Nash,seeded by SimplifyJobs Summer2026,Live official ATS scrape.
Official Greenhouse board,neuralink,Analog and Mixed-Signal IC Design Engineer Intern,"South San Francisco, California, United States",,Internships,,,,2026-05-21T15:13:47-04:00,https://boards.greenhouse.io/neuralink/jobs/7565469003?gh_jid=7565469003,https://job-boards.greenhouse.io/neuralink,greenhouse,neuralink,seeded by SimplifyJobs Summer2026; seeded by PittCSC Summer2026,Live official ATS scrape.
SimplifyJobs Summer2026; PittCSC Summer2026; Official Greenhouse board,Neuralink,Digital IC Design Engineer Intern,"Fremont, CA",,Hardware,Winter 2025,,Other,2025-10-28,https://boards.greenhouse.io/neuralink/jobs/7090489003,https://github.com/SimplifyJobs/Summer2026-Internships; https://github.com/pittcsc/Summer2026-Internships; https://job-boards.greenhouse.io/neuralink,greenhouse,neuralink,startup-heavy ATS/apply host; seeded by SimplifyJobs Summer2026; seeded by PittCSC Summer2026,Active listing in broad internship index; kept because apply host is startup-heavy.; Active listing in broad internship index; kept because apply host is startup-heavy.; Live official ATS scrape.
Official Greenhouse board,neuralink,"Electrical Engineer Intern, Implant Embedded Systems","Austin, Texas, United States; South San Francisco, California, United States",,Internships,,,,2026-05-21T15:24:46-04:00,https://boards.greenhouse.io/neuralink/jobs/7702527003?gh_jid=7702527003,https://job-boards.greenhouse.io/neuralink,greenhouse,neuralink,seeded by SimplifyJobs Summer2026; seeded by PittCSC Summer2026,Live official ATS scrape.
Official Greenhouse board,neuralink,"Electrical Engineer Intern, Robotics and Surgery Engineering","South San Francisco, California, United States",,Internships,,,,2026-05-21T17:30:00-04:00,https://boards.greenhouse.io/neuralink/jobs/6607398003?gh_jid=6607398003,https://job-boards.greenhouse.io/neuralink,greenhouse,neuralink,seeded by SimplifyJobs Summer2026; seeded by PittCSC Summer2026,Live official ATS scrape.
PittCSC Summer2026; Official Greenhouse board,Neuralink,Embedded Software Engineer Intern - Implant Embedded Systems,"Fremont, CA",,Hardware,Winter 2025,,Other,2025-09-26,https://boards.greenhouse.io/neuralink/jobs/6283663003,https://github.com/pittcsc/Summer2026-Internships; https://job-boards.greenhouse.io/neuralink,greenhouse,neuralink,startup-heavy ATS/apply host; seeded by SimplifyJobs Summer2026; seeded by PittCSC Summer2026,Active listing in broad internship index; kept because apply host is startup-heavy.; Live official ATS scrape.
Official Greenhouse board,neuralink,"Firmware Engineer Intern, Robotics and Surgery Engineering","South San Francisco, California, United States",,Internships,,,,2026-05-21T17:31:03-04:00,https://boards.greenhouse.io/neuralink/jobs/6648992003?gh_jid=6648992003,https://job-boards.greenhouse.io/neuralink,greenhouse,neuralink,seeded by SimplifyJobs Summer2026; seeded by PittCSC Summer2026,Live official ATS scrape.
SimplifyJobs Summer2026; PittCSC Summer2026; Official Greenhouse board,Neuralink,Machine Learning Engineer Intern,"Fremont, CA",,AI/ML/Data,Summer 2026,,Other,2026-05-13,https://boards.greenhouse.io/neuralink/jobs/6594261003,https://github.com/SimplifyJobs/Summer2026-Internships; https://github.com/pittcsc/Summer2026-Internships; https://job-boards.greenhouse.io/neuralink,greenhouse,neuralink,startup-heavy ATS/apply host; seeded by SimplifyJobs Summer2026; seeded by PittCSC Summer2026,Active listing in broad internship index; kept because apply host is startup-heavy.; Active listing in broad internship index; kept because apply host is startup-heavy.; Live official ATS scrape.
Official Greenhouse board,neuralink,"Manufacturing Intern, Surgery & Robot Hardware","South San Francisco, California, United States",,Internships,,,,2026-05-21T13:49:25-04:00,https://boards.greenhouse.io/neuralink/jobs/7666761003?gh_jid=7666761003,https://job-boards.greenhouse.io/neuralink,greenhouse,neuralink,seeded by SimplifyJobs Summer2026; seeded by PittCSC Summer2026,Live official ATS scrape.
Official Greenhouse board,neuralink,"Mechanical Engineering Intern, Brain Interfaces","Austin, Texas, United States; South San Francisco, California, United States",,Internships,,,,2026-05-21T13:47:50-04:00,https://boards.greenhouse.io/neuralink/jobs/6545426003?gh_jid=6545426003,https://job-boards.greenhouse.io/neuralink,greenhouse,neuralink,seeded by SimplifyJobs Summer2026; seeded by PittCSC Summer2026,Live official ATS scrape.
Official Greenhouse board,neuralink,"Mechanical Engineering Intern, Robotics","South San Francisco, California, United States",,Internships,,,,2026-05-21T17:32:00-04:00,https://boards.greenhouse.io/neuralink/jobs/6514169003?gh_jid=6514169003,https://job-boards.greenhouse.io/neuralink,greenhouse,neuralink,seeded by SimplifyJobs Summer2026; seeded by PittCSC Summer2026,Live official ATS scrape.
Official Greenhouse board,neuralink,Software Engineer Intern,"Austin, Texas, United States; South San Francisco, California, United States",,Internships,,,,2026-05-21T15:30:55-04:00,https://boards.greenhouse.io/neuralink/jobs/6672977003?gh_jid=6672977003,https://job-boards.greenhouse.io/neuralink,greenhouse,neuralink,seeded by SimplifyJobs Summer2026; seeded by PittCSC Summer2026,Live official ATS scrape.
SimplifyJobs Summer2026; PittCSC Summer2026; Official Greenhouse board,Neuralink,Software Engineer Intern - BCI Applications,"Fremont, CA",,Software,Winter 2025,,Other,2025-11-30,https://boards.greenhouse.io/neuralink/jobs/6594422003,https://github.com/SimplifyJobs/Summer2026-Internships; https://github.com/pittcsc/Summer2026-Internships; https://job-boards.greenhouse.io/neuralink,greenhouse,neuralink,startup-heavy ATS/apply host; seeded by SimplifyJobs Summer2026; seeded by PittCSC Summer2026,Active listing in broad internship index; kept because apply host is startup-heavy.; Active listing in broad internship index; kept because apply host is startup-heavy.; Live official ATS scrape.
SimplifyJobs Summer2026; PittCSC Summer2026; Official Greenhouse board,Neuralink,Software Engineer Intern - Infrastructure,"Fremont, CA",,Software,Summer 2026,,Other,2026-05-16,https://boards.greenhouse.io/neuralink/jobs/5469298003,https://github.com/SimplifyJobs/Summer2026-Internships; https://github.com/pittcsc/Summer2026-Internships; https://job-boards.greenhouse.io/neuralink,greenhouse,neuralink,startup-heavy ATS/apply host; seeded by SimplifyJobs Summer2026; seeded by PittCSC Summer2026,Active listing in broad internship index; kept because apply host is startup-heavy.; Active listing in broad internship index; kept because apply host is startup-heavy.; Live official ATS scrape.
Official Greenhouse board,neuralink,"Software Engineer Intern, Implant","Austin, Texas, United States; South San Francisco, California, United States",,Internships,,,,2026-05-21T13:31:28-04:00,https://boards.greenhouse.io/neuralink/jobs/6569018003?gh_jid=6569018003,https://job-boards.greenhouse.io/neuralink,greenhouse,neuralink,seeded by SimplifyJobs Summer2026; seeded by PittCSC Summer2026,Live official ATS scrape.
Official Greenhouse board,neuralink,"Software Engineer Intern, Robotics","Austin, Texas, United States; South San Francisco, California, United States",,Internships,,,,2026-05-21T14:02:01-04:00,https://boards.greenhouse.io/neuralink/jobs/5469305003?gh_jid=5469305003,https://job-boards.greenhouse.io/neuralink,greenhouse,neuralink,seeded by SimplifyJobs Summer2026; seeded by PittCSC Summer2026,Live official ATS scrape.
SimplifyJobs Summer2026; PittCSC Summer2026; Official Greenhouse board,NewsBreak,AI Development Intern,"Mountain View, CA",,Software,Spring 2026,,Other,2026-01-06,https://job-boards.greenhouse.io/newsbreak/jobs/4638840006,https://github.com/SimplifyJobs/Summer2026-Internships; https://github.com/pittcsc/Summer2026-Internships; https://job-boards.greenhouse.io/newsbreak,greenhouse,newsbreak,startup-heavy ATS/apply host; seeded by PittCSC Summer2026; seeded by SimplifyJobs Summer2026,Active listing in broad internship index; kept because apply host is startup-heavy.; Active listing in broad internship index; kept because apply host is startup-heavy.; Live official ATS scrape.
SimplifyJobs Summer2026; PittCSC Summer2026; Official Greenhouse board,NewsBreak,Engineering High-Potential Launch Program Intern to Full-Time Program,"Mountain View, CA",,AI/ML/Data,Winter 2026,,Other,2025-11-27,https://job-boards.greenhouse.io/newsbreak/jobs/4621307006,https://github.com/SimplifyJobs/Summer2026-Internships; https://github.com/pittcsc/Summer2026-Internships; https://job-boards.greenhouse.io/newsbreak,greenhouse,newsbreak,startup-heavy ATS/apply host; seeded by PittCSC Summer2026; seeded by SimplifyJobs Summer2026,Active listing in broad internship index; kept because apply host is startup-heavy.; Active listing in broad internship index; kept because apply host is startup-heavy.; Live official ATS scrape.
Official Greenhouse board,nirmata,AI Software Engineer Intern,"San Jose, Hybrid",,Engineering,,,,2026-04-28T06:30:35-04:00,https://job-boards.greenhouse.io/nirmata/jobs/4606513008,https://job-boards.greenhouse.io/nirmata,greenhouse,nirmata,seeded by local:internship_opportunities_last_30_days_2026-05-13.md; seeded by local:internship_tracker_2026_05_27_opportunities.csv; seeded by local:internship_opportunities_2026-05-13.md,Live official ATS scrape.
Official Greenhouse board,nirmata,"Software Engineer Intern, India","Bangalore, Hybrid",,Engineering,,,,2026-04-28T14:51:22-04:00,https://job-boards.greenhouse.io/nirmata/jobs/5040355008,https://job-boards.greenhouse.io/nirmata,greenhouse,nirmata,seeded by local:internship_opportunities_last_30_days_2026-05-13.md; seeded by local:internship_tracker_2026_05_27_opportunities.csv; seeded by local:internship_opportunities_2026-05-13.md,Live official ATS scrape.
SimplifyJobs Summer2026; PittCSC Summer2026; Official Greenhouse board,Notability,Android Software Engineer Co-op,SF,,Software,Summer 2026,,Other,2026-03-13,https://job-boards.greenhouse.io/gingerlabsinc/jobs/5129674008,https://github.com/SimplifyJobs/Summer2026-Internships; https://github.com/pittcsc/Summer2026-Internships; https://job-boards.greenhouse.io/gingerlabsinc,greenhouse,gingerlabsinc,startup-heavy ATS/apply host; seeded by SimplifyJobs Summer2026; seeded by PittCSC Summer2026,Active listing in broad internship index; kept because apply host is startup-heavy.; Active listing in broad internship index; kept because apply host is startup-heavy.; Live official ATS scrape.
Official Ashby board,notion,Software Engineer Intern (Fall 2026),,Intern,,,,,2026-04-06T22:40:58.312+00:00,https://jobs.ashbyhq.com/notion/5b15697c-fa91-4511-9482-c98a6ff29f90,https://jobs.ashbyhq.com/notion,ashby,notion,seeded by PittCSC Summer2026; seeded by SimplifyJobs Summer2026,Live official ATS scrape.
Official Ashby board,NPX,AI Developer Co-op,,Intern,,,,,2026-02-20T14:54:10.833+00:00,https://jobs.ashbyhq.com/NPX/4a250618-dcfb-4ec9-8687-b2be9e2d6ef2,https://jobs.ashbyhq.com/NPX,ashby,NPX,seeded by SimplifyJobs Summer2026,Live official ATS scrape.
Official Ashby board,NPX,Design Engineering Intern,,Intern,,,,,2026-02-24T22:14:47.954+00:00,https://jobs.ashbyhq.com/NPX/4e2f6fd7-26dd-47d9-aa3c-b7ff6bdb2cdb,https://jobs.ashbyhq.com/NPX,ashby,NPX,seeded by SimplifyJobs Summer2026,Live official ATS scrape.
Official Ashby board,NPX,Software Developer Intern,,Intern,,,,,2026-05-08T20:44:17.679+00:00,https://jobs.ashbyhq.com/NPX/048ca8da-bfb9-4454-8147-ac9497629634,https://jobs.ashbyhq.com/NPX,ashby,NPX,seeded by SimplifyJobs Summer2026,Live official ATS scrape.
SimplifyJobs Summer2026; PittCSC Summer2026; Official Greenhouse board,Octaura,Intern Software Engineer,NYC,,Software,Summer 2026,,Other,2025-11-14,https://job-boards.greenhouse.io/octaura/jobs/4662934007,https://github.com/SimplifyJobs/Summer2026-Internships; https://github.com/pittcsc/Summer2026-Internships; https://job-boards.greenhouse.io/octaura,greenhouse,octaura,startup-heavy ATS/apply host; seeded by PittCSC Summer2026; seeded by SimplifyJobs Summer2026,Active listing in broad internship index; kept because apply host is startup-heavy.; Active listing in broad internship index; kept because apply host is startup-heavy.; Live official ATS scrape.
SimplifyJobs Summer2026; PittCSC Summer2026; Official Greenhouse board,OTR Solutions,Technology Intern,"Roswell, GA",,Software,Summer 2026,,Other,2026-02-05,https://job-boards.greenhouse.io/otrcapital1/jobs/4659147002,https://github.com/SimplifyJobs/Summer2026-Internships; https://github.com/pittcsc/Summer2026-Internships; https://job-boards.greenhouse.io/otrcapital1,greenhouse,otrcapital1,startup-heavy ATS/apply host; seeded by PittCSC Summer2026; seeded by SimplifyJobs Summer2026,Active listing in broad internship index; kept because apply host is startup-heavy.; Active listing in broad internship index; kept because apply host is startup-heavy.; Live official ATS scrape.
SimplifyJobs Summer2026; PittCSC Summer2026; Official Ashby board,Output Biosciences,"Research Intern, Machine Learning","New York, NY; San Francisco, CA",FullTime,"Data Science, AI & Machine Learning",Summer 2026,,Other,2026-04-14,https://jobs.ashbyhq.com/output/da2723ca-a418-49f1-b7da-a4f383dd8239,https://github.com/SimplifyJobs/Summer2026-Internships; https://github.com/pittcsc/Summer2026-Internships; https://jobs.ashbyhq.com/output,ashby,output,startup-heavy ATS/apply host; seeded by PittCSC Summer2026; seeded by SimplifyJobs Summer2026,Active listing in broad internship index; kept because apply host is startup-heavy.; Active listing in broad internship index; kept because apply host is startup-heavy.; Live official ATS scrape.
Official Lever board,palantir,"Forward Deployed Software Engineer, Internship","Paris, France",Full-time,Delta,,,,1778068078850,https://jobs.lever.co/palantir/1b6f1d82-d459-4dea-8bc2-8d2ffe6f881a,https://jobs.lever.co/palantir,lever,palantir,seeded by PittCSC Summer2026; seeded by SimplifyJobs Summer2026,Live official ATS scrape.
Official Lever board,palantir,"Forward Deployed Software Engineer, Internship - France","New York, NY",Internship,Delta,,,,1773145615948,https://jobs.lever.co/palantir/ac0dc094-2480-43c2-8495-26ade227ff4f,https://jobs.lever.co/palantir,lever,palantir,seeded by PittCSC Summer2026; seeded by SimplifyJobs Summer2026,Live official ATS scrape.
Official Lever board,palantir,"Forward Deployed Software Engineer, Internship - Poland","New York, NY",Internship,Delta,,,,1771501153186,https://jobs.lever.co/palantir/d582cd84-14fd-4aa3-b413-15982d286bd9,https://jobs.lever.co/palantir,lever,palantir,seeded by PittCSC Summer2026; seeded by SimplifyJobs Summer2026,Live official ATS scrape.
Official Lever board,palantir,"Forward Deployed Software Engineer, Internship - US Government","Honolulu, HI",Internship,Delta,,,,1765491974632,https://jobs.lever.co/palantir/315f695d-04d1-4a9a-848e-cb2bec7a997e,https://jobs.lever.co/palantir,lever,palantir,seeded by PittCSC Summer2026; seeded by SimplifyJobs Summer2026,Live official ATS scrape.
Official Lever board,palantir,"Year at Palantir - Forward Deployed Software Engineer, Internship - Commercial","New York, NY",Internship,Delta,,,,1774033367514,https://jobs.lever.co/palantir/e6789b17-62fb-4226-a079-f8c17ff19e2d,https://jobs.lever.co/palantir,lever,palantir,seeded by PittCSC Summer2026; seeded by SimplifyJobs Summer2026,Live official ATS scrape.
Official Lever board,palantir,"Year at Palantir - Forward Deployed Software Engineer, Internship - USG","Washington, D.C.",Internship,Delta,,,,1776979025046,https://jobs.lever.co/palantir/5c4c65c5-77da-4d36-856c-4ade87631019,https://jobs.lever.co/palantir,lever,palantir,seeded by PittCSC Summer2026; seeded by SimplifyJobs Summer2026,Live official ATS scrape.
Official Lever board,palantir,"Year at Palantir - Forward Deployed Software Engineer, Internship - USG","New York, NY",Internship,Delta,,,,1774033522216,https://jobs.lever.co/palantir/5c7bb70c-83ea-43e7-8055-0c8f319f4333,https://jobs.lever.co/palantir,lever,palantir,seeded by PittCSC Summer2026; seeded by SimplifyJobs Summer2026,Live official ATS scrape.
Official Ashby board,parspec,Applied AI Engineer Intern,,FullTime,,,,,2026-05-18T23:34:15.219+00:00,https://jobs.ashbyhq.com/parspec/0a897c21-0df7-40ba-85f2-694bf6678504,https://jobs.ashbyhq.com/parspec,ashby,parspec,seeded by SimplifyJobs Summer2026,Live official ATS scrape.
SimplifyJobs Summer2026; Official Greenhouse board,Per Scholas,Data Research Intern,United States,,AI/ML/Data,Summer 2026,,Other,2026-05-21,https://job-boards.greenhouse.io/perscholashires/jobs/4682217006,https://github.com/SimplifyJobs/Summer2026-Internships; https://job-boards.greenhouse.io/perscholashires,greenhouse,perscholashires,startup-heavy ATS/apply host; seeded by SimplifyJobs Summer2026; seeded by PittCSC Summer2026,Active listing in broad internship index; kept because apply host is startup-heavy.; Live official ATS scrape.
SimplifyJobs Summer2026; PittCSC Summer2026; Official Greenhouse board,Perpay,Software Engineering Intern,"Philadelphia, PA",,Software,Winter 2026; Spring 2026; Summer 2026; Fall 2026; Winter 2027; Spring 2027; Summer 2027,,Other,2026-03-13,https://job-boards.greenhouse.io/perpay/jobs/4076988007,https://github.com/SimplifyJobs/Summer2026-Internships; https://github.com/pittcsc/Summer2026-Internships; https://job-boards.greenhouse.io/perpay,greenhouse,perpay,startup-heavy ATS/apply host; seeded by SimplifyJobs Summer2026; seeded by PittCSC Summer2026,Active listing in broad internship index; kept because apply host is startup-heavy.; Active listing in broad internship index; kept because apply host is startup-heavy.; Live official ATS scrape.
Official Ashby board,Perplexity,Internship - Search Backend Infra Engineer,,FullTime,,,,,2026-01-13T22:31:10.457+00:00,https://jobs.ashbyhq.com/Perplexity/be94e89b-89d5-4f2a-a58b-7929c8d97f92,https://jobs.ashbyhq.com/Perplexity,ashby,Perplexity,seeded by SimplifyJobs Summer2026; seeded by PittCSC Summer2026,Live official ATS scrape.
Official Ashby board,Perplexity,Internship - Search Machine Learning Engineer,,FullTime,,,,,2026-01-13T21:20:02.894+00:00,https://jobs.ashbyhq.com/Perplexity/9246cf02-26fd-4ae8-90c5-639c6e85e9e2,https://jobs.ashbyhq.com/Perplexity,ashby,Perplexity,seeded by SimplifyJobs Summer2026; seeded by PittCSC Summer2026,Live official ATS scrape.
Official Ashby board,Perplexity,Internship - Search Machine Learning Engineer,,FullTime,,,,,2026-04-08T13:33:01.709+00:00,https://jobs.ashbyhq.com/Perplexity/71168628-1998-47d3-87a9-be7bc56a430d,https://jobs.ashbyhq.com/Perplexity,ashby,Perplexity,seeded by SimplifyJobs Summer2026; seeded by PittCSC Summer2026,Live official ATS scrape.
SimplifyJobs Summer2026; Official Greenhouse board,Phamily,Business Intelligence & Data Analytics Intern - Undergraduate,NYC,,AI/ML/Data,Summer 2026,,Other,2026-05-20,https://job-boards.greenhouse.io/jobsatphamily/jobs/5227296008,https://github.com/SimplifyJobs/Summer2026-Internships; https://job-boards.greenhouse.io/jobsatphamily,greenhouse,jobsatphamily,startup-heavy ATS/apply host; seeded by SimplifyJobs Summer2026,Active listing in broad internship index; kept because apply host is startup-heavy.; Live official ATS scrape.
SimplifyJobs Summer2026; Official Greenhouse board,Phamily,Machine Learning Intern - Research and Development,NYC,,AI/ML/Data,Summer 2026,,Other,2026-05-20,https://job-boards.greenhouse.io/jobsatphamily/jobs/5227172008,https://github.com/SimplifyJobs/Summer2026-Internships; https://job-boards.greenhouse.io/jobsatphamily,greenhouse,jobsatphamily,startup-heavy ATS/apply host; seeded by SimplifyJobs Summer2026,Active listing in broad internship index; kept because apply host is startup-heavy.; Live official ATS scrape.
Official Ashby board,phil,AI Engineering Intern,,FullTime,,,,,2026-05-14T23:12:04.467+00:00,https://jobs.ashbyhq.com/phil/4626509e-297e-4a03-b5b1-7d72cbbc5b82,https://jobs.ashbyhq.com/phil,ashby,phil,seeded by PittCSC Summer2026; seeded by SimplifyJobs Summer2026,Live official ATS scrape.
Official Ashby board,phonely,Software Engineer Intern,,FullTime,,,,,2026-05-08T17:29:07.968+00:00,https://jobs.ashbyhq.com/phonely/c83696cb-ca3a-4a9d-9e87-bfcf4f79fef5,https://jobs.ashbyhq.com/phonely,ashby,phonely,seeded by local:internship_tracker_2026_05_27_opportunities.csv; seeded by local:internship_opportunities_last_30_days_2026-05-13.md,Live official ATS scrape.
Official Ashby board,physicalintelligence,Hardware Systems Intern,,FullTime,,,,,2026-04-24T17:26:06.729+00:00,https://jobs.ashbyhq.com/physicalintelligence/96bc1142-f406-4df3-aaa0-4bcce85f457f,https://jobs.ashbyhq.com/physicalintelligence,ashby,physicalintelligence,seeded by SimplifyJobs Summer2026; seeded by PittCSC Summer2026,Live official ATS scrape.
SimplifyJobs Summer2026; PittCSC Summer2026; Official Greenhouse board,Planet,Intern Mission Optimization Engineer,SF,,Software,Summer 2026,,Other,2026-04-02,https://job-boards.greenhouse.io/planetlabs/jobs/7728001,https://github.com/SimplifyJobs/Summer2026-Internships; https://github.com/pittcsc/Summer2026-Internships; https://job-boards.greenhouse.io/planetlabs,greenhouse,planetlabs,startup-heavy ATS/apply host; seeded by PittCSC Summer2026; seeded by SimplifyJobs Summer2026,Active listing in broad internship index; kept because apply host is startup-heavy.; Active listing in broad internship index; kept because apply host is startup-heavy.; Live official ATS scrape.
Official Lever board,plus-2,Computer Vision Engineer Intern,"Santa Clara, CA",Intern,Perception,,,,1779493123279,https://jobs.lever.co/plus-2/c143df6e-66c2-4498-b19b-8323f9954ca9,https://jobs.lever.co/plus-2,lever,plus-2,seeded by SimplifyJobs Summer2026,Live official ATS scrape.
Official Lever board,plus-2,Deep Learning Research Intern,"Santa Clara, CA",Intern,Perception,,,,1779493395810,https://jobs.lever.co/plus-2/2f2c1cd9-f099-483a-9717-0da83a391333,https://jobs.lever.co/plus-2,lever,plus-2,seeded by SimplifyJobs Summer2026,Live official ATS scrape.
Official Lever board,plus-2,Machine Learning Engineer Intern,"Santa Clara, CA",Intern,Planning,,,,1779319017376,https://jobs.lever.co/plus-2/5d71c173-fef1-409f-b3f0-750e3b828266,https://jobs.lever.co/plus-2,lever,plus-2,seeded by SimplifyJobs Summer2026,Live official ATS scrape.
Official Lever board,plus-2,Machine Learning Engineer Intern,"Santa Clara, CA",Intern,Data,,,,1778811243769,https://jobs.lever.co/plus-2/b69c9b6d-483f-41d4-b487-97c99332ca40,https://jobs.lever.co/plus-2,lever,plus-2,seeded by SimplifyJobs Summer2026,Live official ATS scrape.
Official Lever board,plus-2,Machine Learning Engineer Intern - Planning,"Santa Clara, CA",Intern,Planning,,,,1779316802721,https://jobs.lever.co/plus-2/91a07eb1-2244-48bf-a65b-dc166a327ddc,https://jobs.lever.co/plus-2,lever,plus-2,seeded by SimplifyJobs Summer2026,Live official ATS scrape.
Official Lever board,plus-2,Machine Learning Engineer Intern - Scenario Generation,"Santa Clara, CA",Intern,Simulation,,,,1779313808004,https://jobs.lever.co/plus-2/1432ed29-d5e2-4348-acc4-9c42bf0897e2,https://jobs.lever.co/plus-2,lever,plus-2,seeded by SimplifyJobs Summer2026,Live official ATS scrape.
Official Lever board,plus-2,Machine Learning Engineer Intern- Scenario Simulation,"Santa Clara, CA",Intern,Planning,,,,1779312458524,https://jobs.lever.co/plus-2/b4f750e7-0148-41f0-b2b1-ff054450a320,https://jobs.lever.co/plus-2,lever,plus-2,seeded by SimplifyJobs Summer2026,Live official ATS scrape.
Official Lever board,plus-2,Machine Learning Infrastructure Engineer Intern,"Santa Clara, CA",Intern,Data,,,,1778811789495,https://jobs.lever.co/plus-2/30dd9b9b-48c8-4777-97f6-8edb30db12e4,https://jobs.lever.co/plus-2,lever,plus-2,seeded by SimplifyJobs Summer2026,Live official ATS scrape.
Official Lever board,plus-2,Reinforcement Learning Planning Research Intern,"Santa Clara, CA",Intern,Perception,,,,1779493580065,https://jobs.lever.co/plus-2/7565aed4-41b0-44e9-8608-3ccd07e18262,https://jobs.lever.co/plus-2,lever,plus-2,seeded by SimplifyJobs Summer2026,Live official ATS scrape.
Official Lever board,plus-2,Research Engineer Intern,"Santa Clara, CA",Intern,Mapping and Localization,,,,1779469076636,https://jobs.lever.co/plus-2/5f066e92-3ca3-4c04-ae21-2377352166ca,https://jobs.lever.co/plus-2,lever,plus-2,seeded by SimplifyJobs Summer2026,Live official ATS scrape.
Official Lever board,plus-2,Research Engineer Intern - Control,"Santa Clara, CA",Intern,Controls,,,,1779314564978,https://jobs.lever.co/plus-2/ac7f8f73-88d0-48d5-8d4f-71ed4cfa6ecc,https://jobs.lever.co/plus-2,lever,plus-2,seeded by SimplifyJobs Summer2026,Live official ATS scrape.
Official Lever board,plus-2,Research Engineer Intern - Mapping & Localization,"Santa Clara, CA",Intern,Mapping and Localization,,,,1779492735772,https://jobs.lever.co/plus-2/efbb82d3-1c4a-4fc9-8b40-ee1545085061,https://jobs.lever.co/plus-2,lever,plus-2,seeded by SimplifyJobs Summer2026,Live official ATS scrape.
Official Lever board,plus-2,Robotics Systems Intern - Sensor Platform,"Santa Clara, CA",Intern,Sensor Platform,,,,1779317331408,https://jobs.lever.co/plus-2/c6560f15-5446-442a-878d-b7c72606149b,https://jobs.lever.co/plus-2,lever,plus-2,seeded by SimplifyJobs Summer2026,Live official ATS scrape.
Official Lever board,plus-2,Simulation Engineer Intern,"Santa Clara, CA",Intern,Data,,,,1778812100747,https://jobs.lever.co/plus-2/a58986e8-c9a0-4ca3-a8f1-6abec1e88464,https://jobs.lever.co/plus-2,lever,plus-2,seeded by SimplifyJobs Summer2026,Live official ATS scrape.
Official Lever board,plus-2,Software Engineer Intern - Data,"Santa Clara, CA",Intern,Data,,,,1778810535469,https://jobs.lever.co/plus-2/012a2134-8a6a-4982-8f25-f906178a24e4,https://jobs.lever.co/plus-2,lever,plus-2,seeded by SimplifyJobs Summer2026,Live official ATS scrape.
Official Lever board,plus-2,Software Engineer Intern - Data Infrastructure and Tools,"Santa Clara, CA",Intern,Data,,,,1778809917232,https://jobs.lever.co/plus-2/06b808df-85a1-4ddd-863c-3e1cbe61eda9,https://jobs.lever.co/plus-2,lever,plus-2,seeded by SimplifyJobs Summer2026,Live official ATS scrape.
Official Lever board,plus-2,Software Engineer Intern - Robotics,"Santa Clara, CA",Intern,Robotics,,,,1779315498139,https://jobs.lever.co/plus-2/7a1afea9-b468-4b7c-a508-185e8e4032db,https://jobs.lever.co/plus-2,lever,plus-2,seeded by SimplifyJobs Summer2026,Live official ATS scrape.
Official Lever board,plus-2,"Software Engineer Intern- Runtime, Robotics","Santa Clara, CA",Intern,Runtime Platform,,,,1779315796008,https://jobs.lever.co/plus-2/a3bcdba6-b0d0-46ba-9af3-a387926a6fb4,https://jobs.lever.co/plus-2,lever,plus-2,seeded by SimplifyJobs Summer2026,Live official ATS scrape.
Official Lever board,plus-2,Systems Engineering Intern,"Santa Clara, CA",Intern,Safety and Systems,,,,1779483290218,https://jobs.lever.co/plus-2/bbdaa94b-6c29-4b1b-b810-05cda3c08d03,https://jobs.lever.co/plus-2,lever,plus-2,seeded by SimplifyJobs Summer2026,Live official ATS scrape.
Official Lever board,plus-2,Systems Engineering Intern,"Santa Clara, CA",Intern,Safety and Systems,,,,1779402649516,https://jobs.lever.co/plus-2/d5159df2-51d7-49af-816f-00a76ccccdb4,https://jobs.lever.co/plus-2,lever,plus-2,seeded by SimplifyJobs Summer2026,Live official ATS scrape.
SimplifyJobs Summer2026; Official Greenhouse board,Podium,Software Engineer Intern,"Lehi, UT",,Software,Summer 2026,,Other,2026-05-18,https://job-boards.greenhouse.io/podium81/jobs/7939921,https://github.com/SimplifyJobs/Summer2026-Internships; https://job-boards.greenhouse.io/podium81,greenhouse,podium81,startup-heavy ATS/apply host; seeded by SimplifyJobs Summer2026,Active listing in broad internship index; kept because apply host is startup-heavy.; Live official ATS scrape.
Official Greenhouse board,point72,2026 Technology Internship – Software Engineer,"Warsaw, Poland",,Technology,,,,2026-05-21T18:05:55-04:00,https://boards.greenhouse.io/point72/jobs/8406727002?gh_jid=8406727002,https://job-boards.greenhouse.io/point72,greenhouse,point72,seeded by PittCSC Summer2026; seeded by SimplifyJobs Summer2026,Live official ATS scrape.
Official Greenhouse board,point72,2026 Warsaw Market Intelligence – Platform DevOps Internship,"Warsaw, Poland",,Market Intelligence,,,,2026-05-21T18:05:55-04:00,https://boards.greenhouse.io/point72/jobs/8425028002?gh_jid=8425028002,https://job-boards.greenhouse.io/point72,greenhouse,point72,seeded by PittCSC Summer2026; seeded by SimplifyJobs Summer2026,Live official ATS scrape.
Official Greenhouse board,point72,Cubist Quantitative Researcher Intern,Singapore,,Quant Management,,,,2026-05-21T18:05:55-04:00,https://boards.greenhouse.io/point72/jobs/7297598002?gh_jid=7297598002,https://job-boards.greenhouse.io/point72,greenhouse,point72,seeded by PittCSC Summer2026; seeded by SimplifyJobs Summer2026,Live official ATS scrape.
Official Greenhouse board,point72,Cubist Quantitative Researcher Intern,Hong Kong,,Quant Management,,,,2026-05-21T18:05:55-04:00,https://boards.greenhouse.io/point72/jobs/7297611002?gh_jid=7297611002,https://job-boards.greenhouse.io/point72,greenhouse,point72,seeded by PittCSC Summer2026; seeded by SimplifyJobs Summer2026,Live official ATS scrape.
Official Greenhouse board,point72,Machine Learning Researcher - Intern,New York,,Quant Management,,,,2026-05-21T18:05:55-04:00,https://boards.greenhouse.io/point72/jobs/7302611002?gh_jid=7302611002,https://job-boards.greenhouse.io/point72,greenhouse,point72,seeded by PittCSC Summer2026; seeded by SimplifyJobs Summer2026,Live official ATS scrape.
Official Greenhouse board,point72,Quantitative Developer Intern,New York,,Quant Management,,,,2026-05-21T18:05:55-04:00,https://boards.greenhouse.io/point72/jobs/7609197002?gh_jid=7609197002,https://job-boards.greenhouse.io/point72,greenhouse,point72,seeded by PittCSC Summer2026; seeded by SimplifyJobs Summer2026,Live official ATS scrape.
Official Greenhouse board,point72,Quantitative Research Intern,"New York, Seattle",,Quant Management,,,,2026-05-21T18:05:55-04:00,https://boards.greenhouse.io/point72/jobs/7297667002?gh_jid=7297667002,https://job-boards.greenhouse.io/point72,greenhouse,point72,seeded by PittCSC Summer2026; seeded by SimplifyJobs Summer2026,Live official ATS scrape.
Official Greenhouse board,point72,Quantitative Research Intern (NLP),New York,,Quant Management,,,,2026-05-21T18:05:55-04:00,https://boards.greenhouse.io/point72/jobs/8018862002?gh_jid=8018862002,https://job-boards.greenhouse.io/point72,greenhouse,point72,seeded by PittCSC Summer2026; seeded by SimplifyJobs Summer2026,Live official ATS scrape.
Official Greenhouse board,point72,Quantitative Researcher - Intern,"London, Paris, Hong Kong, Tokyo",,Quant Management,,,,2026-05-21T18:05:55-04:00,https://boards.greenhouse.io/point72/jobs/7297657002?gh_jid=7297657002,https://job-boards.greenhouse.io/point72,greenhouse,point72,seeded by PittCSC Summer2026; seeded by SimplifyJobs Summer2026,Live official ATS scrape.
SimplifyJobs Summer2026; PittCSC Summer2026; Official Greenhouse board,Point72,Quantitative Researcher Intern,NYC,,Quant,Fall 2025; Spring 2026; Summer 2026,,Other,2025-11-30,https://boards.greenhouse.io/point72/jobs/7586061002,https://github.com/SimplifyJobs/Summer2026-Internships; https://github.com/pittcsc/Summer2026-Internships; https://job-boards.greenhouse.io/point72,greenhouse,point72,startup-heavy ATS/apply host; seeded by PittCSC Summer2026; seeded by SimplifyJobs Summer2026,Active listing in broad internship index; kept because apply host is startup-heavy.; Active listing in broad internship index; kept because apply host is startup-heavy.; Live official ATS scrape.
Official Greenhouse board,point72,Quantitative Software Developer Intern,"New York, London, or Paris",,Quant Management,,,,2026-05-21T18:05:55-04:00,https://boards.greenhouse.io/point72/jobs/7297666002?gh_jid=7297666002,https://job-boards.greenhouse.io/point72,greenhouse,point72,seeded by PittCSC Summer2026; seeded by SimplifyJobs Summer2026,Live official ATS scrape.
Official Greenhouse board,point72,Summer 2027 Quantitative Developer Internship,New York,,Quant Management,,,,2026-05-21T18:05:55-04:00,https://boards.greenhouse.io/point72/jobs/7297613002?gh_jid=7297613002,https://job-boards.greenhouse.io/point72,greenhouse,point72,seeded by PittCSC Summer2026; seeded by SimplifyJobs Summer2026,Live official ATS scrape.
Official Greenhouse board,point72,Summer 2027 Quantitative Research Internship,New York,,Quant Management,,,,2026-05-21T18:05:55-04:00,https://boards.greenhouse.io/point72/jobs/7297642002?gh_jid=7297642002,https://job-boards.greenhouse.io/point72,greenhouse,point72,seeded by PittCSC Summer2026; seeded by SimplifyJobs Summer2026,Live official ATS scrape.
SimplifyJobs Summer2026; Official Greenhouse board,Premier Automation,Software / Computer Science Intern,"Monroeville, PA",,Software,Summer 2026,,Other,2026-05-11,https://job-boards.greenhouse.io/premierautomation/jobs/5216022008,https://github.com/SimplifyJobs/Summer2026-Internships; https://job-boards.greenhouse.io/premierautomation,greenhouse,premierautomation,startup-heavy ATS/apply host; seeded by SimplifyJobs Summer2026,Active listing in broad internship index; kept because apply host is startup-heavy.; Live official ATS scrape.
Official Ashby board,prior-labs,Research Scientist Intern (PhD),,Intern,,,,,2025-01-15T12:43:34.565+00:00,https://jobs.ashbyhq.com/prior-labs/09410424-8e94-4747-8155-bbcd0b1d4f6e,https://jobs.ashbyhq.com/prior-labs,ashby,prior-labs,seeded by SimplifyJobs Summer2026; seeded by PittCSC Summer2026,Live official ATS scrape.
Official Lever board,quantco-,AI Applied Scientist Intern,Europe,Full-Time,Data Science,,,,1758835532973,https://jobs.lever.co/quantco-/6ba386eb-ac9b-451c-877d-b4d3ed493a9c,https://jobs.lever.co/quantco-,lever,quantco-,seeded by PittCSC Summer2026,Live official ATS scrape.
Official Lever board,quantco-,AI Engineering Intern,Europe,Full-Time,Engineering,,,,1758637027524,https://jobs.lever.co/quantco-/da68e273-8f7e-47a7-a7d6-bf658a52561b,https://jobs.lever.co/quantco-,lever,quantco-,seeded by PittCSC Summer2026,Live official ATS scrape.
Official Lever board,quantco-,Data Science Intern,USA,Full-Time,Data Science,,,,1714602604868,https://jobs.lever.co/quantco-/09da5ced-a2fc-4cf1-9013-c177bb673e02,https://jobs.lever.co/quantco-,lever,quantco-,seeded by PittCSC Summer2026,Live official ATS scrape.
Official Lever board,quantco-,Data Science Intern,Europe,Full-Time,Data Science,,,,1623428034192,https://jobs.lever.co/quantco-/a9862eb3-bbfa-4cdc-862d-ad614f20b1e4,https://jobs.lever.co/quantco-,lever,quantco-,seeded by PittCSC Summer2026,Live official ATS scrape.
Official Lever board,quantco-,Software Engineering Intern,Europe,Full-Time,Engineering,,,,1599798032375,https://jobs.lever.co/quantco-/d69096fa-b673-4953-ba63-7deee08bc13c,https://jobs.lever.co/quantco-,lever,quantco-,seeded by PittCSC Summer2026,Live official ATS scrape.
Official Greenhouse board,rackner,Computer Science Internship,"College Park, Maryland",,Engineering,,,,2024-07-24T16:08:30-04:00,https://job-boards.greenhouse.io/rackner/jobs/4323518005,https://job-boards.greenhouse.io/rackner,greenhouse,rackner,seeded by SimplifyJobs Summer2026; seeded by PittCSC Summer2026,Live official ATS scrape.
SimplifyJobs Summer2026; PittCSC Summer2026; Official Greenhouse board,Rackner,Rackner AI Innovation Fellowship – Startup Accelerator Intern,"Hyattsville, MD",,Software,Summer 2026,,Other,2026-04-06,https://job-boards.greenhouse.io/rackner/jobs/4681781005,https://github.com/SimplifyJobs/Summer2026-Internships; https://github.com/pittcsc/Summer2026-Internships; https://job-boards.greenhouse.io/rackner,greenhouse,rackner,startup-heavy ATS/apply host; seeded by SimplifyJobs Summer2026; seeded by PittCSC Summer2026,Active listing in broad internship index; kept because apply host is startup-heavy.; Active listing in broad internship index; kept because apply host is startup-heavy.; Live official ATS scrape.
SimplifyJobs Summer2026; PittCSC Summer2026; Official Greenhouse board,Radix Trading,Quantitative Technologist C++ Intern,"Chicago, IL",,Quant,Summer 2026,,Other,2026-04-09,https://job-boards.greenhouse.io/radixuniversity/jobs/8500265002,https://github.com/SimplifyJobs/Summer2026-Internships; https://github.com/pittcsc/Summer2026-Internships; https://job-boards.greenhouse.io/radixuniversity,greenhouse,radixuniversity,startup-heavy ATS/apply host; seeded by SimplifyJobs Summer2026; seeded by PittCSC Summer2026,Active listing in broad internship index; kept because apply host is startup-heavy.; Active listing in broad internship index; kept because apply host is startup-heavy.; Live official ATS scrape.
SimplifyJobs Summer2026; PittCSC Summer2026; Official Lever board,Rainmaker,Software Engineering Intern,"El Segundo, CA",,Software Engineering,Summer 2026,,Other,2026-05-01,https://jobs.lever.co/make-rain/b45f954e-19df-45b1-8748-c8ae442a2e8b,https://github.com/SimplifyJobs/Summer2026-Internships; https://github.com/pittcsc/Summer2026-Internships; https://jobs.lever.co/make-rain,lever,make-rain,startup-heavy ATS/apply host; seeded by SimplifyJobs Summer2026; seeded by PittCSC Summer2026,Active listing in broad internship index; kept because apply host is startup-heavy.; Active listing in broad internship index; kept because apply host is startup-heavy.; Live official ATS scrape.
Official Ashby board,ramp,"Software Engineer Internship, Android",,Intern,,,,,2025-08-07T20:49:38.961+00:00,https://jobs.ashbyhq.com/ramp/67fadb77-43d8-4449-954b-d4cf2c6d3b8b,https://jobs.ashbyhq.com/ramp,ashby,ramp,seeded by PittCSC Summer2026; seeded by SimplifyJobs Summer2026,Live official ATS scrape.
Official Ashby board,reflect-orbital,Avionics Engineering Intern,,Intern,,,,,2025-11-05T22:57:14.783+00:00,https://jobs.ashbyhq.com/reflect-orbital/d1fc01d9-3f74-49bd-a227-6871089c8216,https://jobs.ashbyhq.com/reflect-orbital,ashby,reflect-orbital,seeded by SimplifyJobs Summer2026; seeded by PittCSC Summer2026,Live official ATS scrape.
Official Ashby board,reflect-orbital,Electrical Engineering Intern,,Intern,,,,,2025-11-05T23:35:13.912+00:00,https://jobs.ashbyhq.com/reflect-orbital/a0f12586-4821-4683-8983-c268e621ca0e,https://jobs.ashbyhq.com/reflect-orbital,ashby,reflect-orbital,seeded by SimplifyJobs Summer2026; seeded by PittCSC Summer2026,Live official ATS scrape.
Official Ashby board,reflect-orbital,Embedded Firmware Engineering Intern,,Intern,,,,,2025-11-05T22:57:41.832+00:00,https://jobs.ashbyhq.com/reflect-orbital/d5ade048-5555-4a77-b002-d117254b6e6b,https://jobs.ashbyhq.com/reflect-orbital,ashby,reflect-orbital,seeded by SimplifyJobs Summer2026; seeded by PittCSC Summer2026,Live official ATS scrape.
Official Ashby board,reflect-orbital,Flight Software Engineering Intern,,Intern,,,,,2025-11-05T23:04:19.937+00:00,https://jobs.ashbyhq.com/reflect-orbital/d2ad1427-89aa-404d-8678-7b8e6dace5e2,https://jobs.ashbyhq.com/reflect-orbital,ashby,reflect-orbital,seeded by SimplifyJobs Summer2026; seeded by PittCSC Summer2026,Live official ATS scrape.
Official Ashby board,reflect-orbital,GNC Engineering Intern,,Intern,,,,,2025-11-05T23:20:10.975+00:00,https://jobs.ashbyhq.com/reflect-orbital/242494ac-5d48-4d46-9b3c-16a8da598108,https://jobs.ashbyhq.com/reflect-orbital,ashby,reflect-orbital,seeded by SimplifyJobs Summer2026; seeded by PittCSC Summer2026,Live official ATS scrape.
Official Ashby board,reflect-orbital,Mechanical Engineering Intern,,Intern,,,,,2025-11-05T23:07:29.590+00:00,https://jobs.ashbyhq.com/reflect-orbital/ed0c926a-9a52-4c84-8488-2552b1f0cca6,https://jobs.ashbyhq.com/reflect-orbital,ashby,reflect-orbital,seeded by SimplifyJobs Summer2026; seeded by PittCSC Summer2026,Live official ATS scrape.
Official Ashby board,reflect-orbital,Thermal Engineering Intern,,Intern,,,,,2025-11-05T23:16:54.328+00:00,https://jobs.ashbyhq.com/reflect-orbital/e27b6a4f-3556-45ed-bcca-0d56e302ba07,https://jobs.ashbyhq.com/reflect-orbital,ashby,reflect-orbital,seeded by SimplifyJobs Summer2026; seeded by PittCSC Summer2026,Live official ATS scrape.
Official Ashby board,replit,Software Engineering Intern (Summer 2026),,Intern,,,,,2025-10-01T16:02:40.431+00:00,https://jobs.ashbyhq.com/replit/12737078-74c7-4e63-98a7-5e8da1e9deb1,https://jobs.ashbyhq.com/replit,ashby,replit,seeded by SimplifyJobs Summer2026; seeded by PittCSC Summer2026,Live official ATS scrape.
Official Lever board,reply,Android Developer Intern,"Detroit Area, Michigan",Contract,User Channel,,,,1779396081985,https://jobs.lever.co/reply/0fb458db-7cb9-4bfd-b9b6-c1c681316061,https://jobs.lever.co/reply,lever,reply,seeded by SimplifyJobs Summer2026,Live official ATS scrape.
Official Lever board,reply,iOS Developer Intern,"Detroit Area, Michigan",Contract,User Channel,,,,1779396710862,https://jobs.lever.co/reply/191d1794-e52a-4573-a2d0-2952b76f9cd5,https://jobs.lever.co/reply,lever,reply,seeded by SimplifyJobs Summer2026,Live official ATS scrape.
SimplifyJobs Summer2026; PittCSC Summer2026; Official Greenhouse board,Rocket Lab USA,HITL Engineer Intern,"Long Beach, CA",,Hardware,Fall 2026,,Other,2026-05-16,https://job-boards.greenhouse.io/rocketlab/jobs/7734022003,https://github.com/SimplifyJobs/Summer2026-Internships; https://github.com/pittcsc/Summer2026-Internships; https://job-boards.greenhouse.io/rocketlab,greenhouse,rocketlab,startup-heavy ATS/apply host; seeded by SimplifyJobs Summer2026; seeded by PittCSC Summer2026,Active listing in broad internship index; kept because apply host is startup-heavy.; Active listing in broad internship index; kept because apply host is startup-heavy.; Live official ATS scrape.
PittCSC Summer2026; Official Greenhouse board,Rocket Lab USA,Integration & Test Intern,"Long Beach, CA",,Hardware,Fall 2026,,Other,2026-05-16,https://job-boards.greenhouse.io/rocketlab/jobs/7728086003,https://github.com/pittcsc/Summer2026-Internships; https://job-boards.greenhouse.io/rocketlab,greenhouse,rocketlab,startup-heavy ATS/apply host; seeded by SimplifyJobs Summer2026; seeded by PittCSC Summer2026,Active listing in broad internship index; kept because apply host is startup-heavy.; Live official ATS scrape.
SimplifyJobs Summer2026; Official Greenhouse board,Rocket Lab USA,R&D Engineer Intern,"Albuquerque, NM",,Hardware,Fall 2026,,Other,2026-05-19,https://job-boards.greenhouse.io/rocketlab/jobs/7736088003,https://github.com/SimplifyJobs/Summer2026-Internships; https://job-boards.greenhouse.io/rocketlab,greenhouse,rocketlab,startup-heavy ATS/apply host; seeded by SimplifyJobs Summer2026; seeded by PittCSC Summer2026,Active listing in broad internship index; kept because apply host is startup-heavy.; Live official ATS scrape.
SimplifyJobs Summer2026; Official Greenhouse board,Rocket Lab USA,Software Intern,"Albuquerque, NM",,Software,Fall 2026,,Other,2026-05-21,https://job-boards.greenhouse.io/rocketlab/jobs/7736776003,https://github.com/SimplifyJobs/Summer2026-Internships; https://job-boards.greenhouse.io/rocketlab,greenhouse,rocketlab,startup-heavy ATS/apply host; seeded by SimplifyJobs Summer2026; seeded by PittCSC Summer2026,Active listing in broad internship index; kept because apply host is startup-heavy.; Live official ATS scrape.
SimplifyJobs Summer2026; PittCSC Summer2026; Official Greenhouse board,Rocket Lawyer,Business Intelligence Analyst Intern,California; SF; Arizona; Colorado; Utah; North Carolina,,AI/ML/Data,Summer 2026,,Other,2026-04-21,https://job-boards.greenhouse.io/rocketlawyer/jobs/5195521008,https://github.com/SimplifyJobs/Summer2026-Internships; https://github.com/pittcsc/Summer2026-Internships; https://job-boards.greenhouse.io/rocketlawyer,greenhouse,rocketlawyer,startup-heavy ATS/apply host; seeded by SimplifyJobs Summer2026; seeded by PittCSC Summer2026,Active listing in broad internship index; kept because apply host is startup-heavy.; Active listing in broad internship index; kept because apply host is startup-heavy.; Live official ATS scrape.
SimplifyJobs Summer2026; PittCSC Summer2026; Official Greenhouse board,Rocket Lawyer,Data Engineering Intern - AI & Automation,California; SF; Arizona; Colorado; Utah; North Carolina,,AI/ML/Data,Summer 2026,,Other,2026-04-28,https://job-boards.greenhouse.io/rocketlawyer/jobs/5203906008,https://github.com/SimplifyJobs/Summer2026-Internships; https://github.com/pittcsc/Summer2026-Internships; https://job-boards.greenhouse.io/rocketlawyer,greenhouse,rocketlawyer,startup-heavy ATS/apply host; seeded by SimplifyJobs Summer2026; seeded by PittCSC Summer2026,Active listing in broad internship index; kept because apply host is startup-heavy.; Active listing in broad internship index; kept because apply host is startup-heavy.; Live official ATS scrape.
Official Greenhouse board,rocketlab,Electrical Engineering Intern Fall 2026,"Toronto, CAN",,5002 Sinclair R&D,,,,2026-05-20T17:52:26-04:00,https://job-boards.greenhouse.io/rocketlab/jobs/7727835003,https://job-boards.greenhouse.io/rocketlab,greenhouse,rocketlab,seeded by SimplifyJobs Summer2026; seeded by PittCSC Summer2026,Live official ATS scrape.
Official Greenhouse board,rocketlab,Electrical Engineering Intern Fall 2026,"Long Beach, CA",,4015 USA Space Systems,,,,2026-05-26T13:55:33-04:00,https://job-boards.greenhouse.io/rocketlab/jobs/7725243003,https://job-boards.greenhouse.io/rocketlab,greenhouse,rocketlab,seeded by SimplifyJobs Summer2026; seeded by PittCSC Summer2026,Live official ATS scrape.
Official Greenhouse board,rocketlab,Manufacturing Engineering Intern Fall 2026,"Long Beach, CA",,2420 USA Manufacturing Engineering,,,,2026-05-26T13:16:57-04:00,https://job-boards.greenhouse.io/rocketlab/jobs/7733900003,https://job-boards.greenhouse.io/rocketlab,greenhouse,rocketlab,seeded by SimplifyJobs Summer2026; seeded by PittCSC Summer2026,Live official ATS scrape.
Official Greenhouse board,rocketlab,Mechanical Engineering Intern Fall 2026,"Long Beach, CA",,4015 USA Space Systems,,,,2026-05-26T13:17:22-04:00,https://job-boards.greenhouse.io/rocketlab/jobs/7728969003,https://job-boards.greenhouse.io/rocketlab,greenhouse,rocketlab,seeded by SimplifyJobs Summer2026; seeded by PittCSC Summer2026,Live official ATS scrape.
Official Greenhouse board,rocketlab,Mechanical Engineering Intern Fall 2026,"Toronto, CAN",,5002 Sinclair R&D,,,,2026-05-19T16:18:15-04:00,https://job-boards.greenhouse.io/rocketlab/jobs/7727772003,https://job-boards.greenhouse.io/rocketlab,greenhouse,rocketlab,seeded by SimplifyJobs Summer2026; seeded by PittCSC Summer2026,Live official ATS scrape.
Official Greenhouse board,rocketlab,Mission Operation Intern Fall 2026,"Long Beach, CA",,4015 USA Space Systems,,,,2026-05-26T13:18:16-04:00,https://job-boards.greenhouse.io/rocketlab/jobs/7735976003,https://job-boards.greenhouse.io/rocketlab,greenhouse,rocketlab,seeded by SimplifyJobs Summer2026; seeded by PittCSC Summer2026,Live official ATS scrape.
Official Greenhouse board,rocketlab,Mission Operation Intern Fall 2026,"Littleton, CO",,4015 USA Space Systems,,,,2026-05-26T13:17:50-04:00,https://job-boards.greenhouse.io/rocketlab/jobs/7735978003,https://job-boards.greenhouse.io/rocketlab,greenhouse,rocketlab,seeded by SimplifyJobs Summer2026; seeded by PittCSC Summer2026,Live official ATS scrape.
Official Greenhouse board,rocketlab,Propulsion Intern Fall 2026,"Long Beach, CA",,4015 USA Space Systems,,,,2026-05-26T13:19:36-04:00,https://job-boards.greenhouse.io/rocketlab/jobs/7728487003,https://job-boards.greenhouse.io/rocketlab,greenhouse,rocketlab,seeded by SimplifyJobs Summer2026; seeded by PittCSC Summer2026,Live official ATS scrape.
Official Greenhouse board,rocketlab,RF Test Engineering Intern,"Auckland, NZ",,2610 RF & Comms,,,,2026-05-18T03:04:41-04:00,https://job-boards.greenhouse.io/rocketlab/jobs/7630581003,https://job-boards.greenhouse.io/rocketlab,greenhouse,rocketlab,seeded by SimplifyJobs Summer2026; seeded by PittCSC Summer2026,Live official ATS scrape.
Official Greenhouse board,rocketlab,Structural Analysis Intern Fall 2026,"Long Beach, CA",,4015 USA Space Systems,,,,2026-05-26T13:51:54-04:00,https://job-boards.greenhouse.io/rocketlab/jobs/7734020003,https://job-boards.greenhouse.io/rocketlab,greenhouse,rocketlab,seeded by SimplifyJobs Summer2026; seeded by PittCSC Summer2026,Live official ATS scrape.
Official Greenhouse board,rocketlab,Systems Engineering Intern Fall 2026,"Long Beach, CA",,4015 USA Space Systems,,,,2026-05-26T13:21:20-04:00,https://job-boards.greenhouse.io/rocketlab/jobs/7725384003,https://job-boards.greenhouse.io/rocketlab,greenhouse,rocketlab,seeded by SimplifyJobs Summer2026; seeded by PittCSC Summer2026,Live official ATS scrape.
Official Greenhouse board,rocketlab,Test Engineering Intern Fall 2026,"Long Beach, CA",,4015 USA Space Systems,,,,2026-05-26T13:21:43-04:00,https://job-boards.greenhouse.io/rocketlab/jobs/7725336003,https://job-boards.greenhouse.io/rocketlab,greenhouse,rocketlab,seeded by SimplifyJobs Summer2026; seeded by PittCSC Summer2026,Live official ATS scrape.
Official Greenhouse board,rocketlab,Thermal Engineering Intern Fall 2026,"Long Beach, CA",,4015 USA Space Systems,,,,2026-05-26T13:46:09-04:00,https://job-boards.greenhouse.io/rocketlab/jobs/7727740003,https://job-boards.greenhouse.io/rocketlab,greenhouse,rocketlab,seeded by SimplifyJobs Summer2026; seeded by PittCSC Summer2026,Live official ATS scrape.
Official Ashby board,root-access,Firmware / Embedded Engineer -- Intern,,FullTime,,,,,2026-02-11T15:26:31.558+00:00,https://jobs.ashbyhq.com/root-access/ca7bc32d-5f10-49db-b569-2a7c94da484e,https://jobs.ashbyhq.com/root-access,ashby,root-access,seeded by SimplifyJobs Summer2026; seeded by local:internship_tracker_2026_05_27_opportunities.csv; seeded by local:internship_opportunities_last_30_days_2026-05-13.md; seeded by PittCSC Summer2026,Live official ATS scrape.
SimplifyJobs Summer2026; PittCSC Summer2026; Official Greenhouse board,RTW Investments,Data Analyst Intern,NYC,,AI/ML/Data,Summer 2026,,Other,2026-03-26,https://job-boards.greenhouse.io/rtwinvestments/jobs/5161894008,https://github.com/SimplifyJobs/Summer2026-Internships; https://github.com/pittcsc/Summer2026-Internships; https://job-boards.greenhouse.io/rtwinvestments,greenhouse,rtwinvestments,startup-heavy ATS/apply host; seeded by SimplifyJobs Summer2026; seeded by PittCSC Summer2026,Active listing in broad internship index; kept because apply host is startup-heavy.; Active listing in broad internship index; kept because apply host is startup-heavy.; Live official ATS scrape.
Official Greenhouse board,rtwinvestments,Summer Intern,New York,,Asset Development and Financing,,,,2026-04-02T18:20:58-04:00,https://job-boards.greenhouse.io/rtwinvestments/jobs/5174478008,https://job-boards.greenhouse.io/rtwinvestments,greenhouse,rtwinvestments,seeded by SimplifyJobs Summer2026; seeded by PittCSC Summer2026,Live official ATS scrape.
Official Ashby board,rundoo,Data Science Intern,,FullTime,,,,,2026-05-05T20:33:06.319+00:00,https://jobs.ashbyhq.com/rundoo/e3cc536d-d45d-4579-a301-59f7dc5e980c,https://jobs.ashbyhq.com/rundoo,ashby,rundoo,seeded by SimplifyJobs Summer2026; seeded by PittCSC Summer2026,Live official ATS scrape.
SimplifyJobs Summer2026; PittCSC Summer2026; Official Greenhouse board,Salient Motion,Engineering Intern,"Carson, CA",,Hardware,Spring 2026,,Other,2026-01-15,https://job-boards.greenhouse.io/salientmotion/jobs/5057095008,https://github.com/SimplifyJobs/Summer2026-Internships; https://github.com/pittcsc/Summer2026-Internships; https://job-boards.greenhouse.io/salientmotion,greenhouse,salientmotion,startup-heavy ATS/apply host; seeded by PittCSC Summer2026; seeded by SimplifyJobs Summer2026,Active listing in broad internship index; kept because apply host is startup-heavy.; Active listing in broad internship index; kept because apply host is startup-heavy.; Live official ATS scrape.
SimplifyJobs Summer2026; PittCSC Summer2026; Official Greenhouse board,Samaya,ML Research Intern,"Mountain View, CA",,AI/ML/Data,Summer 2026,,Other,2026-02-25,https://job-boards.greenhouse.io/samayaai/jobs/4652765007,https://github.com/SimplifyJobs/Summer2026-Internships; https://github.com/pittcsc/Summer2026-Internships; https://job-boards.greenhouse.io/samayaai,greenhouse,samayaai,startup-heavy ATS/apply host; seeded by SimplifyJobs Summer2026; seeded by PittCSC Summer2026,Active listing in broad internship index; kept because apply host is startup-heavy.; Active listing in broad internship index; kept because apply host is startup-heavy.; Live official ATS scrape.
SimplifyJobs Summer2026; PittCSC Summer2026; Official Greenhouse board,Samsung Research America,Memory and Personalization Intern - Memory and Personalization,"Mountain View, CA",,AI/ML/Data,Summer 2026,,Other,2026-02-27,https://job-boards.greenhouse.io/samsungresearchamericainternship/jobs/8438402002,https://github.com/SimplifyJobs/Summer2026-Internships; https://github.com/pittcsc/Summer2026-Internships; https://job-boards.greenhouse.io/samsungresearchamericainternship,greenhouse,samsungresearchamericainternship,startup-heavy ATS/apply host; seeded by PittCSC Summer2026; seeded by SimplifyJobs Summer2026,Active listing in broad internship index; kept because apply host is startup-heavy.; Active listing in broad internship index; kept because apply host is startup-heavy.; Live official ATS scrape.
SimplifyJobs Summer2026; PittCSC Summer2026; Official Greenhouse board,Samsung Research America,ML/NLP Research Intern,"Mountain View, CA",,AI/ML/Data,Fall 2026; Winter 2026,,Other,2026-05-08,https://job-boards.greenhouse.io/samsungresearchamericainternship/jobs/8541339002,https://github.com/SimplifyJobs/Summer2026-Internships; https://github.com/pittcsc/Summer2026-Internships; https://job-boards.greenhouse.io/samsungresearchamericainternship,greenhouse,samsungresearchamericainternship,startup-heavy ATS/apply host; seeded by PittCSC Summer2026; seeded by SimplifyJobs Summer2026,Active listing in broad internship index; kept because apply host is startup-heavy.; Active listing in broad internship index; kept because apply host is startup-heavy.; Live official ATS scrape.
SimplifyJobs Summer2026; PittCSC Summer2026; Official Greenhouse board,Scale AI,Technical Advisor Specialist – Part-Time Intern,SF,,AI/ML/Data,Summer 2026,,Other,2026-04-10,https://job-boards.greenhouse.io/scaleai/jobs/4611533005,https://github.com/SimplifyJobs/Summer2026-Internships; https://github.com/pittcsc/Summer2026-Internships; https://job-boards.greenhouse.io/scaleai,greenhouse,scaleai,startup-heavy ATS/apply host; seeded by SimplifyJobs Summer2026; seeded by PittCSC Summer2026,Active listing in broad internship index; kept because apply host is startup-heavy.; Active listing in broad internship index; kept because apply host is startup-heavy.; Live official ATS scrape.
Official Ashby board,scientech-research,Quantitative Developer Intern,,Intern,,,,,2025-03-04T17:51:43.121+00:00,https://jobs.ashbyhq.com/scientech-research/47be106e-4a2a-4814-bca8-4a7b97816d7c,https://jobs.ashbyhq.com/scientech-research,ashby,scientech-research,seeded by SimplifyJobs Summer2026; seeded by PittCSC Summer2026,Live official ATS scrape.
Official Ashby board,scientech-research,Quantitative Developer Intern,,Intern,,,,,2025-03-05T21:32:12.934+00:00,https://jobs.ashbyhq.com/scientech-research/5f8ecd5a-6970-4cb8-a9f9-031d68a0f446,https://jobs.ashbyhq.com/scientech-research,ashby,scientech-research,seeded by SimplifyJobs Summer2026; seeded by PittCSC Summer2026,Live official ATS scrape.
Official Ashby board,scientech-research,Quantitative Researcher Intern,,Intern,,,,,2025-01-23T21:38:36.595+00:00,https://jobs.ashbyhq.com/scientech-research/b05bcb2f-2bb6-40c4-8702-3ba386eeab80,https://jobs.ashbyhq.com/scientech-research,ashby,scientech-research,seeded by SimplifyJobs Summer2026; seeded by PittCSC Summer2026,Live official ATS scrape.
Official Ashby board,scientech-research,Quantitative Researcher Intern,,Intern,,,,,2025-01-23T21:41:36.834+00:00,https://jobs.ashbyhq.com/scientech-research/c344ad5a-b148-4a96-8d6c-a660e6f86896,https://jobs.ashbyhq.com/scientech-research,ashby,scientech-research,seeded by SimplifyJobs Summer2026; seeded by PittCSC Summer2026,Live official ATS scrape.
Official Greenhouse board,sezzle,AI Engineering Intern (Colombia),"Colombia, Remote",,Internships,,,,2026-05-13T11:09:17-04:00,https://job-boards.greenhouse.io/sezzle/jobs/6542539003,https://job-boards.greenhouse.io/sezzle,greenhouse,sezzle,seeded by PittCSC Summer2026; seeded by SimplifyJobs Summer2026,Live official ATS scrape.
Official Greenhouse board,sezzle,Data Infrastructure Engineer Intern,"Colombia, Remote",,Internships,,,,2026-05-13T13:44:16-04:00,https://job-boards.greenhouse.io/sezzle/jobs/7694238003,https://job-boards.greenhouse.io/sezzle,greenhouse,sezzle,seeded by PittCSC Summer2026; seeded by SimplifyJobs Summer2026,Live official ATS scrape.
Official Greenhouse board,sezzle,Security Infrastructure Engineer Intern,"Colombia, Remote",,Internships,,,,2026-05-18T09:56:12-04:00,https://job-boards.greenhouse.io/sezzle/jobs/7694916003,https://job-boards.greenhouse.io/sezzle,greenhouse,sezzle,seeded by PittCSC Summer2026; seeded by SimplifyJobs Summer2026,Live official ATS scrape.
Official Greenhouse board,sezzle,Software Engineer Intern,"Colombia, Remote",,DV-Development,,,,2026-05-13T11:35:29-04:00,https://job-boards.greenhouse.io/sezzle/jobs/6233081003,https://job-boards.greenhouse.io/sezzle,greenhouse,sezzle,seeded by PittCSC Summer2026; seeded by SimplifyJobs Summer2026,Live official ATS scrape.
Official Greenhouse board,sezzle,SRE / Platform Infrastructure Engineer Intern,"Colombia, Remote",,Internships,,,,2026-05-13T17:06:20-04:00,https://job-boards.greenhouse.io/sezzle/jobs/7693478003,https://job-boards.greenhouse.io/sezzle,greenhouse,sezzle,seeded by PittCSC Summer2026; seeded by SimplifyJobs Summer2026,Live official ATS scrape.
SimplifyJobs Summer2026; PittCSC Summer2026; Official Greenhouse board,SharkNinja,Applied AI & Analytics Co-op,"Miami, FL",,AI/ML/Data,Fall 2026,,Other,2026-04-02,https://job-boards.greenhouse.io/sharkninjaoperatingllc/jobs/4669676006,https://github.com/SimplifyJobs/Summer2026-Internships; https://github.com/pittcsc/Summer2026-Internships; https://job-boards.greenhouse.io/sharkninjaoperatingllc,greenhouse,sharkninjaoperatingllc,startup-heavy ATS/apply host; seeded by PittCSC Summer2026; seeded by SimplifyJobs Summer2026,Active listing in broad internship index; kept because apply host is startup-heavy.; Active listing in broad internship index; kept because apply host is startup-heavy.; Live official ATS scrape.
SimplifyJobs Summer2026; PittCSC Summer2026; Official Greenhouse board,SharkNinja,Applied AI & Analytics Intern,"Miami, FL",,AI/ML/Data,Summer 2026,,Other,2026-04-02,https://job-boards.greenhouse.io/sharkninjaoperatingllc/jobs/4669665006,https://github.com/SimplifyJobs/Summer2026-Internships; https://github.com/pittcsc/Summer2026-Internships; https://job-boards.greenhouse.io/sharkninjaoperatingllc,greenhouse,sharkninjaoperatingllc,startup-heavy ATS/apply host; seeded by PittCSC Summer2026; seeded by SimplifyJobs Summer2026,Active listing in broad internship index; kept because apply host is startup-heavy.; Active listing in broad internship index; kept because apply host is startup-heavy.; Live official ATS scrape.
Official Greenhouse board,sharkninjaoperatingllc,Fall 2026: Control Systems & Algorithm Engineering Co-op (July to December),"Needham, MA, United States",,10210 - Robotics,,,,2026-05-08T10:07:58-04:00,https://job-boards.greenhouse.io/sharkninjaoperatingllc/jobs/4646052006,https://job-boards.greenhouse.io/sharkninjaoperatingllc,greenhouse,sharkninjaoperatingllc,seeded by PittCSC Summer2026; seeded by SimplifyJobs Summer2026,Live official ATS scrape.
Official Greenhouse board,sharkninjaoperatingllc,Fall 2026: CORE Quality Engineering Co-op (July to December),"Needham, MA, United States",,15200 - Quality Testing,,,,2026-05-08T10:07:58-04:00,https://job-boards.greenhouse.io/sharkninjaoperatingllc/jobs/4646903006,https://job-boards.greenhouse.io/sharkninjaoperatingllc,greenhouse,sharkninjaoperatingllc,seeded by PittCSC Summer2026; seeded by SimplifyJobs Summer2026,Live official ATS scrape.
Official Greenhouse board,sharkninjaoperatingllc,"Fall 2026: Electrical Design Engineering Co-op, Advanced Development (July to December)","Needham, MA, United States",,10400 - Engineering EE,,,,2026-05-08T10:07:58-04:00,https://job-boards.greenhouse.io/sharkninjaoperatingllc/jobs/4647108006,https://job-boards.greenhouse.io/sharkninjaoperatingllc,greenhouse,sharkninjaoperatingllc,seeded by PittCSC Summer2026; seeded by SimplifyJobs Summer2026,Live official ATS scrape.
Official Greenhouse board,sharkninjaoperatingllc,"Fall 2026: Electrical Engineering Co-op, Ninja (July to December)","Needham, MA, United States",,10400 - Engineering EE,,,,2026-05-08T10:07:58-04:00,https://job-boards.greenhouse.io/sharkninjaoperatingllc/jobs/4646302006,https://job-boards.greenhouse.io/sharkninjaoperatingllc,greenhouse,sharkninjaoperatingllc,seeded by PittCSC Summer2026; seeded by SimplifyJobs Summer2026,Live official ATS scrape.
Official Greenhouse board,sharkninjaoperatingllc,"Fall 2026: Electrical Engineering Co-op, Shark (July to December)","Needham, MA, United States",,10400 - Engineering EE,,,,2026-05-08T10:07:58-04:00,https://job-boards.greenhouse.io/sharkninjaoperatingllc/jobs/4646309006,https://job-boards.greenhouse.io/sharkninjaoperatingllc,greenhouse,sharkninjaoperatingllc,seeded by PittCSC Summer2026; seeded by SimplifyJobs Summer2026,Live official ATS scrape.
Official Greenhouse board,sharkninjaoperatingllc,"Fall 2026: Mechanical Engineering Co-op, Ninja (July to December)","Needham, MA, United States",,10200 - Engineering R&D,,,,2026-05-08T10:07:58-04:00,https://job-boards.greenhouse.io/sharkninjaoperatingllc/jobs/4646191006,https://job-boards.greenhouse.io/sharkninjaoperatingllc,greenhouse,sharkninjaoperatingllc,seeded by PittCSC Summer2026; seeded by SimplifyJobs Summer2026,Live official ATS scrape.
Official Greenhouse board,sharkninjaoperatingllc,"Fall 2026: Mechanical Engineering Co-op, Shark (July to December)","Needham, MA, United States",,10200 - Engineering R&D,,,,2026-05-08T10:07:58-04:00,https://job-boards.greenhouse.io/sharkninjaoperatingllc/jobs/4646221006,https://job-boards.greenhouse.io/sharkninjaoperatingllc,greenhouse,sharkninjaoperatingllc,seeded by PittCSC Summer2026; seeded by SimplifyJobs Summer2026,Live official ATS scrape.
Official Greenhouse board,sharkninjaoperatingllc,"Fall 2026: Mechanical Engineering Co-op, Wearable & Biomedical Devices (July to December)","Needham, MA, United States",,10200 - Engineering R&D,,,,2026-05-08T10:07:58-04:00,https://job-boards.greenhouse.io/sharkninjaoperatingllc/jobs/4651641006,https://job-boards.greenhouse.io/sharkninjaoperatingllc,greenhouse,sharkninjaoperatingllc,seeded by PittCSC Summer2026; seeded by SimplifyJobs Summer2026,Live official ATS scrape.
Official Greenhouse board,sharkninjaoperatingllc,"Fall 2026: Product Design Engineering Co-op, Ninja (July to December)","Needham, MA, United States",,10500 - Engineering NPD,,,,2026-05-08T10:07:58-04:00,https://job-boards.greenhouse.io/sharkninjaoperatingllc/jobs/4646375006,https://job-boards.greenhouse.io/sharkninjaoperatingllc,greenhouse,sharkninjaoperatingllc,seeded by PittCSC Summer2026; seeded by SimplifyJobs Summer2026,Live official ATS scrape.
Official Greenhouse board,sharkninjaoperatingllc,Fall 2026: Product Safety & Compliance Engineering Co-op (July to December),"Needham, MA, United States",,15300 - Compliance,,,,2026-05-08T10:07:58-04:00,https://job-boards.greenhouse.io/sharkninjaoperatingllc/jobs/4647136006,https://job-boards.greenhouse.io/sharkninjaoperatingllc,greenhouse,sharkninjaoperatingllc,seeded by PittCSC Summer2026; seeded by SimplifyJobs Summer2026,Live official ATS scrape.
SimplifyJobs Summer2026; Official Greenhouse board,SHEIN,Database Engineer Intern,"San Diego, CA",,Software,Winter 2026; Spring 2026; Summer 2026,,Other,2026-05-23,https://job-boards.greenhouse.io/shein/jobs/5229778008,https://github.com/SimplifyJobs/Summer2026-Internships; https://job-boards.greenhouse.io/shein,greenhouse,shein,startup-heavy ATS/apply host; seeded by SimplifyJobs Summer2026,Active listing in broad internship index; kept because apply host is startup-heavy.; Live official ATS scrape.
Official Lever board,shieldai,Electrical Engineering Spring Co-op (January 2027) (R4475),"Dallas, Texas",Intern,X-BAT Engineering - Avionics,,,,1776259349091,https://jobs.lever.co/shieldai/87d982f2-8b2b-4c73-9a19-71e461c7b724,https://jobs.lever.co/shieldai,lever,shieldai,seeded by SimplifyJobs Summer2026; seeded by PittCSC Summer2026,Live official ATS scrape.
Official Lever board,shopback-2,Data Engineering Intern,"Ho Chi Minh, Vietnam",Intern,Engineering - Data Platform,,,,1760424315631,https://jobs.lever.co/shopback-2/577eaeb2-017f-4f88-8967-a3e7a3d969f7,https://jobs.lever.co/shopback-2,lever,shopback-2,seeded by local:internship_opportunities_2026-05-13.md; seeded by local:internship_tracker_2026_05_27_opportunities.csv,Live official ATS scrape.
Official Lever board,shopback-2,Product Security Intern,"Bangalore, India",Intern,Engineering - STG,,,,1768808381131,https://jobs.lever.co/shopback-2/12ad282d-bab1-4b02-8d16-5028ce42c9b9,https://jobs.lever.co/shopback-2,lever,shopback-2,seeded by local:internship_opportunities_2026-05-13.md; seeded by local:internship_tracker_2026_05_27_opportunities.csv,Live official ATS scrape.
Official Lever board,shopback-2,Software Engineer Intern - Backend,"Ho Chi Minh, Vietnam",Intern,Engineering - VTG,,,,1755015122343,https://jobs.lever.co/shopback-2/a86a3152-b711-442e-9066-ae700034120f,https://jobs.lever.co/shopback-2,lever,shopback-2,seeded by local:internship_opportunities_2026-05-13.md; seeded by local:internship_tracker_2026_05_27_opportunities.csv,Live official ATS scrape.
Official Lever board,shopback-2,Software Engineer Intern - Backend (May - Dec 2026),"Singapore, Singapore",Intern,Engineering - STG,,,,1769598352876,https://jobs.lever.co/shopback-2/4e119b8f-3c8d-47e6-9dde-f232930e752c,https://jobs.lever.co/shopback-2,lever,shopback-2,seeded by local:internship_opportunities_2026-05-13.md; seeded by local:internship_tracker_2026_05_27_opportunities.csv,Live official ATS scrape.
Official Lever board,shopback-2,Software Engineer Intern - QA,"Ho Chi Minh, Vietnam",Intern,Engineering - VTG,,,,1767079621313,https://jobs.lever.co/shopback-2/43e531ba-6ffb-4355-92e2-5b49bfc4f025,https://jobs.lever.co/shopback-2,lever,shopback-2,seeded by local:internship_opportunities_2026-05-13.md; seeded by local:internship_tracker_2026_05_27_opportunities.csv,Live official ATS scrape.
SimplifyJobs Summer2026; PittCSC Summer2026; Official Greenhouse board,Sila Nanotechnologies,Battery Simulation & Computational Scientist Intern,"Alameda, CA",,AI/ML/Data,Summer 2026,,Other,2026-02-02,https://job-boards.greenhouse.io/silananotechnologies/jobs/7584168,https://github.com/SimplifyJobs/Summer2026-Internships; https://github.com/pittcsc/Summer2026-Internships; https://job-boards.greenhouse.io/silananotechnologies,greenhouse,silananotechnologies,startup-heavy ATS/apply host; seeded by SimplifyJobs Summer2026; seeded by PittCSC Summer2026,Active listing in broad internship index; kept because apply host is startup-heavy.; Active listing in broad internship index; kept because apply host is startup-heavy.; Live official ATS scrape.
SimplifyJobs Summer2026; PittCSC Summer2026; Official Greenhouse board,Sila Nanotechnologies,Software Intern - AI & Battery Informatics,"Alameda, CA",,Software,Summer 2026,,Other,2026-02-19,https://job-boards.greenhouse.io/silananotechnologies/jobs/7624654,https://github.com/SimplifyJobs/Summer2026-Internships; https://github.com/pittcsc/Summer2026-Internships; https://job-boards.greenhouse.io/silananotechnologies,greenhouse,silananotechnologies,startup-heavy ATS/apply host; seeded by SimplifyJobs Summer2026; seeded by PittCSC Summer2026,Active listing in broad internship index; kept because apply host is startup-heavy.; Active listing in broad internship index; kept because apply host is startup-heavy.; Live official ATS scrape.
Official Ashby board,Simular,PhD Research Intern,,Intern,,,,,2025-10-13T08:27:56.053+00:00,https://jobs.ashbyhq.com/Simular/94cbb2c9-392a-4cea-a9bf-cb6c80be3009,https://jobs.ashbyhq.com/Simular,ashby,Simular,seeded by SimplifyJobs Summer2026; seeded by PittCSC Summer2026,Live official ATS scrape.
Official Ashby board,simular,PhD Research Intern,,Intern,,,,,2025-10-13T08:27:56.053+00:00,https://jobs.ashbyhq.com/simular/94cbb2c9-392a-4cea-a9bf-cb6c80be3009,https://jobs.ashbyhq.com/simular,ashby,simular,seeded by local:internship_tracker_2026_05_27_opportunities.csv; seeded by local:internship_opportunities_last_30_days_2026-05-13.md,Live official ATS scrape.
Official Ashby board,Simular,Software Engineer Intern,,Intern,,,,,2025-10-13T08:38:26.744+00:00,https://jobs.ashbyhq.com/Simular/063f177b-c3f2-44d2-8eeb-622a977e7d5a,https://jobs.ashbyhq.com/Simular,ashby,Simular,seeded by SimplifyJobs Summer2026; seeded by PittCSC Summer2026,Live official ATS scrape.
Official Ashby board,simular,Software Engineer Intern,,Intern,,,,,2025-10-13T08:38:26.744+00:00,https://jobs.ashbyhq.com/simular/063f177b-c3f2-44d2-8eeb-622a977e7d5a,https://jobs.ashbyhq.com/simular,ashby,simular,seeded by local:internship_tracker_2026_05_27_opportunities.csv; seeded by local:internship_opportunities_last_30_days_2026-05-13.md,Live official ATS scrape.
Official Ashby board,skydio,Autonomy Engineer Intern - Computer Vision/Deep Learning Fall 2026,,Intern,,,,,2025-12-15T23:42:25.917+00:00,https://jobs.ashbyhq.com/skydio/c84945f0-b8e0-4272-b636-265d6611a8eb,https://jobs.ashbyhq.com/skydio,ashby,skydio,seeded by SimplifyJobs Summer2026; seeded by PittCSC Summer2026,Live official ATS scrape.
Official Ashby board,skydio,Autonomy Engineer Intern - Deep Learning (Computational Photography),,Intern,,,,,2026-04-21T19:46:39.149+00:00,https://jobs.ashbyhq.com/skydio/6280ab1d-147d-4f39-8618-a216c18ce0f9,https://jobs.ashbyhq.com/skydio,ashby,skydio,seeded by SimplifyJobs Summer2026; seeded by PittCSC Summer2026,Live official ATS scrape.
Official Ashby board,skydio,Autonomy Engineer Intern - Deep Learning (Computational Photography),,Intern,,,,,2026-04-21T19:46:45.647+00:00,https://jobs.ashbyhq.com/skydio/d13e3179-e646-4873-84a6-d492a692bc25,https://jobs.ashbyhq.com/skydio,ashby,skydio,seeded by SimplifyJobs Summer2026; seeded by PittCSC Summer2026,Live official ATS scrape.
Official Ashby board,skydio,Autonomy Engineer Intern Fall 2026,,Intern,,,,,2025-12-15T23:41:49.153+00:00,https://jobs.ashbyhq.com/skydio/17f6173b-c96f-4b02-a6b5-da0a91ad95e5,https://jobs.ashbyhq.com/skydio,ashby,skydio,seeded by SimplifyJobs Summer2026; seeded by PittCSC Summer2026,Live official ATS scrape.
Official Ashby board,skydio,GTM Data Engineer Intern,,Intern,,,,,2026-02-27T20:12:45.774+00:00,https://jobs.ashbyhq.com/skydio/b90b9b3b-e326-4fb6-85bd-fe52bec5f180,https://jobs.ashbyhq.com/skydio,ashby,skydio,seeded by SimplifyJobs Summer2026; seeded by PittCSC Summer2026,Live official ATS scrape.
Official Ashby board,skydio,Middleware Software Engineer Intern - Fall 2026,,Intern,,,,,2026-05-21T21:53:22.384+00:00,https://jobs.ashbyhq.com/skydio/7d9dbb60-4ca1-4ba8-8bae-5ebfded4a915,https://jobs.ashbyhq.com/skydio,ashby,skydio,seeded by SimplifyJobs Summer2026; seeded by PittCSC Summer2026,Live official ATS scrape.
Official Ashby board,skydio,PhD Autonomy Engineer Intern - Deep Learning or Computer Vision,,Intern,,,,,2026-03-08T07:03:41.886+00:00,https://jobs.ashbyhq.com/skydio/8d3979a8-c791-4825-8cf4-9b25479b9519,https://jobs.ashbyhq.com/skydio,ashby,skydio,seeded by SimplifyJobs Summer2026; seeded by PittCSC Summer2026,Live official ATS scrape.
Official Ashby board,skydio,PhD Autonomy Engineer Intern - Planning & Controls (Reinforcement Learning),,Intern,,,,,2025-09-30T22:09:22.525+00:00,https://jobs.ashbyhq.com/skydio/f8225008-00b5-415e-9a48-c9b6eba9363c,https://jobs.ashbyhq.com/skydio,ashby,skydio,seeded by SimplifyJobs Summer2026; seeded by PittCSC Summer2026,Live official ATS scrape.
Official Ashby board,skydio,Product Support Engineer Intern,,Intern,,,,,2026-04-16T19:57:17.292+00:00,https://jobs.ashbyhq.com/skydio/8df0689e-a489-4c72-a1f7-09dfe59745b8,https://jobs.ashbyhq.com/skydio,ashby,skydio,seeded by SimplifyJobs Summer2026; seeded by PittCSC Summer2026,Live official ATS scrape.
Official Ashby board,skydio,Software Engineer Intern Fall 2026/Winter 2027,,Intern,,,,,2026-05-05T22:59:03.280+00:00,https://jobs.ashbyhq.com/skydio/f6320e9b-4eed-408d-8d37-d509fb0406ee,https://jobs.ashbyhq.com/skydio,ashby,skydio,seeded by SimplifyJobs Summer2026; seeded by PittCSC Summer2026,Live official ATS scrape.
SimplifyJobs Summer2026; PittCSC Summer2026; Official Greenhouse board,Smartly.io,Compensation & People Analytics Intern,NYC,,AI/ML/Data,Summer 2026,,Other,2026-05-13,https://job-boards.greenhouse.io/smartlyio/jobs/5995737004,https://github.com/SimplifyJobs/Summer2026-Internships; https://github.com/pittcsc/Summer2026-Internships; https://job-boards.greenhouse.io/smartlyio,greenhouse,smartlyio,startup-heavy ATS/apply host; seeded by PittCSC Summer2026; seeded by SimplifyJobs Summer2026,Active listing in broad internship index; kept because apply host is startup-heavy.; Active listing in broad internship index; kept because apply host is startup-heavy.; Live official ATS scrape.
Official Ashby board,snowflake,Research Intern (AI) - 2026,,FullTime,,,,,2025-11-26T11:14:30.976+00:00,https://jobs.ashbyhq.com/snowflake/e2412cd5-19dd-44f8-addd-c9ef3c99ff82,https://jobs.ashbyhq.com/snowflake,ashby,snowflake,seeded by SimplifyJobs Summer2026; seeded by PittCSC Summer2026,Live official ATS scrape.
Official Ashby board,snowflake,Software Engineer Intern (AI/ML) - 2026,,FullTime,,,,,2025-11-26T11:14:12.310+00:00,https://jobs.ashbyhq.com/snowflake/897e1850-c590-4462-b187-0516b65b2034,https://jobs.ashbyhq.com/snowflake,ashby,snowflake,seeded by SimplifyJobs Summer2026; seeded by PittCSC Summer2026,Live official ATS scrape.
Official Ashby board,snowflake,Software Engineer Intern (Backend) - Warsaw 2026,,FullTime,,,,,2026-02-23T13:59:47.069+00:00,https://jobs.ashbyhq.com/snowflake/38f79cb1-c366-4bc5-9965-cc679ee730a4,https://jobs.ashbyhq.com/snowflake,ashby,snowflake,seeded by SimplifyJobs Summer2026; seeded by PittCSC Summer2026,Live official ATS scrape.
Official Ashby board,snowflake,Software Engineer Intern (Security) - Fall 2026,,FullTime,,,,,2026-05-08T17:12:36.271+00:00,https://jobs.ashbyhq.com/snowflake/a488959b-6874-4563-acb2-af747c3dc6f7,https://jobs.ashbyhq.com/snowflake,ashby,snowflake,seeded by SimplifyJobs Summer2026; seeded by PittCSC Summer2026,Live official ATS scrape.
Official Ashby board,snowflake,Software Engineer Intern - Berlin (2026),,FullTime,,,,,2025-09-26T10:29:09.155+00:00,https://jobs.ashbyhq.com/snowflake/41e65c6c-a01e-4f40-af14-ae75d3b95e27,https://jobs.ashbyhq.com/snowflake,ashby,snowflake,seeded by SimplifyJobs Summer2026; seeded by PittCSC Summer2026,Live official ATS scrape.
Official Ashby board,snowflake,Software Engineer Intern - Zurich (2026),,Intern,,,,,2026-05-12T18:22:52.437+00:00,https://jobs.ashbyhq.com/snowflake/26a0ae52-97a6-4a46-9216-3c382570d89b,https://jobs.ashbyhq.com/snowflake,ashby,snowflake,seeded by SimplifyJobs Summer2026; seeded by PittCSC Summer2026,Live official ATS scrape.
Official Ashby board,socure,"Engineering Intern- AI Agents, Data & RiskOS",,Intern,,,,,2026-04-15T14:10:32.819+00:00,https://jobs.ashbyhq.com/socure/e54f1700-c922-4bcc-a087-45b24717f974,https://jobs.ashbyhq.com/socure,ashby,socure,seeded by PittCSC Summer2026; seeded by SimplifyJobs Summer2026,Live official ATS scrape.
Official Ashby board,socure,Engineering Intern-DocV & Device,,Intern,,,,,2026-03-25T22:36:31.889+00:00,https://jobs.ashbyhq.com/socure/017556d2-e70b-41aa-8309-01337c734fd9,https://jobs.ashbyhq.com/socure,ashby,socure,seeded by PittCSC Summer2026; seeded by SimplifyJobs Summer2026,Live official ATS scrape.
Official Lever board,solopulseco,Radar Digital Signal Processing (DSP) Intern/Co-Op,"Peachtree Corners, GA",Co-Op,Radar Engineering,,,,1741268483985,https://jobs.lever.co/solopulseco/663eecca-0951-4354-9a0f-14b52aa72ab9,https://jobs.lever.co/solopulseco,lever,solopulseco,seeded by PittCSC Summer2026; seeded by SimplifyJobs Summer2026,Live official ATS scrape.
Official Lever board,solopulseco,Software Engineer Intern/Co-Op - Spring/Summer 2026,"Peachtree Corners, GA",Full-Time,Software Engineering,,,,1759708069980,https://jobs.lever.co/solopulseco/e430dd0f-8a73-46ec-8aea-739e1a5c1f9c,https://jobs.lever.co/solopulseco,lever,solopulseco,seeded by PittCSC Summer2026; seeded by SimplifyJobs Summer2026,Live official ATS scrape.
Official Lever board,solopulseco,Systems Engineering Intern,"Peachtree Corners, GA",Co-Op,Software Engineering,,,,1775149255431,https://jobs.lever.co/solopulseco/418b3949-3b21-48f9-b7a0-1c036ca0ba51,https://jobs.lever.co/solopulseco,lever,solopulseco,seeded by PittCSC Summer2026; seeded by SimplifyJobs Summer2026,Live official ATS scrape.
Official Ashby board,solva,AI Engineer Internship,,FullTime,,,,,2025-11-21T09:38:02.799+00:00,https://jobs.ashbyhq.com/solva/e336c053-5f6e-4076-ad14-f941ab5096b6,https://jobs.ashbyhq.com/solva,ashby,solva,seeded by SimplifyJobs Summer2026; seeded by PittCSC Summer2026,Live official ATS scrape.
Official Greenhouse board,sonothera,Nucleic Acid Analytics Intern,South San Francisco,,Research,,,,2026-05-18T20:37:21-04:00,https://sonothera.com/careers/?gh_jid=4667479006,https://job-boards.greenhouse.io/sonothera,greenhouse,sonothera,seeded by SimplifyJobs Summer2026,Live official ATS scrape.
Official Greenhouse board,spacex,Fall 2026 Engineering Internship/Co-op,Flexible - Any SpaceX Site,,Internships,,,,2026-04-30T13:10:25-04:00,https://boards.greenhouse.io/spacex/jobs/8403206002?gh_jid=8403206002,https://job-boards.greenhouse.io/spacex,greenhouse,spacex,seeded by SimplifyJobs Summer2026; seeded by PittCSC Summer2026,Live official ATS scrape.
Official Greenhouse board,spacex,Fall 2026 Graduate Engineer Internship/Co-op,Flexible - Any SpaceX Site,,Internships,,,,2026-05-04T15:35:23-04:00,https://boards.greenhouse.io/spacex/jobs/8403223002?gh_jid=8403223002,https://job-boards.greenhouse.io/spacex,greenhouse,spacex,seeded by SimplifyJobs Summer2026; seeded by PittCSC Summer2026,Live official ATS scrape.
SimplifyJobs Summer2026; PittCSC Summer2026; Official Greenhouse board,SpaceX,Software Engineering Intern/Co-op,"Bastrop, TX; Irvine, CA; Cape Canaveral, FL; Brownsville, TX; Redmond, WA; McGregor, TX; West Athens, CA; Sunnyvale, CA",,Hardware,Fall 2026,,Other,2026-03-16,https://boards.greenhouse.io/spacex/jobs/8403219002,https://github.com/SimplifyJobs/Summer2026-Internships; https://github.com/pittcsc/Summer2026-Internships; https://job-boards.greenhouse.io/spacex,greenhouse,spacex,startup-heavy ATS/apply host; seeded by SimplifyJobs Summer2026; seeded by PittCSC Summer2026,Active listing in broad internship index; kept because apply host is startup-heavy.; Active listing in broad internship index; kept because apply host is startup-heavy.; Live official ATS scrape.
SimplifyJobs Summer2026; PittCSC Summer2026; Official Greenhouse board,Sparksoft,Data Analysis Intern,Maryland,,AI/ML/Data,Summer 2026,,Other,2026-05-06,https://job-boards.greenhouse.io/sparksoftcorporation/jobs/5128913007,https://github.com/SimplifyJobs/Summer2026-Internships; https://github.com/pittcsc/Summer2026-Internships; https://job-boards.greenhouse.io/sparksoftcorporation,greenhouse,sparksoftcorporation,startup-heavy ATS/apply host; seeded by SimplifyJobs Summer2026; seeded by PittCSC Summer2026,Active listing in broad internship index; kept because apply host is startup-heavy.; Active listing in broad internship index; kept because apply host is startup-heavy.; Live official ATS scrape.
SimplifyJobs Summer2026; Official Greenhouse board,Sparksoft,Developer Intern,Remote in USA; Maryland,,Software,Summer 2026,,Other,2026-05-20,https://job-boards.greenhouse.io/sparksoftcorporation/jobs/5142183007,https://github.com/SimplifyJobs/Summer2026-Internships; https://job-boards.greenhouse.io/sparksoftcorporation,greenhouse,sparksoftcorporation,startup-heavy ATS/apply host; seeded by SimplifyJobs Summer2026; seeded by PittCSC Summer2026,Active listing in broad internship index; kept because apply host is startup-heavy.; Live official ATS scrape.
SimplifyJobs Summer2026; Official Greenhouse board,Sparksoft,Software Engineering Intern,Maryland,,Software,Summer 2026,,Other,2026-05-21,https://job-boards.greenhouse.io/sparksoftcorporation/jobs/5143392007,https://github.com/SimplifyJobs/Summer2026-Internships; https://job-boards.greenhouse.io/sparksoftcorporation,greenhouse,sparksoftcorporation,startup-heavy ATS/apply host; seeded by SimplifyJobs Summer2026; seeded by PittCSC Summer2026,Active listing in broad internship index; kept because apply host is startup-heavy.; Live official ATS scrape.
SimplifyJobs Summer2026; PittCSC Summer2026; Official Greenhouse board,Sparksoft,Technology Intern,Maryland,,AI/ML/Data,Summer 2026,,Other,2026-05-07,https://job-boards.greenhouse.io/sparksoftcorporation/jobs/5131506007,https://github.com/SimplifyJobs/Summer2026-Internships; https://github.com/pittcsc/Summer2026-Internships; https://job-boards.greenhouse.io/sparksoftcorporation,greenhouse,sparksoftcorporation,startup-heavy ATS/apply host; seeded by SimplifyJobs Summer2026; seeded by PittCSC Summer2026,Active listing in broad internship index; kept because apply host is startup-heavy.; Active listing in broad internship index; kept because apply host is startup-heavy.; Live official ATS scrape.
Official Greenhouse board,sparksoftcorporation,Cyber Security Intern,Remote/Hybrid if local to Maryland,,Security,,,,2026-05-05T10:40:25-04:00,https://job-boards.greenhouse.io/sparksoftcorporation/jobs/5127615007,https://job-boards.greenhouse.io/sparksoftcorporation,greenhouse,sparksoftcorporation,seeded by SimplifyJobs Summer2026; seeded by PittCSC Summer2026,Live official ATS scrape.
SimplifyJobs Summer2026; PittCSC Summer2026; Official Greenhouse board,Stevens Capital Management,Developer Intern,"Villanova, PA",,Software,Winter 2025,,Other,2025-11-21,https://job-boards.greenhouse.io/scminternships/jobs/1146391,https://github.com/SimplifyJobs/Summer2026-Internships; https://github.com/pittcsc/Summer2026-Internships; https://job-boards.greenhouse.io/scminternships,greenhouse,scminternships,startup-heavy ATS/apply host; seeded by SimplifyJobs Summer2026; seeded by PittCSC Summer2026,Active listing in broad internship index; kept because apply host is startup-heavy.; Active listing in broad internship index; kept because apply host is startup-heavy.; Live official ATS scrape.
SimplifyJobs Summer2026; PittCSC Summer2026; Official Greenhouse board,Stevens Capital Management,Developer Internship,"Villanova, PA",,Software,Winter 2025,,Other,2025-11-21,https://job-boards.greenhouse.io/ftandinternships/jobs/1304476,https://github.com/SimplifyJobs/Summer2026-Internships; https://github.com/pittcsc/Summer2026-Internships; https://job-boards.greenhouse.io/ftandinternships,greenhouse,ftandinternships,startup-heavy ATS/apply host; seeded by PittCSC Summer2026; seeded by SimplifyJobs Summer2026,Active listing in broad internship index; kept because apply host is startup-heavy.; Active listing in broad internship index; kept because apply host is startup-heavy.; Live official ATS scrape.
SimplifyJobs Summer2026; PittCSC Summer2026; Official Greenhouse board,Stevens Capital Management,Quantitative Research Analyst Intern,"Villanova, PA",,Quant,Winter 2025,,Other,2025-11-21,https://job-boards.greenhouse.io/ftandinternships/jobs/1304473,https://github.com/SimplifyJobs/Summer2026-Internships; https://github.com/pittcsc/Summer2026-Internships; https://job-boards.greenhouse.io/ftandinternships,greenhouse,ftandinternships,startup-heavy ATS/apply host; seeded by PittCSC Summer2026; seeded by SimplifyJobs Summer2026,Active listing in broad internship index; kept because apply host is startup-heavy.; Active listing in broad internship index; kept because apply host is startup-heavy.; Live official ATS scrape.
SimplifyJobs Summer2026; PittCSC Summer2026; Official Greenhouse board,Stevens Capital Management,Quantitative Research Analyst Internship,"Villanova, PA",,Quant,Summer 2026,,Other,2025-11-21,https://job-boards.greenhouse.io/scminternships/jobs/1146416,https://github.com/SimplifyJobs/Summer2026-Internships; https://github.com/pittcsc/Summer2026-Internships; https://job-boards.greenhouse.io/scminternships,greenhouse,scminternships,startup-heavy ATS/apply host; seeded by SimplifyJobs Summer2026; seeded by PittCSC Summer2026,Active listing in broad internship index; kept because apply host is startup-heavy.; Active listing in broad internship index; kept because apply host is startup-heavy.; Live official ATS scrape.
Official Ashby board,super.com,Data Engineering Intern,,Intern,,,,,2026-05-11T15:16:47.689+00:00,https://jobs.ashbyhq.com/super.com/5060f2c1-a0ca-44a9-90b6-647ead38d2e8,https://jobs.ashbyhq.com/super.com,ashby,super.com,seeded by SimplifyJobs Summer2026; seeded by PittCSC Summer2026,Live official ATS scrape.
Official Ashby board,super.com,Payments Engineering Intern (12-month),,Intern,,,,,2026-05-11T15:08:29.225+00:00,https://jobs.ashbyhq.com/super.com/6a0dc25b-6eb2-411e-a862-6b083d9bad3c,https://jobs.ashbyhq.com/super.com,ashby,super.com,seeded by SimplifyJobs Summer2026; seeded by PittCSC Summer2026,Live official ATS scrape.
Official Ashby board,super.com,Security Engineering Intern,,Intern,,,,,2026-05-11T14:55:26.356+00:00,https://jobs.ashbyhq.com/super.com/2f7354b7-c724-4198-9cf0-40140d738978,https://jobs.ashbyhq.com/super.com,ashby,super.com,seeded by SimplifyJobs Summer2026; seeded by PittCSC Summer2026,Live official ATS scrape.
Official Ashby board,super.com,Software Development Engineering Intern - Infrastructure (DevOps) - 12 Months,,Intern,,,,,2026-05-11T15:00:27.519+00:00,https://jobs.ashbyhq.com/super.com/7d7eaa47-39d4-4677-aea9-f5d9f6c25ed8,https://jobs.ashbyhq.com/super.com,ashby,super.com,seeded by SimplifyJobs Summer2026; seeded by PittCSC Summer2026,Live official ATS scrape.
Official Ashby board,super.com,Software Engineering Intern - Product (Full-Stack),,Intern,,,,,2026-05-11T14:51:31.241+00:00,https://jobs.ashbyhq.com/super.com/8179b5ad-9074-4d96-aa92-366cf12ab5d5,https://jobs.ashbyhq.com/super.com,ashby,super.com,seeded by SimplifyJobs Summer2026; seeded by PittCSC Summer2026,Live official ATS scrape.
Official Ashby board,super.com,"Software Engineering Intern, Data",,Intern,,,,,2026-05-11T15:18:13.493+00:00,https://jobs.ashbyhq.com/super.com/026d7e42-85b6-4baa-bab8-bf3f6d10bc0d,https://jobs.ashbyhq.com/super.com,ashby,super.com,seeded by SimplifyJobs Summer2026; seeded by PittCSC Summer2026,Live official ATS scrape.
Official Lever board,SymmetrySystems,Full Stack Software Engineer - 2026 Summer Intern,Remote,Intern,Engineering,,,,1765909934415,https://jobs.lever.co/SymmetrySystems/dbca271b-a99b-48ab-83f2-b596a037ad65,https://jobs.lever.co/SymmetrySystems,lever,SymmetrySystems,seeded by SimplifyJobs Summer2026; seeded by PittCSC Summer2026,Live official ATS scrape.
Official Ashby board,taaraconnect,2026 FPGA Internship,,FullTime,,,,,2026-03-10T00:58:56.451+00:00,https://jobs.ashbyhq.com/taaraconnect/9d46074e-4fa8-44ce-9b2e-59296f6bf2e9,https://jobs.ashbyhq.com/taaraconnect,ashby,taaraconnect,seeded by PittCSC Summer2026; seeded by SimplifyJobs Summer2026,Live official ATS scrape.
Official Ashby board,taaraconnect,2026 Software Engineering Internship,,FullTime,,,,,2026-03-03T18:06:19.190+00:00,https://jobs.ashbyhq.com/taaraconnect/ed52ef53-dca2-433e-a2b7-6003d8be7ea2,https://jobs.ashbyhq.com/taaraconnect,ashby,taaraconnect,seeded by PittCSC Summer2026; seeded by SimplifyJobs Summer2026,Live official ATS scrape.
Official Ashby board,taaraconnect,2026 Systems and Control Engineering Internship,,FullTime,,,,,2026-03-12T22:02:54.726+00:00,https://jobs.ashbyhq.com/taaraconnect/cd4e36c0-1655-4847-b5f7-0110cbc33839,https://jobs.ashbyhq.com/taaraconnect,ashby,taaraconnect,seeded by PittCSC Summer2026; seeded by SimplifyJobs Summer2026,Live official ATS scrape.
Official Ashby board,taktile,Software Engineer Intern,,Intern,,,,,2025-10-08T14:27:17.479+00:00,https://jobs.ashbyhq.com/taktile/bce11078-1da2-4826-a70e-7eccfd702dd1,https://jobs.ashbyhq.com/taktile,ashby,taktile,seeded by local:internship_opportunities_2026-05-13.md; seeded by local:internship_tracker_2026_05_27_opportunities.csv; seeded by local:internship_opportunities_last_30_days_2026-05-13.md,Live official ATS scrape.
Official Lever board,teleo,Firmware Engineering Internship/Co-op (Summer/Fall 2026),"Palo Alto, CA",Intern,Engineering,,,,1719276273780,https://jobs.lever.co/teleo/63fe96ee-74dc-41eb-80bc-6f80133c9ffa,https://jobs.lever.co/teleo,lever,teleo,seeded by SimplifyJobs Summer2026; seeded by PittCSC Summer2026,Live official ATS scrape.
Official Lever board,teleo,Mechanical Design Engineer Internship/Co-op (Summer/Fall 2026),"Palo Alto, CA",Intern,Engineering,,,,1666813347274,https://jobs.lever.co/teleo/9648e651-e794-4a26-bcb8-183494ea97f4,https://jobs.lever.co/teleo,lever,teleo,seeded by SimplifyJobs Summer2026; seeded by PittCSC Summer2026,Live official ATS scrape.
Official Ashby board,tenex,Security Analyst Internship,,FullTime,,,,,2026-05-22T19:56:28.090+00:00,https://jobs.ashbyhq.com/tenex/10809b50-a1e3-4ef8-9522-e4721688a36e,https://jobs.ashbyhq.com/tenex,ashby,tenex,seeded by SimplifyJobs Summer2026; seeded by PittCSC Summer2026; seeded by local:internship_opportunities_last_30_days_2026-05-13.md; seeded by local:internship_tracker_2026_05_27_opportunities.csv,Live official ATS scrape.
SimplifyJobs Summer2026; PittCSC Summer2026; Official Ashby board,TENEX.AI,Software Engineer Intern,"San Jose, CA",FullTime,Software Engineering,Summer 2026,,Other,2025-11-24,https://jobs.ashbyhq.com/tenex/fbfefd5c-ae95-4a71-8a75-e2b61facb304,https://github.com/SimplifyJobs/Summer2026-Internships; https://github.com/pittcsc/Summer2026-Internships; https://jobs.ashbyhq.com/tenex,ashby,tenex,startup-heavy ATS/apply host; seeded by SimplifyJobs Summer2026; seeded by PittCSC Summer2026; seeded by local:internship_opportunities_last_30_days_2026-05-13.md; seeded by local:internship_tracker_2026_05_27_opportunities.csv,Active listing in broad internship index; kept because apply host is startup-heavy.; Active listing in broad internship index; kept because apply host is startup-heavy.; Live official ATS scrape.
SimplifyJobs Summer2026; PittCSC Summer2026; Official Greenhouse board,Tenstorrent,Acceleration Kernel Developer Intern,"Toronto, ON, Canada",,Hardware,Summer 2026,,Other,2026-03-26,https://job-boards.greenhouse.io/tenstorrentuniversity/jobs/4668120007,https://github.com/SimplifyJobs/Summer2026-Internships; https://github.com/pittcsc/Summer2026-Internships; https://job-boards.greenhouse.io/tenstorrentuniversity,greenhouse,tenstorrentuniversity,startup-heavy ATS/apply host; seeded by PittCSC Summer2026; seeded by SimplifyJobs Summer2026,Active listing in broad internship index; kept because apply host is startup-heavy.; Active listing in broad internship index; kept because apply host is startup-heavy.; Live official ATS scrape.
SimplifyJobs Summer2026; PittCSC Summer2026; Official Greenhouse board,Tenstorrent,AI Compiler Software Intern,"Toronto, ON, Canada",,Software,Summer 2026,,Other,2026-03-10,https://job-boards.greenhouse.io/tenstorrentuniversity/jobs/4873659007,https://github.com/SimplifyJobs/Summer2026-Internships; https://github.com/pittcsc/Summer2026-Internships; https://job-boards.greenhouse.io/tenstorrentuniversity,greenhouse,tenstorrentuniversity,startup-heavy ATS/apply host; seeded by PittCSC Summer2026; seeded by SimplifyJobs Summer2026,Active listing in broad internship index; kept because apply host is startup-heavy.; Active listing in broad internship index; kept because apply host is startup-heavy.; Live official ATS scrape.
SimplifyJobs Summer2026; PittCSC Summer2026; Official Greenhouse board,Tenstorrent,Applied AI Workflow Automation Intern,"Toronto, ON, Canada; Austin, TX; Santa Clara, CA; Fort Collins, CO",,Software,Summer 2026,,Other,2026-04-13,https://job-boards.greenhouse.io/tenstorrentuniversity/jobs/5104002007,https://github.com/SimplifyJobs/Summer2026-Internships; https://github.com/pittcsc/Summer2026-Internships; https://job-boards.greenhouse.io/tenstorrentuniversity,greenhouse,tenstorrentuniversity,startup-heavy ATS/apply host; seeded by PittCSC Summer2026; seeded by SimplifyJobs Summer2026,Active listing in broad internship index; kept because apply host is startup-heavy.; Active listing in broad internship index; kept because apply host is startup-heavy.; Live official ATS scrape.
SimplifyJobs Summer2026; PittCSC Summer2026; Official Greenhouse board,Tenstorrent,Chiplet Security Research Intern,"Santa Clara, CA",,Hardware,Winter 2025,,Other,2025-11-06,https://job-boards.greenhouse.io/tenstorrentuniversity/jobs/4955926007,https://github.com/SimplifyJobs/Summer2026-Internships; https://github.com/pittcsc/Summer2026-Internships; https://job-boards.greenhouse.io/tenstorrentuniversity,greenhouse,tenstorrentuniversity,startup-heavy ATS/apply host; seeded by PittCSC Summer2026; seeded by SimplifyJobs Summer2026,Active listing in broad internship index; kept because apply host is startup-heavy.; Active listing in broad internship index; kept because apply host is startup-heavy.; Live official ATS scrape.
SimplifyJobs Summer2026; PittCSC Summer2026; Official Greenhouse board,Tenstorrent,Design Verification Engineer Intern,"Boston, MA",,Hardware,Winter 2026; Summer 2026; Fall 2026,,Other,2026-04-09,https://job-boards.greenhouse.io/tenstorrentuniversity/jobs/4873756007,https://github.com/SimplifyJobs/Summer2026-Internships; https://github.com/pittcsc/Summer2026-Internships; https://job-boards.greenhouse.io/tenstorrentuniversity,greenhouse,tenstorrentuniversity,startup-heavy ATS/apply host; seeded by PittCSC Summer2026; seeded by SimplifyJobs Summer2026,Active listing in broad internship index; kept because apply host is startup-heavy.; Active listing in broad internship index; kept because apply host is startup-heavy.; Live official ATS scrape.
SimplifyJobs Summer2026; PittCSC Summer2026; Official Greenhouse board,Tenstorrent,Design Verification Intern - RISCV CPU,"Austin, TX; Santa Clara, CA",,Hardware,Fall 2026,,Other,2026-03-03,https://job-boards.greenhouse.io/tenstorrentuniversity/jobs/4501100007,https://github.com/SimplifyJobs/Summer2026-Internships; https://github.com/pittcsc/Summer2026-Internships; https://job-boards.greenhouse.io/tenstorrentuniversity,greenhouse,tenstorrentuniversity,startup-heavy ATS/apply host; seeded by PittCSC Summer2026; seeded by SimplifyJobs Summer2026,Active listing in broad internship index; kept because apply host is startup-heavy.; Active listing in broad internship index; kept because apply host is startup-heavy.; Live official ATS scrape.
SimplifyJobs Summer2026; PittCSC Summer2026; Official Greenhouse board,Tenstorrent,Formal Verification Intern,"Austin, TX",,Hardware,Winter 2025,,Other,2025-10-03,https://job-boards.greenhouse.io/tenstorrentuniversity/jobs/4868622007,https://github.com/SimplifyJobs/Summer2026-Internships; https://github.com/pittcsc/Summer2026-Internships; https://job-boards.greenhouse.io/tenstorrentuniversity,greenhouse,tenstorrentuniversity,startup-heavy ATS/apply host; seeded by PittCSC Summer2026; seeded by SimplifyJobs Summer2026,Active listing in broad internship index; kept because apply host is startup-heavy.; Active listing in broad internship index; kept because apply host is startup-heavy.; Live official ATS scrape.
SimplifyJobs Summer2026; PittCSC Summer2026; Official Greenhouse board,Tenstorrent,Machine Learning Applications & Benchmarking Intern,"Santa Clara, CA",,AI/ML/Data,Summer 2026,,Other,2026-04-27,https://job-boards.greenhouse.io/tenstorrentuniversity/jobs/4532863007,https://github.com/SimplifyJobs/Summer2026-Internships; https://github.com/pittcsc/Summer2026-Internships; https://job-boards.greenhouse.io/tenstorrentuniversity,greenhouse,tenstorrentuniversity,startup-heavy ATS/apply host; seeded by PittCSC Summer2026; seeded by SimplifyJobs Summer2026,Active listing in broad internship index; kept because apply host is startup-heavy.; Active listing in broad internship index; kept because apply host is startup-heavy.; Live official ATS scrape.
SimplifyJobs Summer2026; PittCSC Summer2026; Official Greenhouse board,Tenstorrent,Machine Learning for Physical Design Intern - CPU/AI Hardware,"Austin, TX; Santa Clara, CA",,AI/ML/Data,Summer 2026,,Other,2025-12-12,https://job-boards.greenhouse.io/tenstorrentuniversity/jobs/4501164007,https://github.com/SimplifyJobs/Summer2026-Internships; https://github.com/pittcsc/Summer2026-Internships; https://job-boards.greenhouse.io/tenstorrentuniversity,greenhouse,tenstorrentuniversity,startup-heavy ATS/apply host; seeded by PittCSC Summer2026; seeded by SimplifyJobs Summer2026,Active listing in broad internship index; kept because apply host is startup-heavy.; Active listing in broad internship index; kept because apply host is startup-heavy.; Live official ATS scrape.
SimplifyJobs Summer2026; PittCSC Summer2026; Official Greenhouse board,Tenstorrent,Physical Design for Machine Learning Intern,"Santa Clara, CA",,AI/ML/Data,Winter 2025,,Other,2025-11-04,https://job-boards.greenhouse.io/tenstorrentuniversity/jobs/4968215007,https://github.com/SimplifyJobs/Summer2026-Internships; https://github.com/pittcsc/Summer2026-Internships; https://job-boards.greenhouse.io/tenstorrentuniversity,greenhouse,tenstorrentuniversity,startup-heavy ATS/apply host; seeded by PittCSC Summer2026; seeded by SimplifyJobs Summer2026,Active listing in broad internship index; kept because apply host is startup-heavy.; Active listing in broad internship index; kept because apply host is startup-heavy.; Live official ATS scrape.
SimplifyJobs Summer2026; PittCSC Summer2026; Official Greenhouse board,Tenstorrent,Software Intern - AI Compilers,"Austin, TX",,Software,Winter 2025,,Other,2025-11-04,https://job-boards.greenhouse.io/tenstorrentuniversity/jobs/4968219007,https://github.com/SimplifyJobs/Summer2026-Internships; https://github.com/pittcsc/Summer2026-Internships; https://job-boards.greenhouse.io/tenstorrentuniversity,greenhouse,tenstorrentuniversity,startup-heavy ATS/apply host; seeded by PittCSC Summer2026; seeded by SimplifyJobs Summer2026,Active listing in broad internship index; kept because apply host is startup-heavy.; Active listing in broad internship index; kept because apply host is startup-heavy.; Live official ATS scrape.
Official Greenhouse board,tenstorrentuniversity,AI Infrastructure Intern - Low Level Kernel Testing,"Belgrade, Serbia",,University,,,,2026-05-20T18:35:04-04:00,https://job-boards.greenhouse.io/tenstorrentuniversity/jobs/5121054007,https://job-boards.greenhouse.io/tenstorrentuniversity,greenhouse,tenstorrentuniversity,seeded by PittCSC Summer2026; seeded by SimplifyJobs Summer2026,Live official ATS scrape.
Official Greenhouse board,tenstorrentuniversity,CPU Core Performance Verification Intern - CPU/AI Hardware,"Austin, Texas, United States",,University,,,,2026-05-20T18:35:04-04:00,https://job-boards.greenhouse.io/tenstorrentuniversity/jobs/4501134007,https://job-boards.greenhouse.io/tenstorrentuniversity,greenhouse,tenstorrentuniversity,seeded by PittCSC Summer2026; seeded by SimplifyJobs Summer2026,Live official ATS scrape.
Official Greenhouse board,tenstorrentuniversity,Design Verification Software Intern,North America,,University,,,,2026-05-20T18:35:04-04:00,https://job-boards.greenhouse.io/tenstorrentuniversity/jobs/4522665007,https://job-boards.greenhouse.io/tenstorrentuniversity,greenhouse,tenstorrentuniversity,seeded by PittCSC Summer2026; seeded by SimplifyJobs Summer2026,Live official ATS scrape.
Official Greenhouse board,tenstorrentuniversity,Inference Server – Product Software Intern,"Belgrade, Serbia",,University,,,,2026-05-20T18:35:04-04:00,https://job-boards.greenhouse.io/tenstorrentuniversity/jobs/5065140007,https://job-boards.greenhouse.io/tenstorrentuniversity,greenhouse,tenstorrentuniversity,seeded by PittCSC Summer2026; seeded by SimplifyJobs Summer2026,Live official ATS scrape.
Official Greenhouse board,tenstorrentuniversity,"Machine Learning Intern, AI Compiler - Model Training (Serbia)","Belgrade, Serbia",,University,,,,2026-05-20T18:35:04-04:00,https://job-boards.greenhouse.io/tenstorrentuniversity/jobs/5076959007,https://job-boards.greenhouse.io/tenstorrentuniversity,greenhouse,tenstorrentuniversity,seeded by PittCSC Summer2026; seeded by SimplifyJobs Summer2026,Live official ATS scrape.
Official Greenhouse board,tenstorrentuniversity,"Mechanical Engineer, Intern","Toronto, Ontario, Canada",,University,,,,2026-05-20T18:35:04-04:00,https://job-boards.greenhouse.io/tenstorrentuniversity/jobs/4873587007,https://job-boards.greenhouse.io/tenstorrentuniversity,greenhouse,tenstorrentuniversity,seeded by PittCSC Summer2026; seeded by SimplifyJobs Summer2026,Live official ATS scrape.
Official Greenhouse board,tenstorrentuniversity,Models Infra - Product Software Intern (Serbia),"Belgrade, Serbia",,University,,,,2026-05-20T18:35:04-04:00,https://job-boards.greenhouse.io/tenstorrentuniversity/jobs/5082997007,https://job-boards.greenhouse.io/tenstorrentuniversity,greenhouse,tenstorrentuniversity,seeded by PittCSC Summer2026; seeded by SimplifyJobs Summer2026,Live official ATS scrape.
Official Greenhouse board,tenstorrentuniversity,Physical Design Intern - CPU/AI Hardware,"Austin, Texas, United States; Santa Clara, California, United States",,University,,,,2026-05-20T18:35:04-04:00,https://job-boards.greenhouse.io/tenstorrentuniversity/jobs/4526301007,https://job-boards.greenhouse.io/tenstorrentuniversity,greenhouse,tenstorrentuniversity,seeded by PittCSC Summer2026; seeded by SimplifyJobs Summer2026,Live official ATS scrape.
Official Greenhouse board,tenstorrentuniversity,Release Engineer Intern,"Toronto, Ontario, Canada",,University,,,,2026-05-20T18:35:04-04:00,https://job-boards.greenhouse.io/tenstorrentuniversity/jobs/4557362007,https://job-boards.greenhouse.io/tenstorrentuniversity,greenhouse,tenstorrentuniversity,seeded by PittCSC Summer2026; seeded by SimplifyJobs Summer2026,Live official ATS scrape.
Official Greenhouse board,tenstorrentuniversity,"Software Engineer Intern, AI Compiler (Serbia)","Belgrade, Serbia",,University,,,,2026-05-20T18:35:04-04:00,https://job-boards.greenhouse.io/tenstorrentuniversity/jobs/5080887007,https://job-boards.greenhouse.io/tenstorrentuniversity,greenhouse,tenstorrentuniversity,seeded by PittCSC Summer2026; seeded by SimplifyJobs Summer2026,Live official ATS scrape.
Official Greenhouse board,tenstorrentuniversity,"Software Engineering Intern, Kernel Optimization (Serbia)","Belgrade, Serbia",,University,,,,2026-05-20T18:35:04-04:00,https://job-boards.greenhouse.io/tenstorrentuniversity/jobs/5096351007,https://job-boards.greenhouse.io/tenstorrentuniversity,greenhouse,tenstorrentuniversity,seeded by PittCSC Summer2026; seeded by SimplifyJobs Summer2026,Live official ATS scrape.
Official Greenhouse board,tenstorrentuniversity,Software Intern - AI Compilers,"Santa Clara, California, United States",,University,,,,2026-05-20T18:35:04-04:00,https://job-boards.greenhouse.io/tenstorrentuniversity/jobs/4501189007,https://job-boards.greenhouse.io/tenstorrentuniversity,greenhouse,tenstorrentuniversity,seeded by PittCSC Summer2026; seeded by SimplifyJobs Summer2026,Live official ATS scrape.
Official Ashby board,tessera-labs,"Software Engineering Intern, Backend",,FullTime,,,,,2026-04-08T19:56:13.392+00:00,https://jobs.ashbyhq.com/tessera-labs/dce8d8e5-f169-4bdb-b1c2-f4754fca31e7,https://jobs.ashbyhq.com/tessera-labs,ashby,tessera-labs,seeded by PittCSC Summer2026; seeded by SimplifyJobs Summer2026,Live official ATS scrape.
Official Ashby board,tessera-labs,"Software Engineering Intern, Frontend",,FullTime,,,,,2026-04-08T03:52:55.644+00:00,https://jobs.ashbyhq.com/tessera-labs/4614d053-2c8f-4317-8cd2-1d1290721b06,https://jobs.ashbyhq.com/tessera-labs,ashby,tessera-labs,seeded by PittCSC Summer2026; seeded by SimplifyJobs Summer2026,Live official ATS scrape.
Official Ashby board,tilderesearch,Kernel Engineer (Internship and Full-time),,FullTime,,,,,2025-07-14T21:45:39.710+00:00,https://jobs.ashbyhq.com/tilderesearch/bc4e4071-cf64-4460-8265-b1e5a603d6b8,https://jobs.ashbyhq.com/tilderesearch,ashby,tilderesearch,seeded by SimplifyJobs Summer2026; seeded by PittCSC Summer2026,Live official ATS scrape.
Official Ashby board,tilderesearch,ML Engineer (Internship and Full-time),,FullTime,,,,,2025-07-14T21:43:09.149+00:00,https://jobs.ashbyhq.com/tilderesearch/b2e145db-0111-47c1-9d9f-e856a057d8ef,https://jobs.ashbyhq.com/tilderesearch,ashby,tilderesearch,seeded by SimplifyJobs Summer2026; seeded by PittCSC Summer2026,Live official ATS scrape.
Official Ashby board,tilderesearch,ML Researcher (Internship and Full-time),,FullTime,,,,,2025-07-14T19:00:37.725+00:00,https://jobs.ashbyhq.com/tilderesearch/e850d5b0-a5d6-4b9c-9898-f7addb441508,https://jobs.ashbyhq.com/tilderesearch,ashby,tilderesearch,seeded by SimplifyJobs Summer2026; seeded by PittCSC Summer2026,Live official ATS scrape.
Official Lever board,tri,"Human-Centered AI Intern, CAD Design Reasoning Machine Learning","Los Altos, CA",Intern,Internships - Fall 2026,,,,1771449317800,https://jobs.lever.co/tri/ca561b23-9589-49bc-a056-7f741ff48c26,https://jobs.lever.co/tri,lever,tri,seeded by SimplifyJobs Summer2026; seeded by PittCSC Summer2026,Live official ATS scrape.
SimplifyJobs Summer2026; PittCSC Summer2026; Official Greenhouse board,True Anomaly,Flight Software Intern,"Long Beach, CA; Denver, CO",,Hardware,Summer 2026,,Other,2026-02-11,https://job-boards.greenhouse.io/trueanomalyinc/jobs/5047530007,https://github.com/SimplifyJobs/Summer2026-Internships; https://github.com/pittcsc/Summer2026-Internships; https://job-boards.greenhouse.io/trueanomalyinc,greenhouse,trueanomalyinc,startup-heavy ATS/apply host; seeded by SimplifyJobs Summer2026; seeded by PittCSC Summer2026,Active listing in broad internship index; kept because apply host is startup-heavy.; Active listing in broad internship index; kept because apply host is startup-heavy.; Live official ATS scrape.
SimplifyJobs Summer2026; PittCSC Summer2026; Official Greenhouse board,True Anomaly,Technician Apprentice,"Denver, CO",,Hardware,Spring 2026,,Other,2026-01-21,https://job-boards.greenhouse.io/trueanomalyinc/jobs/5024108007,https://github.com/SimplifyJobs/Summer2026-Internships; https://github.com/pittcsc/Summer2026-Internships; https://job-boards.greenhouse.io/trueanomalyinc,greenhouse,trueanomalyinc,startup-heavy ATS/apply host; seeded by SimplifyJobs Summer2026; seeded by PittCSC Summer2026,Active listing in broad internship index; kept because apply host is startup-heavy.; Active listing in broad internship index; kept because apply host is startup-heavy.; Live official ATS scrape.
SimplifyJobs Summer2026; PittCSC Summer2026; Official Greenhouse board,Trumid,AI Automation Intern,NYC,,Software,Summer 2026,,Other,2026-04-16,https://job-boards.greenhouse.io/trumid/jobs/7703392003,https://github.com/SimplifyJobs/Summer2026-Internships; https://github.com/pittcsc/Summer2026-Internships; https://job-boards.greenhouse.io/trumid,greenhouse,trumid,startup-heavy ATS/apply host; seeded by SimplifyJobs Summer2026; seeded by PittCSC Summer2026,Active listing in broad internship index; kept because apply host is startup-heavy.; Active listing in broad internship index; kept because apply host is startup-heavy.; Live official ATS scrape.
SimplifyJobs Summer2026; PittCSC Summer2026; Official Greenhouse board,Truveta,ML PhD Intern - LLMs & Generative AI,"Seattle, WA",,"Data Science, AI & Machine Learning",Summer 2026,,Other,2025-11-20,https://job-boards.greenhouse.io/truveta/jobs/5712997004,https://github.com/SimplifyJobs/Summer2026-Internships; https://github.com/pittcsc/Summer2026-Internships; https://job-boards.greenhouse.io/truveta,greenhouse,truveta,startup-heavy ATS/apply host; seeded by SimplifyJobs Summer2026; seeded by PittCSC Summer2026,Active listing in broad internship index; kept because apply host is startup-heavy.; Active listing in broad internship index; kept because apply host is startup-heavy.; Live official ATS scrape.
Official Greenhouse board,truveta,Research Analyst Summer Intern,"Seattle, WA",,Internship,,,,2026-04-23T18:26:25-04:00,https://job-boards.greenhouse.io/truveta/jobs/5973938004,https://job-boards.greenhouse.io/truveta,greenhouse,truveta,seeded by SimplifyJobs Summer2026; seeded by PittCSC Summer2026,Live official ATS scrape.
Official Ashby board,uncountable,Working Student -- Software Engineer: Munich,,Intern,,,,,2024-08-25T23:14:55.547+00:00,https://jobs.ashbyhq.com/uncountable/9ca128de-0a2b-4be3-97e6-6c3a3b08dd10,https://jobs.ashbyhq.com/uncountable,ashby,uncountable,seeded by PittCSC Summer2026; seeded by SimplifyJobs Summer2026,Live official ATS scrape.
SimplifyJobs Summer2026; PittCSC Summer2026; Official Greenhouse board,Varda Space,Applications Engineering Internship,"El Segundo, CA",,AI/ML/Data,Fall 2026,,Other,2026-05-13,https://job-boards.greenhouse.io/vardaspace/jobs/7732511003,https://github.com/SimplifyJobs/Summer2026-Internships; https://github.com/pittcsc/Summer2026-Internships; https://job-boards.greenhouse.io/vardaspace,greenhouse,vardaspace,startup-heavy ATS/apply host; seeded by PittCSC Summer2026; seeded by SimplifyJobs Summer2026,Active listing in broad internship index; kept because apply host is startup-heavy.; Active listing in broad internship index; kept because apply host is startup-heavy.; Live official ATS scrape.
SimplifyJobs Summer2026; PittCSC Summer2026; Official Greenhouse board,Varda Space,Automation & Test Intern,"El Segundo, CA",,Hardware,Fall 2026,,Other,2026-03-23,https://job-boards.greenhouse.io/vardaspace/jobs/7663353003,https://github.com/SimplifyJobs/Summer2026-Internships; https://github.com/pittcsc/Summer2026-Internships; https://job-boards.greenhouse.io/vardaspace,greenhouse,vardaspace,startup-heavy ATS/apply host; seeded by PittCSC Summer2026; seeded by SimplifyJobs Summer2026,Active listing in broad internship index; kept because apply host is startup-heavy.; Active listing in broad internship index; kept because apply host is startup-heavy.; Live official ATS scrape.
SimplifyJobs Summer2026; PittCSC Summer2026; Official Greenhouse board,Varda Space,Mission Software – Intern - Python,"El Segundo, CA",,Software,Fall 2026,,Other,2026-03-24,https://job-boards.greenhouse.io/vardaspace/jobs/7676465003,https://github.com/SimplifyJobs/Summer2026-Internships; https://github.com/pittcsc/Summer2026-Internships; https://job-boards.greenhouse.io/vardaspace,greenhouse,vardaspace,startup-heavy ATS/apply host; seeded by PittCSC Summer2026; seeded by SimplifyJobs Summer2026,Active listing in broad internship index; kept because apply host is startup-heavy.; Active listing in broad internship index; kept because apply host is startup-heavy.; Live official ATS scrape.
Official Greenhouse board,vardaspace,Manufacturing Engineering Internship - Fall 2026,"El Segundo, California, United States",,Internship,,,,2026-03-23T16:25:53-04:00,https://job-boards.greenhouse.io/vardaspace/jobs/7666426003,https://job-boards.greenhouse.io/vardaspace,greenhouse,vardaspace,seeded by PittCSC Summer2026; seeded by SimplifyJobs Summer2026,Live official ATS scrape.
Official Greenhouse board,vardaspace,Mechanical Engineering Internship - Fall 2026,"El Segundo, California, United States",,Internship,,,,2026-03-24T14:07:51-04:00,https://job-boards.greenhouse.io/vardaspace/jobs/7670782003,https://job-boards.greenhouse.io/vardaspace,greenhouse,vardaspace,seeded by PittCSC Summer2026; seeded by SimplifyJobs Summer2026,Live official ATS scrape.
Official Greenhouse board,vardaspace,Propulsion Engineering Internship - Fall 2026,"El Segundo, California, United States",,Internship,,,,2026-03-23T17:41:43-04:00,https://job-boards.greenhouse.io/vardaspace/jobs/7660758003,https://job-boards.greenhouse.io/vardaspace,greenhouse,vardaspace,seeded by PittCSC Summer2026; seeded by SimplifyJobs Summer2026,Live official ATS scrape.
Official Lever board,veeva,Intern: Software Engineer in Test,Canada - Toronto,Internship,QA & Release Engineering - NA,,,,1736893679201,https://jobs.lever.co/veeva/02b4428c-240e-456a-80d2-59ef8e6a013c,https://jobs.lever.co/veeva,lever,veeva,seeded by PittCSC Summer2026; seeded by SimplifyJobs Summer2026,Live official ATS scrape.
SimplifyJobs Summer2026; PittCSC Summer2026; Official Greenhouse board,Vera Institute of Justice,Data Science Intern - Research Central,"Brooklyn, NY",,AI/ML/Data,Summer 2026,,Other,2026-05-01,https://job-boards.greenhouse.io/verainstituteofjustice/jobs/4691638005,https://github.com/SimplifyJobs/Summer2026-Internships; https://github.com/pittcsc/Summer2026-Internships; https://job-boards.greenhouse.io/verainstituteofjustice,greenhouse,verainstituteofjustice,startup-heavy ATS/apply host; seeded by PittCSC Summer2026; seeded by SimplifyJobs Summer2026,Active listing in broad internship index; kept because apply host is startup-heavy.; Active listing in broad internship index; kept because apply host is startup-heavy.; Live official ATS scrape.
SimplifyJobs Summer2026; PittCSC Summer2026; Official Greenhouse board,Verkada,AI Software Engineering Intern,"San Mateo, CA",,Software,Fall 2026,,Other,2026-04-24,https://job-boards.greenhouse.io/verkada/jobs/5117760007,https://github.com/SimplifyJobs/Summer2026-Internships; https://github.com/pittcsc/Summer2026-Internships; https://job-boards.greenhouse.io/verkada,greenhouse,verkada,startup-heavy ATS/apply host; seeded by SimplifyJobs Summer2026; seeded by PittCSC Summer2026,Active listing in broad internship index; kept because apply host is startup-heavy.; Active listing in broad internship index; kept because apply host is startup-heavy.; Live official ATS scrape.
SimplifyJobs Summer2026; PittCSC Summer2026; Official Greenhouse board,Verkada,Backend Software Engineering Intern,"San Mateo, CA",,Software,Fall 2026,,Other,2026-04-07,https://job-boards.greenhouse.io/verkada/jobs/5099422007,https://github.com/SimplifyJobs/Summer2026-Internships; https://github.com/pittcsc/Summer2026-Internships; https://job-boards.greenhouse.io/verkada,greenhouse,verkada,startup-heavy ATS/apply host; seeded by SimplifyJobs Summer2026; seeded by PittCSC Summer2026,Active listing in broad internship index; kept because apply host is startup-heavy.; Active listing in broad internship index; kept because apply host is startup-heavy.; Live official ATS scrape.
SimplifyJobs Summer2026; PittCSC Summer2026; Official Greenhouse board,Verkada,Embedded Software Engineering Intern,"San Mateo, CA",,Hardware,Fall 2026,,Other,2026-04-07,https://job-boards.greenhouse.io/verkada/jobs/5099596007,https://github.com/SimplifyJobs/Summer2026-Internships; https://github.com/pittcsc/Summer2026-Internships; https://job-boards.greenhouse.io/verkada,greenhouse,verkada,startup-heavy ATS/apply host; seeded by SimplifyJobs Summer2026; seeded by PittCSC Summer2026,Active listing in broad internship index; kept because apply host is startup-heavy.; Active listing in broad internship index; kept because apply host is startup-heavy.; Live official ATS scrape.
SimplifyJobs Summer2026; PittCSC Summer2026; Official Greenhouse board,Verkada,Frontend Software Engineer Intern,"San Mateo, CA",,Software,Fall 2026,,Other,2026-04-07,https://job-boards.greenhouse.io/verkada/jobs/5099529007,https://github.com/SimplifyJobs/Summer2026-Internships; https://github.com/pittcsc/Summer2026-Internships; https://job-boards.greenhouse.io/verkada,greenhouse,verkada,startup-heavy ATS/apply host; seeded by SimplifyJobs Summer2026; seeded by PittCSC Summer2026,Active listing in broad internship index; kept because apply host is startup-heavy.; Active listing in broad internship index; kept because apply host is startup-heavy.; Live official ATS scrape.
SimplifyJobs Summer2026; PittCSC Summer2026; Official Greenhouse board,Verkada,Hardware Engineer Co-op,"San Mateo, CA",,Hardware,Fall 2026,,Other,2026-05-13,https://job-boards.greenhouse.io/verkada/jobs/4321159007,https://github.com/SimplifyJobs/Summer2026-Internships; https://github.com/pittcsc/Summer2026-Internships; https://job-boards.greenhouse.io/verkada,greenhouse,verkada,startup-heavy ATS/apply host; seeded by SimplifyJobs Summer2026; seeded by PittCSC Summer2026,Active listing in broad internship index; kept because apply host is startup-heavy.; Active listing in broad internship index; kept because apply host is startup-heavy.; Live official ATS scrape.
Official Greenhouse board,verkada,Product Design Mechanical Engineer (Fall Co-op),"San Mateo, CA United States",,Hardware Engineering,,,,2026-05-18T11:48:44-04:00,https://job-boards.greenhouse.io/verkada/jobs/4288830007,https://job-boards.greenhouse.io/verkada,greenhouse,verkada,seeded by SimplifyJobs Summer2026; seeded by PittCSC Summer2026,Live official ATS scrape.
Official Greenhouse board,verkada,Technical Support Engineering Intern - Fall 2026,"San Mateo, CA United States",,Technical Support Engineering,,,,2026-05-18T11:48:48-04:00,https://job-boards.greenhouse.io/verkada/jobs/5017082007,https://job-boards.greenhouse.io/verkada,greenhouse,verkada,seeded by SimplifyJobs Summer2026; seeded by PittCSC Summer2026,Live official ATS scrape.
Official Lever board,verygoodsecurity,Application Security Intern,United States,Intern,Security & Compliance,,,,1776360609723,https://jobs.lever.co/verygoodsecurity/32fe92a6-13d5-4132-b77c-a7a5ed74f38b,https://jobs.lever.co/verygoodsecurity,lever,verygoodsecurity,seeded by PittCSC Summer2026; seeded by SimplifyJobs Summer2026,Live official ATS scrape.
SimplifyJobs Summer2026; PittCSC Summer2026; Official Greenhouse board,Visier Solutions,Data Science Intern,"Vancouver, BC, Canada",,AI/ML/Data,Summer 2026,,Other,2026-04-29,https://job-boards.greenhouse.io/visiersolutionsinc/jobs/4677172006,https://github.com/SimplifyJobs/Summer2026-Internships; https://github.com/pittcsc/Summer2026-Internships; https://job-boards.greenhouse.io/visiersolutionsinc,greenhouse,visiersolutionsinc,startup-heavy ATS/apply host; seeded by SimplifyJobs Summer2026; seeded by PittCSC Summer2026,Active listing in broad internship index; kept because apply host is startup-heavy.; Active listing in broad internship index; kept because apply host is startup-heavy.; Live official ATS scrape.
SimplifyJobs Summer2026; PittCSC Summer2026; Official Greenhouse board,Visier Solutions,Software Developer Co-op,"Vancouver, BC, Canada",,Software,Summer 2026,,Other,2026-04-29,https://job-boards.greenhouse.io/visiersolutionsinc/jobs/4677125006,https://github.com/SimplifyJobs/Summer2026-Internships; https://github.com/pittcsc/Summer2026-Internships; https://job-boards.greenhouse.io/visiersolutionsinc,greenhouse,visiersolutionsinc,startup-heavy ATS/apply host; seeded by SimplifyJobs Summer2026; seeded by PittCSC Summer2026,Active listing in broad internship index; kept because apply host is startup-heavy.; Active listing in broad internship index; kept because apply host is startup-heavy.; Live official ATS scrape.
Official Greenhouse board,visiersolutionsinc,Test Development Co-op,"Vancouver, BC, Canada",,Development,,,,2026-05-12T14:38:47-04:00,https://job-boards.greenhouse.io/visiersolutionsinc/jobs/4677133006,https://job-boards.greenhouse.io/visiersolutionsinc,greenhouse,visiersolutionsinc,seeded by SimplifyJobs Summer2026; seeded by PittCSC Summer2026,Live official ATS scrape.
SimplifyJobs Summer2026; PittCSC Summer2026; Official Ashby board,Vital Lyfe,Software Engineering Internship,"Los Angeles, CA",FullTime,Software Engineering,Summer 2026,,Other,2026-05-01,https://jobs.ashbyhq.com/vital-lyfe/43a79d8f-a8bb-4c57-a411-1bac946128af,https://github.com/SimplifyJobs/Summer2026-Internships; https://github.com/pittcsc/Summer2026-Internships; https://jobs.ashbyhq.com/vital-lyfe,ashby,vital-lyfe,startup-heavy ATS/apply host; seeded by SimplifyJobs Summer2026; seeded by PittCSC Summer2026,Active listing in broad internship index; kept because apply host is startup-heavy.; Active listing in broad internship index; kept because apply host is startup-heavy.; Live official ATS scrape.
Official Lever board,waabi,"2026 Intern, PhD Research Scientist","Toronto, ON",Intern,Research,,,,1766095153993,https://jobs.lever.co/waabi/62700386-b9db-4c78-aec3-5ef59cbe841e,https://jobs.lever.co/waabi,lever,waabi,seeded by SimplifyJobs Summer2026; seeded by PittCSC Summer2026,Live official ATS scrape.
Official Lever board,waabi,Research Internship/Co-op,"Toronto, ON",Intern,Research,,,,1766095735237,https://jobs.lever.co/waabi/0fd4e30b-9bd1-4b53-9043-6088457363cb,https://jobs.lever.co/waabi,lever,waabi,seeded by SimplifyJobs Summer2026; seeded by PittCSC Summer2026,Live official ATS scrape.
Official Ashby board,wealth-com,Applied Scientist- AI/ML Intern,,FullTime,,,,,2026-01-23T15:26:09.465+00:00,https://jobs.ashbyhq.com/wealth-com/1899d513-4c4a-43b2-a307-8c8e4b877622,https://jobs.ashbyhq.com/wealth-com,ashby,wealth-com,seeded by SimplifyJobs Summer2026,Live official ATS scrape.
Official Lever board,weride,2026 Summer Intern - Vehicle Embedded Engineer (DBW),"San Jose, CA",Intern,Hardware Engineering,,,,1755303307094,https://jobs.lever.co/weride/32871b7d-f424-422f-af2c-615c59ff44cd,https://jobs.lever.co/weride,lever,weride,seeded by SimplifyJobs Summer2026; seeded by PittCSC Summer2026,Live official ATS scrape.
Official Lever board,weride,2026 Technical Product Manager Intern,"San Jose, CA",Intern,Systems,,,,1776276235566,https://jobs.lever.co/weride/0a729794-dec6-4da1-996e-bef4e991a76d,https://jobs.lever.co/weride,lever,weride,seeded by SimplifyJobs Summer2026; seeded by PittCSC Summer2026,Live official ATS scrape.
Official Ashby board,windborne-systems,Firmware Intern,,FullTime,,,,,2026-04-01T00:32:53.112+00:00,https://jobs.ashbyhq.com/windborne-systems/3e7df5d4-48ef-4fb7-b751-74b500ada843,https://jobs.ashbyhq.com/windborne-systems,ashby,windborne-systems,seeded by SimplifyJobs Summer2026; seeded by PittCSC Summer2026,Live official ATS scrape.
Official Lever board,woven-by-toyota,"Software Engineer, Arene Tooling (Internship)",Tokyo,Intern,Arene,,,,1766456600527,https://jobs.lever.co/woven-by-toyota/5d3711a5-e70a-4149-9abe-f33f2c6d8794,https://jobs.lever.co/woven-by-toyota,lever,woven-by-toyota,seeded by SimplifyJobs Summer2026; seeded by PittCSC Summer2026,Live official ATS scrape.
Official Lever board,woven-by-toyota,"Software Engineer, ML Platform (Internship)","Ann Arbor, MI",Intern,AD/ADAS,,,,1771035202478,https://jobs.lever.co/woven-by-toyota/b6bb0a14-829c-45d6-b64d-7ddaeb1851b3,https://jobs.lever.co/woven-by-toyota,lever,woven-by-toyota,seeded by SimplifyJobs Summer2026; seeded by PittCSC Summer2026,Live official ATS scrape.
Official Greenhouse board,xometry,Quality Inspection Intern,"Gaithersburg, MD",,Quality Assurance,,,,2026-03-21T01:05:25-04:00,https://job-boards.greenhouse.io/xometry/jobs/5008789007,https://job-boards.greenhouse.io/xometry,greenhouse,xometry,seeded by SimplifyJobs Summer2026; seeded by PittCSC Summer2026,Live official ATS scrape.
SimplifyJobs Summer2026; PittCSC Summer2026; Official Greenhouse board,Xometry,Software Engineer Intern,"North Bethesda, MD; Waltham, MA",,Software,Summer 2026,,Other,2025-12-18,https://job-boards.greenhouse.io/xometry/jobs/5007635007,https://github.com/SimplifyJobs/Summer2026-Internships; https://github.com/pittcsc/Summer2026-Internships; https://job-boards.greenhouse.io/xometry,greenhouse,xometry,startup-heavy ATS/apply host; seeded by SimplifyJobs Summer2026; seeded by PittCSC Summer2026,Active listing in broad internship index; kept because apply host is startup-heavy.; Active listing in broad internship index; kept because apply host is startup-heavy.; Live official ATS scrape.
SimplifyJobs Summer2026; PittCSC Summer2026; Official Greenhouse board,Xometry,Software Engineer Intern,"North Bethesda, MD; Waltham, MA",,Software,Summer 2026,,Other,2025-12-18,https://job-boards.greenhouse.io/xometry/jobs/5007634007,https://github.com/SimplifyJobs/Summer2026-Internships; https://github.com/pittcsc/Summer2026-Internships; https://job-boards.greenhouse.io/xometry,greenhouse,xometry,startup-heavy ATS/apply host; seeded by SimplifyJobs Summer2026; seeded by PittCSC Summer2026,Active listing in broad internship index; kept because apply host is startup-heavy.; Active listing in broad internship index; kept because apply host is startup-heavy.; Live official ATS scrape.
Official Greenhouse board,xometry,UX Research Intern,"North Bethesda, MD",,Product Design,,,,2026-05-21T14:23:54-04:00,https://job-boards.greenhouse.io/xometry/jobs/5014704007,https://job-boards.greenhouse.io/xometry,greenhouse,xometry,seeded by SimplifyJobs Summer2026; seeded by PittCSC Summer2026,Live official ATS scrape.
Official Greenhouse board,xometry,UX Research Intern,"Waltham, MA",,Product Design,,,,2026-05-21T14:24:04-04:00,https://job-boards.greenhouse.io/xometry/jobs/5014705007,https://job-boards.greenhouse.io/xometry,greenhouse,xometry,seeded by SimplifyJobs Summer2026; seeded by PittCSC Summer2026,Live official ATS scrape.
SimplifyJobs Summer2026; PittCSC Summer2026; Official Greenhouse board,XPENG Motors,AI Agent Data Pipeline Intern,"Santa Clara, CA",,AI/ML/Data,Summer 2026,,Other,2026-05-14,https://job-boards.greenhouse.io/xpengmotors/jobs/8548990002,https://github.com/SimplifyJobs/Summer2026-Internships; https://github.com/pittcsc/Summer2026-Internships; https://job-boards.greenhouse.io/xpengmotors,greenhouse,xpengmotors,startup-heavy ATS/apply host; seeded by PittCSC Summer2026; seeded by SimplifyJobs Summer2026,Active listing in broad internship index; kept because apply host is startup-heavy.; Active listing in broad internship index; kept because apply host is startup-heavy.; Live official ATS scrape.
SimplifyJobs Summer2026; PittCSC Summer2026; Official Greenhouse board,XPENG Motors,AI Scenario Analysis Intern,"Santa Clara, CA",,AI/ML/Data,Summer 2026,,Other,2026-05-05,https://job-boards.greenhouse.io/xpengmotors/jobs/8535406002,https://github.com/SimplifyJobs/Summer2026-Internships; https://github.com/pittcsc/Summer2026-Internships; https://job-boards.greenhouse.io/xpengmotors,greenhouse,xpengmotors,startup-heavy ATS/apply host; seeded by PittCSC Summer2026; seeded by SimplifyJobs Summer2026,Active listing in broad internship index; kept because apply host is startup-heavy.; Active listing in broad internship index; kept because apply host is startup-heavy.; Live official ATS scrape.
SimplifyJobs Summer2026; PittCSC Summer2026; Official Greenhouse board,XPENG Motors,VLA Deployment AI Intern,"Santa Clara, CA",,Hardware,Summer 2026,,Other,2026-05-05,https://job-boards.greenhouse.io/xpengmotors/jobs/8535409002,https://github.com/SimplifyJobs/Summer2026-Internships; https://github.com/pittcsc/Summer2026-Internships; https://job-boards.greenhouse.io/xpengmotors,greenhouse,xpengmotors,startup-heavy ATS/apply host; seeded by PittCSC Summer2026; seeded by SimplifyJobs Summer2026,Active listing in broad internship index; kept because apply host is startup-heavy.; Active listing in broad internship index; kept because apply host is startup-heavy.; Live official ATS scrape.
Official Greenhouse board,xpengmotors,Agentic Infrastructure Engineer Intern,"Santa Clara, CA",,AI Infrastructure Team,,,,2026-05-21T00:16:28-04:00,https://job-boards.greenhouse.io/xpengmotors/jobs/8559314002,https://job-boards.greenhouse.io/xpengmotors,greenhouse,xpengmotors,seeded by PittCSC Summer2026; seeded by SimplifyJobs Summer2026,Live official ATS scrape.
Official Lever board,xsolla,Project Coordinator - Engineering Team (Intern),Kuala Lumpur,Internship,Engineering,,,,1777434206969,https://jobs.lever.co/xsolla/2c63b218-d4ce-4f94-a124-69e179f468fb,https://jobs.lever.co/xsolla,lever,xsolla,seeded by SimplifyJobs Summer2026,Live official ATS scrape.
Official Ashby board,Zello,AI & ML Engineering Intern,,Intern,,,,,2026-03-20T21:19:48.592+00:00,https://jobs.ashbyhq.com/Zello/c7e55b74-5235-4f5b-ad04-8fd49ee64293,https://jobs.ashbyhq.com/Zello,ashby,Zello,seeded by SimplifyJobs Summer2026; seeded by PittCSC Summer2026,Live official ATS scrape.
Official Ashby board,zip,Software Engineer Intern (Fall 2026),,Intern,,,,,2026-05-11T20:39:14.922+00:00,https://jobs.ashbyhq.com/zip/caa5ba75-3b38-4d29-88cd-69a90b01fd6f,https://jobs.ashbyhq.com/zip,ashby,zip,seeded by PittCSC Summer2026; seeded by SimplifyJobs Summer2026,Live official ATS scrape.
Official Lever board,zoox,Platform Intelligence Intern,"Foster City, CA",Internship/Co-op,Information Technology,,,,1778284785449,https://jobs.lever.co/zoox/22bece12-95a5-4ad7-a4e4-6c43178153d2,https://jobs.lever.co/zoox,lever,zoox,seeded by SimplifyJobs Summer2026; seeded by PittCSC Summer2026,Live official ATS scrape.
Official Lever board,zushealth,Data Acquisition Software Engineering Co-op,"Boston, MA",Intern,Co-ops,,,,1778085606388,https://jobs.lever.co/zushealth/86db99fb-95c2-4369-b54f-b0d21fa59ba0,https://jobs.lever.co/zushealth,lever,zushealth,seeded by PittCSC Summer2026; seeded by SimplifyJobs Summer2026,Live official ATS scrape.
SimplifyJobs Summer2026; PittCSC Summer2026,Acceldata,Software Engineering Co-op,"Kitchener, ON, Canada",,Software,Summer 2026,,Other,2026-05-09,https://jobs.lever.co/acceldata/3b6d3dfe-5e49-41c9-98a5-f732fa63fdf4/apply,https://github.com/SimplifyJobs/Summer2026-Internships; https://github.com/pittcsc/Summer2026-Internships,lever,acceldata,startup-heavy ATS/apply host,Active listing in broad internship index; kept because apply host is startup-heavy.; Active listing in broad internship index; kept because apply host is startup-heavy.
SimplifyJobs Summer2026,Achievers,Software Engineering Co-op,"Toronto, ON, Canada",,Software,Fall 2026,,Other,2026-05-20,https://jobs.lever.co/achievers/6a348eef-0078-4d6a-bc90-f2d7077d2987/apply,https://github.com/SimplifyJobs/Summer2026-Internships,lever,achievers,startup-heavy ATS/apply host,Active listing in broad internship index; kept because apply host is startup-heavy.
PittCSC Summer2026,Actian,AI Engineering Intern,Remote in USA,,Software,Summer 2026,,Other,2026-04-03,https://jobs.lever.co/actian/7e55f709-5eb0-472e-bdc4-d89f93b0608f/apply,https://github.com/pittcsc/Summer2026-Internships,lever,actian,startup-heavy ATS/apply host,Active listing in broad internship index; kept because apply host is startup-heavy.
PittCSC Summer2026,Actian,RevOps AI Analyst Intern,United States,,AI/ML/Data,Summer 2026,,Other,2026-04-03,https://jobs.lever.co/actian/48f59212-c512-49e3-be44-1c6f68abf188/apply,https://github.com/pittcsc/Summer2026-Internships,lever,actian,startup-heavy ATS/apply host,Active listing in broad internship index; kept because apply host is startup-heavy.
SimplifyJobs Summer2026; PittCSC Summer2026,Advantmed,AI Automation Intern,Remote in USA,,"Data Science, AI & Machine Learning",Summer 2026,,Other,2025-11-21,https://apply.workable.com/advantmed/j/45F5E3C394/,https://github.com/SimplifyJobs/Summer2026-Internships; https://github.com/pittcsc/Summer2026-Internships,apply.workable.com,,startup-heavy ATS/apply host,Active listing in broad internship index; kept because apply host is startup-heavy.; Active listing in broad internship index; kept because apply host is startup-heavy.
PittCSC Summer2026,AeroVect,Software Engineer - Intern - Perception,"San Bruno, CA",,Software,Summer 2026,,Other,2026-03-09,https://jobs.ashbyhq.com/AeroVect/cb3ec12d-5f24-4047-bdc5-f262b60bd3ad/application,https://github.com/pittcsc/Summer2026-Internships,ashby,AeroVect,startup-heavy ATS/apply host,Active listing in broad internship index; kept because apply host is startup-heavy.
SimplifyJobs Summer2026; PittCSC Summer2026,AHEAD,Associate Data Engineer Intern,"Phoenix, AZ",,AI/ML/Data,N/A,,Other,2026-04-20,https://jobs.lever.co/thinkahead/14fefcf2-720f-4333-8bcc-ff3ba62d3b8e/apply,https://github.com/SimplifyJobs/Summer2026-Internships; https://github.com/pittcsc/Summer2026-Internships,lever,thinkahead,startup-heavy ATS/apply host,Active listing in broad internship index; kept because apply host is startup-heavy.; Active listing in broad internship index; kept because apply host is startup-heavy.
SimplifyJobs Summer2026; PittCSC Summer2026,AI Fund,Engineer in Residence: Adapt AI Intern,"Mountain View, CA",,Software,N/A,,Other,2026-05-01,https://jobs.lever.co/AIFund/bd1e3029-927e-4df6-ad7d-488c6c1cd0b9/apply,https://github.com/SimplifyJobs/Summer2026-Internships; https://github.com/pittcsc/Summer2026-Internships,lever,AIFund,startup-heavy ATS/apply host,Active listing in broad internship index; kept because apply host is startup-heavy.; Active listing in broad internship index; kept because apply host is startup-heavy.
SimplifyJobs Summer2026; PittCSC Summer2026,AI Fund,Engineer in Residence: Enterprise Agent Infrastructure Intern,"Mountain View, CA",,Software,N/A,,Other,2026-05-01,https://jobs.lever.co/AIFund/0b219991-32db-4827-b052-7207faac151d/apply,https://github.com/SimplifyJobs/Summer2026-Internships; https://github.com/pittcsc/Summer2026-Internships,lever,AIFund,startup-heavy ATS/apply host,Active listing in broad internship index; kept because apply host is startup-heavy.; Active listing in broad internship index; kept because apply host is startup-heavy.
SimplifyJobs Summer2026; PittCSC Summer2026,AI Fund,Visiting Engineer Ecommerce Infrastructure Intern,"Mountain View, CA",,Software,N/A,,Other,2026-04-27,https://jobs.lever.co/AIFund/9b8fa451-e30d-46e6-8ba3-e89c9a996c77/apply,https://github.com/SimplifyJobs/Summer2026-Internships; https://github.com/pittcsc/Summer2026-Internships,lever,AIFund,startup-heavy ATS/apply host,Active listing in broad internship index; kept because apply host is startup-heavy.; Active listing in broad internship index; kept because apply host is startup-heavy.
SimplifyJobs Summer2026; PittCSC Summer2026,AI Fund,Visiting Engineer Gesture Based Mobile Games Intern,"Mountain View, CA",,Software,N/A,,Other,2026-04-27,https://jobs.lever.co/AIFund/7a921322-2215-483d-a28b-8da7a815b6cf/apply,https://github.com/SimplifyJobs/Summer2026-Internships; https://github.com/pittcsc/Summer2026-Internships,lever,AIFund,startup-heavy ATS/apply host,Active listing in broad internship index; kept because apply host is startup-heavy.; Active listing in broad internship index; kept because apply host is startup-heavy.
SimplifyJobs Summer2026; PittCSC Summer2026,AI Fund,Visiting Engineer: Briocare Intern,"Mountain View, CA",,Software,N/A,,Other,2026-04-27,https://jobs.lever.co/AIFund/a5f3a47b-93e0-4941-9061-b3ee1ed82959/apply,https://github.com/SimplifyJobs/Summer2026-Internships; https://github.com/pittcsc/Summer2026-Internships,lever,AIFund,startup-heavy ATS/apply host,Active listing in broad internship index; kept because apply host is startup-heavy.; Active listing in broad internship index; kept because apply host is startup-heavy.
SimplifyJobs Summer2026; PittCSC Summer2026,AI Fund,Visiting Engineer: CAD Design AI Intern,"Mountain View, CA",,Software,N/A,,Other,2026-04-27,https://jobs.lever.co/AIFund/bb31c5e4-57da-4909-8f78-373497172e79/apply,https://github.com/SimplifyJobs/Summer2026-Internships; https://github.com/pittcsc/Summer2026-Internships,lever,AIFund,startup-heavy ATS/apply host,Active listing in broad internship index; kept because apply host is startup-heavy.; Active listing in broad internship index; kept because apply host is startup-heavy.
SimplifyJobs Summer2026; PittCSC Summer2026,AI Fund,Visiting Engineer: Interlock AI Intern,"Mountain View, CA",,Software,N/A,,Other,2026-04-27,https://jobs.lever.co/AIFund/625bffe2-a669-4a7d-ae64-4811597d5bb6/apply,https://github.com/SimplifyJobs/Summer2026-Internships; https://github.com/pittcsc/Summer2026-Internships,lever,AIFund,startup-heavy ATS/apply host,Active listing in broad internship index; kept because apply host is startup-heavy.; Active listing in broad internship index; kept because apply host is startup-heavy.
SimplifyJobs Summer2026; PittCSC Summer2026,AI Fund,Visiting Engineer: Live Selling Copilot Intern,"Mountain View, CA",,Software,N/A,,Other,2026-04-27,https://jobs.lever.co/AIFund/6b9fc8cd-f405-48ca-a071-5873a9233ef4/apply,https://github.com/SimplifyJobs/Summer2026-Internships; https://github.com/pittcsc/Summer2026-Internships,lever,AIFund,startup-heavy ATS/apply host,Active listing in broad internship index; kept because apply host is startup-heavy.; Active listing in broad internship index; kept because apply host is startup-heavy.
SimplifyJobs Summer2026; PittCSC Summer2026,AI Fund,Visiting Engineer: Research Coach Intern,"Mountain View, CA",,Software,N/A,,Other,2026-04-27,https://jobs.lever.co/AIFund/655b44a2-1e23-453f-b708-07e412701507/apply,https://github.com/SimplifyJobs/Summer2026-Internships; https://github.com/pittcsc/Summer2026-Internships,lever,AIFund,startup-heavy ATS/apply host,Active listing in broad internship index; kept because apply host is startup-heavy.; Active listing in broad internship index; kept because apply host is startup-heavy.
PittCSC Summer2026,AirCapture,Materials Characterization Intern - Microwave Systems,"Berkeley, CA",,AI/ML/Data,Summer 2026,,Other,2026-04-30,https://job-boards.greenhouse.io/aircapture/jobs/4677774006,https://github.com/pittcsc/Summer2026-Internships,greenhouse,aircapture,startup-heavy ATS/apply host,Active listing in broad internship index; kept because apply host is startup-heavy.
SimplifyJobs Summer2026; PittCSC Summer2026,Airspace Intelligence,Software Engineer Co-Op – Defense,"Boston, MA",,Software Engineering,Summer 2026,,U.S. Citizenship is Required,2025-10-16,https://jobs.ashbyhq.com/airspace-intelligence.com/c2ef5338-def2-4370-8ab0-0775466d8bf8,https://github.com/SimplifyJobs/Summer2026-Internships; https://github.com/pittcsc/Summer2026-Internships,ashby,airspace-intelligence.com,startup-heavy ATS/apply host,Active listing in broad internship index; kept because apply host is startup-heavy.; Active listing in broad internship index; kept because apply host is startup-heavy.
SimplifyJobs Summer2026; PittCSC Summer2026,Al Warren Oil Company,Software Developer Intern,"Elk Grove Village, IL",,Software,Summer 2026,,Other,2026-05-05,https://apply.workable.com/al-warren-oil-company-inc/j/CAD4BF1C9C/apply,https://github.com/SimplifyJobs/Summer2026-Internships; https://github.com/pittcsc/Summer2026-Internships,apply.workable.com,,startup-heavy ATS/apply host,Active listing in broad internship index; kept because apply host is startup-heavy.; Active listing in broad internship index; kept because apply host is startup-heavy.
SimplifyJobs Summer2026; PittCSC Summer2026,Allium,Engineering Intern - General / AI,NYC,,AI/ML/Data,Spring 2026,,Other,2025-12-07,https://jobs.ashbyhq.com/allium/5d697ce5-b820-45c0-a101-86a05e1fb15e/application,https://github.com/SimplifyJobs/Summer2026-Internships; https://github.com/pittcsc/Summer2026-Internships,ashby,allium,startup-heavy ATS/apply host,Active listing in broad internship index; kept because apply host is startup-heavy.; Active listing in broad internship index; kept because apply host is startup-heavy.
PittCSC Summer2026,AltaML,Associate Machine Learning Developer Intern - Fall 2026,"Edmonton, AB, Canada",,AI/ML/Data,N/A,,Other,2026-04-22,https://jobs.lever.co/altaml/27b4eabd-7ec5-4a1d-a7c5-7f9ab5dd6707/apply,https://github.com/pittcsc/Summer2026-Internships,lever,altaml,startup-heavy ATS/apply host,Active listing in broad internship index; kept because apply host is startup-heavy.
PittCSC Summer2026,AltaML,Associate Software Developer Intern,"Toronto, ON, Canada; Calgary, AB, Canada; Edmonton, AB, Canada; Kitchener, ON, Canada",,Software,N/A,,Other,2026-04-22,https://jobs.lever.co/altaml/b66bb393-c0c9-4994-9d30-b80b7e47f3ba/apply,https://github.com/pittcsc/Summer2026-Internships,lever,altaml,startup-heavy ATS/apply host,Active listing in broad internship index; kept because apply host is startup-heavy.
SimplifyJobs Summer2026; PittCSC Summer2026,AltaML,Associate Software Developer Intern - Brilliant Harvest,"Calgary, AB, Canada",,Software,N/A,,Other,2026-04-22,https://jobs.lever.co/altaml/16fb8a7b-e12d-4436-b21e-f33a38bc31bc/apply,https://github.com/SimplifyJobs/Summer2026-Internships; https://github.com/pittcsc/Summer2026-Internships,lever,altaml,startup-heavy ATS/apply host,Active listing in broad internship index; kept because apply host is startup-heavy.; Active listing in broad internship index; kept because apply host is startup-heavy.
PittCSC Summer2026,Anduril,Firmware Engineer Intern,"Newport Beach, CA",,Hardware,Summer 2026,,Other,2026-04-30,https://boards.greenhouse.io/andurilindustries/jobs/5121683007,https://github.com/pittcsc/Summer2026-Internships,greenhouse,andurilindustries,startup-heavy ATS/apply host,Active listing in broad internship index; kept because apply host is startup-heavy.
SimplifyJobs Summer2026; PittCSC Summer2026,Anduril,Software Engineer Intern - Warfighter Systems,"Bellevue, WA",,Software,N/A,,Other,2026-04-23,https://boards.greenhouse.io/andurilindustries/jobs/5117558007,https://github.com/SimplifyJobs/Summer2026-Internships; https://github.com/pittcsc/Summer2026-Internships,greenhouse,andurilindustries,startup-heavy ATS/apply host,Active listing in broad internship index; kept because apply host is startup-heavy.; Active listing in broad internship index; kept because apply host is startup-heavy.
SimplifyJobs Summer2026; PittCSC Summer2026,Anima,Intern/New Grad Software Engineer,Remote in USA,,Software Engineering,Summer 2026,,Other,2025-11-14,https://jobs.ashbyhq.com/anima/86ddfd6e-6aee-4ded-b9d0-440608763fb0,https://github.com/SimplifyJobs/Summer2026-Internships; https://github.com/pittcsc/Summer2026-Internships,ashby,anima,startup-heavy ATS/apply host,Active listing in broad internship index; kept because apply host is startup-heavy.; Active listing in broad internship index; kept because apply host is startup-heavy.
SimplifyJobs Summer2026; PittCSC Summer2026,Anthropic,Anthropic Fellows Program Intern - Economics,"London, UK; SF; Ontario, Canada",,AI/ML/Data,N/A,,Other,2026-04-27,https://job-boards.greenhouse.io/anthropic/jobs/5183053008,https://github.com/SimplifyJobs/Summer2026-Internships; https://github.com/pittcsc/Summer2026-Internships,greenhouse,anthropic,startup-heavy ATS/apply host,Active listing in broad internship index; kept because apply host is startup-heavy.; Active listing in broad internship index; kept because apply host is startup-heavy.
SimplifyJobs Summer2026; PittCSC Summer2026,AnySignal,Embedded Software Intern,"Los Angeles, CA",,Hardware Engineering,Summer 2026,,Other,2025-10-30,https://jobs.lever.co/anysignal/b5f278c9-9911-49c2-b5e8-0ed61f7194eb,https://github.com/SimplifyJobs/Summer2026-Internships; https://github.com/pittcsc/Summer2026-Internships,lever,anysignal,startup-heavy ATS/apply host,Active listing in broad internship index; kept because apply host is startup-heavy.; Active listing in broad internship index; kept because apply host is startup-heavy.
SimplifyJobs Summer2026; PittCSC Summer2026,Apex,Software Engineering Intern - Embedded Systems,LA,,Hardware,Summer 2026,,Other,2026-05-11,https://jobs.ashbyhq.com/apex-technology-inc/5ec2dfa9-724d-4ce4-ab97-5067ec747f11/application,https://github.com/SimplifyJobs/Summer2026-Internships; https://github.com/pittcsc/Summer2026-Internships,ashby,apex-technology-inc,startup-heavy ATS/apply host,Active listing in broad internship index; kept because apply host is startup-heavy.; Active listing in broad internship index; kept because apply host is startup-heavy.
SimplifyJobs Summer2026; PittCSC Summer2026,Appian,Software Quality Engineer Intern,"McLean, VA",,Software Engineering,Summer 2026,,Other,2025-10-14,https://job-boards.greenhouse.io/appian/jobs/7201615,https://github.com/SimplifyJobs/Summer2026-Internships; https://github.com/pittcsc/Summer2026-Internships,greenhouse,appian,startup-heavy ATS/apply host,Active listing in broad internship index; kept because apply host is startup-heavy.; Active listing in broad internship index; kept because apply host is startup-heavy.
PittCSC Summer2026,Applied Intuition,Research Intern - 3D Vision and Generation - Self-Driving,"Sunnyvale, CA",,AI/ML/Data,Summer 2026,,Other,2026-02-13,https://boards.greenhouse.io/appliedintuition/jobs/4661663005,https://github.com/pittcsc/Summer2026-Internships,greenhouse,appliedintuition,startup-heavy ATS/apply host,Active listing in broad internship index; kept because apply host is startup-heavy.
PittCSC Summer2026,Applied Intuition,Research Intern - Robotic Hardware - Simulation and Data,"Sunnyvale, CA",,AI/ML/Data,Summer 2026,,Other,2026-02-13,https://boards.greenhouse.io/appliedintuition/jobs/4661664005,https://github.com/pittcsc/Summer2026-Internships,greenhouse,appliedintuition,startup-heavy ATS/apply host,Active listing in broad internship index; kept because apply host is startup-heavy.
PittCSC Summer2026,Arc'teryx Equipment,Application Engineer Co-op,"Vancouver, BC, Canada",,Software,Fall 2026,,Other,2026-05-04,https://jobs.lever.co/arcteryx.com/d8c59871-eabf-4505-aa6f-9ca34aa9154c/apply,https://github.com/pittcsc/Summer2026-Internships,lever,arcteryx.com,startup-heavy ATS/apply host,Active listing in broad internship index; kept because apply host is startup-heavy.
SimplifyJobs Summer2026; PittCSC Summer2026,Astera,Computational Neuroscience Intern - Data Analysis and Modeling,"Oakland, CA",,AI/ML/Data,Summer 2026,,Other,2026-05-14,https://jobs.ashbyhq.com/astera/d20c0641-1b3e-4666-bc08-4f90ee813261/application,https://github.com/SimplifyJobs/Summer2026-Internships; https://github.com/pittcsc/Summer2026-Internships,ashby,astera,startup-heavy ATS/apply host,Active listing in broad internship index; kept because apply host is startup-heavy.; Active listing in broad internship index; kept because apply host is startup-heavy.
SimplifyJobs Summer2026; PittCSC Summer2026,Astera,Software Engineer Intern - Distributed Simulation Systems,"Oakland, CA",,Software,Summer 2026,,Other,2026-05-13,https://jobs.ashbyhq.com/astera/c2a48c1b-c4c4-4333-addf-313c47e26066/application,https://github.com/SimplifyJobs/Summer2026-Internships; https://github.com/pittcsc/Summer2026-Internships,ashby,astera,startup-heavy ATS/apply host,Active listing in broad internship index; kept because apply host is startup-heavy.; Active listing in broad internship index; kept because apply host is startup-heavy.
PittCSC Summer2026,Astera Labs,AI/ML Intern Silicon Development Automation,"San Jose, CA",,AI/ML/Data,Summer 2026,,Other,2026-02-06,https://job-boards.greenhouse.io/asteraearlycareer2026/jobs/4656081005,https://github.com/pittcsc/Summer2026-Internships,greenhouse,asteraearlycareer2026,startup-heavy ATS/apply host,Active listing in broad internship index; kept because apply host is startup-heavy.
PittCSC Summer2026,Astera Labs,Platform Applications Engineer Internship,"Vancouver, BC, Canada",,Hardware,Winter 2025,,Other,2025-10-31,https://job-boards.greenhouse.io/asteraearlycareer2026/jobs/4562833005,https://github.com/pittcsc/Summer2026-Internships,greenhouse,asteraearlycareer2026,startup-heavy ATS/apply host,Active listing in broad internship index; kept because apply host is startup-heavy.
SimplifyJobs Summer2026,Astranis,Reliability Design Associate Intern,SF,,Hardware,Summer 2026,,Other,2026-05-19,https://job-boards.greenhouse.io/astranis/jobs/4681415006,https://github.com/SimplifyJobs/Summer2026-Internships,greenhouse,astranis,startup-heavy ATS/apply host,Active listing in broad internship index; kept because apply host is startup-heavy.
SimplifyJobs Summer2026; PittCSC Summer2026,Atomic Semi,Automation Software Engineering Intern,SF,,Hardware,Fall 2026,,Other,2026-04-01,https://jobs.ashbyhq.com/atomicsemi/615feebf-d9e3-4583-9c85-ba16af44e65c/application,https://github.com/SimplifyJobs/Summer2026-Internships; https://github.com/pittcsc/Summer2026-Internships,ashby,atomicsemi,startup-heavy ATS/apply host,Active listing in broad internship index; kept because apply host is startup-heavy.; Active listing in broad internship index; kept because apply host is startup-heavy.
SimplifyJobs Summer2026; PittCSC Summer2026,Atomic Semi,Embedded Software Engineering Intern,SF,,Hardware,Fall 2026,,Other,2026-03-30,https://jobs.ashbyhq.com/atomicsemi/de448098-ffc6-4b99-b341-d6a5874f390f/application,https://github.com/SimplifyJobs/Summer2026-Internships; https://github.com/pittcsc/Summer2026-Internships,ashby,atomicsemi,startup-heavy ATS/apply host,Active listing in broad internship index; kept because apply host is startup-heavy.; Active listing in broad internship index; kept because apply host is startup-heavy.
SimplifyJobs Summer2026; PittCSC Summer2026,Atomic Semi,Packaging Engineering Intern,SF,,Hardware,Fall 2026,,Other,2026-03-30,https://jobs.ashbyhq.com/atomicsemi/4497473d-0ce0-4e83-88c3-2afedceac622/application,https://github.com/SimplifyJobs/Summer2026-Internships; https://github.com/pittcsc/Summer2026-Internships,ashby,atomicsemi,startup-heavy ATS/apply host,Active listing in broad internship index; kept because apply host is startup-heavy.; Active listing in broad internship index; kept because apply host is startup-heavy.
SimplifyJobs Summer2026; PittCSC Summer2026,Atomic Semi,Rust Software Engineering Intern,SF,,Software,Fall 2026,,Other,2026-03-30,https://jobs.ashbyhq.com/atomicsemi/009d0819-c688-4ab9-8816-a3c7ab002470/application,https://github.com/SimplifyJobs/Summer2026-Internships; https://github.com/pittcsc/Summer2026-Internships,ashby,atomicsemi,startup-heavy ATS/apply host,Active listing in broad internship index; kept because apply host is startup-heavy.; Active listing in broad internship index; kept because apply host is startup-heavy.
SimplifyJobs Summer2026; PittCSC Summer2026,Atomic Semi,Software Engineering Intern,SF,,Software,Fall 2026,,Other,2026-03-30,https://jobs.ashbyhq.com/atomicsemi/947338ca-e135-4398-9aa3-79e131bc03d5/application,https://github.com/SimplifyJobs/Summer2026-Internships; https://github.com/pittcsc/Summer2026-Internships,ashby,atomicsemi,startup-heavy ATS/apply host,Active listing in broad internship index; kept because apply host is startup-heavy.; Active listing in broad internship index; kept because apply host is startup-heavy.
SimplifyJobs Summer2026; PittCSC Summer2026,Auctor,Software Engineering Intern,NYC,,Software,Summer 2026,,Other,2026-02-05,https://jobs.ashbyhq.com/auctor/9d67c881-3ca7-4616-a059-e94c03e19607/application,https://github.com/SimplifyJobs/Summer2026-Internships; https://github.com/pittcsc/Summer2026-Internships,ashby,auctor,startup-heavy ATS/apply host,Active listing in broad internship index; kept because apply host is startup-heavy.; Active listing in broad internship index; kept because apply host is startup-heavy.
PittCSC Summer2026,AvePoint,People Data Intern,NYC,,AI/ML/Data,Summer 2026,,Other,2026-04-03,https://job-boards.greenhouse.io/avepoint/jobs/7768800,https://github.com/pittcsc/Summer2026-Internships,greenhouse,avepoint,startup-heavy ATS/apply host,Active listing in broad internship index; kept because apply host is startup-heavy.
PittCSC Summer2026,Axon,2026 UK Software Engineering Internship,"London, UK",,Software,Summer 2026,,Other,2025-10-31,https://job-boards.greenhouse.io/axontalentcommunity/jobs/7122432003,https://github.com/pittcsc/Summer2026-Internships,greenhouse,axontalentcommunity,startup-heavy ATS/apply host,Active listing in broad internship index; kept because apply host is startup-heavy.
SimplifyJobs Summer2026,Base Power,Hardware Engineer Intern,"Austin, TX",,Hardware,Summer 2026,,Other,2026-05-21,https://jobs.ashbyhq.com/base-power/f22cee0e-55d9-42cd-806e-1c1fc7217770/application,https://github.com/SimplifyJobs/Summer2026-Internships,ashby,base-power,startup-heavy ATS/apply host,Active listing in broad internship index; kept because apply host is startup-heavy.
SimplifyJobs Summer2026; PittCSC Summer2026,Blackbird Labs,Engineer Intern,NYC,,Software,Summer 2026,,Other,2026-05-05,https://jobs.ashbyhq.com/blackbird-labs-inc/a901dd42-7c52-488a-bd55-f1d5dcd37b38/application,https://github.com/SimplifyJobs/Summer2026-Internships; https://github.com/pittcsc/Summer2026-Internships,ashby,blackbird-labs-inc,startup-heavy ATS/apply host,Active listing in broad internship index; kept because apply host is startup-heavy.; Active listing in broad internship index; kept because apply host is startup-heavy.
SimplifyJobs Summer2026; PittCSC Summer2026,Blockhouse,Rust Developer Intern,"Detroit, MI; NYC",,Software,Spring 2026,,Other,2026-04-21,https://jobs.ashbyhq.com/blockhouse/42a3066f-683c-4b32-b097-5047e89dd12c/application,https://github.com/SimplifyJobs/Summer2026-Internships; https://github.com/pittcsc/Summer2026-Internships,ashby,blockhouse,startup-heavy ATS/apply host,Active listing in broad internship index; kept because apply host is startup-heavy.; Active listing in broad internship index; kept because apply host is startup-heavy.
PittCSC Summer2026,Cambridge Mobile Telematics,Machine Learning Intern - Applied Mobility Intelligence,"Cambridge, MA",,AI/ML/Data,Summer 2026,,Other,2026-05-08,https://job-boards.greenhouse.io/cmt/jobs/7909318,https://github.com/pittcsc/Summer2026-Internships,greenhouse,cmt,startup-heavy ATS/apply host,Active listing in broad internship index; kept because apply host is startup-heavy.
PittCSC Summer2026,Cartesia,Product Engineer Intern,SF,,Software,Spring 2026,,Other,2026-01-27,https://jobs.ashbyhq.com/cartesia/ebae3ceb-a6a7-4af0-ae3e-c197af14a67a/application,https://github.com/pittcsc/Summer2026-Internships,ashby,cartesia,startup-heavy ATS/apply host,Active listing in broad internship index; kept because apply host is startup-heavy.
SimplifyJobs Summer2026; PittCSC Summer2026,Center for AI Safety,Research Engineer Intern,SF,,AI/ML/Data,Fall 2026,,Other,2026-03-09,https://jobs.lever.co/aisafety/e011814b-9a80-43d6-bb0c-cc153ea4bec4/apply,https://github.com/SimplifyJobs/Summer2026-Internships; https://github.com/pittcsc/Summer2026-Internships,lever,aisafety,startup-heavy ATS/apply host,Active listing in broad internship index; kept because apply host is startup-heavy.; Active listing in broad internship index; kept because apply host is startup-heavy.
SimplifyJobs Summer2026; PittCSC Summer2026,Certik,Security Research Internship,"Seattle, WA; California; Remote in USA; NYC",,Software,Spring 2026,,Other,2025-10-31,https://jobs.lever.co/certik/148afcf8-106b-42fa-a516-6bb8f1184e33/apply,https://github.com/SimplifyJobs/Summer2026-Internships; https://github.com/pittcsc/Summer2026-Internships,lever,certik,startup-heavy ATS/apply host,Active listing in broad internship index; kept because apply host is startup-heavy.; Active listing in broad internship index; kept because apply host is startup-heavy.
SimplifyJobs Summer2026; PittCSC Summer2026,Charge Robotics,Engineering Intern - Summer 2026,"San Leandro, CA",,Hardware,Summer 2026,,Other,2026-02-10,https://jobs.ashbyhq.com/charge-robotics/81799a5b-c23f-4d17-9cce-af01b1d44ad9/application,https://github.com/SimplifyJobs/Summer2026-Internships; https://github.com/pittcsc/Summer2026-Internships,ashby,charge-robotics,startup-heavy ATS/apply host,Active listing in broad internship index; kept because apply host is startup-heavy.; Active listing in broad internship index; kept because apply host is startup-heavy.
SimplifyJobs Summer2026; PittCSC Summer2026,Cloudforce,AI Agent Builder Intern,"National Harbor, MD",,"Data Science, AI & Machine Learning",Summer 2026,,Does Not Offer Sponsorship,2026-04-08,https://jobs.lever.co/go-cloudforce/cf2f1855-3ad7-4d4a-a100-2e627f703af4,https://github.com/SimplifyJobs/Summer2026-Internships; https://github.com/pittcsc/Summer2026-Internships,lever,go-cloudforce,startup-heavy ATS/apply host,Active listing in broad internship index; kept because apply host is startup-heavy.; Active listing in broad internship index; kept because apply host is startup-heavy.
SimplifyJobs Summer2026; PittCSC Summer2026,Cloudforce,Cloud Solutions Intern,"National Harbor, Maryland",,Software Engineering,Summer 2026,,Does Not Offer Sponsorship,2026-04-08,https://jobs.lever.co/go-cloudforce/a6fc45dd-d6e8-484f-8254-1b1f69dff362,https://github.com/SimplifyJobs/Summer2026-Internships; https://github.com/pittcsc/Summer2026-Internships,lever,go-cloudforce,startup-heavy ATS/apply host,Active listing in broad internship index; kept because apply host is startup-heavy.; Active listing in broad internship index; kept because apply host is startup-heavy.
SimplifyJobs Summer2026; PittCSC Summer2026,Cluely,Engineering Intern -,SF,,Software,Winter 2025,,Other,2025-10-31,https://jobs.ashbyhq.com/cluely/89809243-a79a-4a8f-a394-8e8b12743108/application,https://github.com/SimplifyJobs/Summer2026-Internships; https://github.com/pittcsc/Summer2026-Internships,ashby,cluely,startup-heavy ATS/apply host,Active listing in broad internship index; kept because apply host is startup-heavy.; Active listing in broad internship index; kept because apply host is startup-heavy.
SimplifyJobs Summer2026; PittCSC Summer2026,Cohere,Machine Learning Intern/Co-op,Canada; United Kingdom; United States,,AI/ML/Data,Fall 2026,,Other,2026-05-13,https://jobs.ashbyhq.com/cohere/36d1f52f-8270-4652-adf5-5303a0ff341b/application,https://github.com/SimplifyJobs/Summer2026-Internships; https://github.com/pittcsc/Summer2026-Internships,ashby,cohere,startup-heavy ATS/apply host,Active listing in broad internship index; kept because apply host is startup-heavy.; Active listing in broad internship index; kept because apply host is startup-heavy.
SimplifyJobs Summer2026; PittCSC Summer2026,Cohere,Research Internship,"Montreal, QC, Canada; London, UK; Toronto, ON, Canada; SF",,AI/ML/Data,Fall 2026; Winter 2026,,Other,2026-05-01,https://jobs.ashbyhq.com/cohere/73bd3e2b-6597-4124-b64b-1e5dbc32e785/application,https://github.com/SimplifyJobs/Summer2026-Internships; https://github.com/pittcsc/Summer2026-Internships,ashby,cohere,startup-heavy ATS/apply host,Active listing in broad internship index; kept because apply host is startup-heavy.; Active listing in broad internship index; kept because apply host is startup-heavy.
SimplifyJobs Summer2026; PittCSC Summer2026,Cohere,Software Engineer Intern,"Toronto, ON, Canada; SF; NYC",,Software,Fall 2026; Winter 2026,,Other,2026-05-01,https://jobs.ashbyhq.com/cohere/8c035d3d-081d-4c8a-914a-72f4efaad254/application,https://github.com/SimplifyJobs/Summer2026-Internships; https://github.com/pittcsc/Summer2026-Internships,ashby,cohere,startup-heavy ATS/apply host,Active listing in broad internship index; kept because apply host is startup-heavy.; Active listing in broad internship index; kept because apply host is startup-heavy.
SimplifyJobs Summer2026; PittCSC Summer2026,Compa,Software Engineer Intern,"Denver, CO",,Software,Summer 2026,,Other,2026-05-05,https://jobs.ashbyhq.com/compa/4fd1ad65-040c-4740-aa05-c8170b9385ee/application,https://github.com/SimplifyJobs/Summer2026-Internships; https://github.com/pittcsc/Summer2026-Internships,ashby,compa,startup-heavy ATS/apply host,Active listing in broad internship index; kept because apply host is startup-heavy.; Active listing in broad internship index; kept because apply host is startup-heavy.
PittCSC Summer2026,Comstock Companies,AV Internship,"Reston, VA",,Hardware,Summer 2026,,Other,2026-03-02,https://job-boards.greenhouse.io/comstock/jobs/4115457009,https://github.com/pittcsc/Summer2026-Internships,greenhouse,comstock,startup-heavy ATS/apply host,Active listing in broad internship index; kept because apply host is startup-heavy.
SimplifyJobs Summer2026; PittCSC Summer2026,ConnectPrep,Data Analyst Intern,"Boston, MA; Remote in USA",,AI/ML/Data,Summer 2026,,Other,2026-04-15,https://apply.workable.com/connectprep/j/D7937EDEC9/apply,https://github.com/SimplifyJobs/Summer2026-Internships; https://github.com/pittcsc/Summer2026-Internships,apply.workable.com,,startup-heavy ATS/apply host,Active listing in broad internship index; kept because apply host is startup-heavy.; Active listing in broad internship index; kept because apply host is startup-heavy.
SimplifyJobs Summer2026; PittCSC Summer2026,Context,Intern,SF,,Software,Summer 2026,,Other,2026-04-17,https://jobs.ashbyhq.com/context/1c657ebf-3842-4ca4-ab55-54ffaf1e49d8/application,https://github.com/SimplifyJobs/Summer2026-Internships; https://github.com/pittcsc/Summer2026-Internships,ashby,context,startup-heavy ATS/apply host,Active listing in broad internship index; kept because apply host is startup-heavy.; Active listing in broad internship index; kept because apply host is startup-heavy.
SimplifyJobs Summer2026; PittCSC Summer2026,Creatify Lab,Software Engineer Intern,"Mountain View, CA",,Software,Summer 2026,,Other,2026-03-18,https://jobs.ashbyhq.com/creatify/75a1f1ad-13d2-4513-952c-71b6dfcaa84f/application,https://github.com/SimplifyJobs/Summer2026-Internships; https://github.com/pittcsc/Summer2026-Internships,ashby,creatify,startup-heavy ATS/apply host,Active listing in broad internship index; kept because apply host is startup-heavy.; Active listing in broad internship index; kept because apply host is startup-heavy.
SimplifyJobs Summer2026; PittCSC Summer2026,Crest Industries,CIS/CS Internship,"Alexandria, LA",,AI/ML/Data,Spring 2026,,Other,2026-01-16,https://jobs.lever.co/crestoperations/234d5be4-a214-4568-a681-d60f15624488/apply,https://github.com/SimplifyJobs/Summer2026-Internships; https://github.com/pittcsc/Summer2026-Internships,lever,crestoperations,startup-heavy ATS/apply host,Active listing in broad internship index; kept because apply host is startup-heavy.; Active listing in broad internship index; kept because apply host is startup-heavy.
SimplifyJobs Summer2026,d-Matrix,ASIC Functional Test Engineer Intern,"Santa Clara, CA",,Hardware,Summer 2026,,Other,2026-05-21,https://jobs.ashbyhq.com/d-Matrix/5e90beb2-1c51-4daa-8739-7ad7d1f83f79/application,https://github.com/SimplifyJobs/Summer2026-Internships,ashby,d-Matrix,startup-heavy ATS/apply host,Active listing in broad internship index; kept because apply host is startup-heavy.
PittCSC Summer2026,d-Matrix,HW Design Verification Intern,"Santa Clara, CA",,Hardware,Summer 2026,,Other,2026-03-06,https://jobs.ashbyhq.com/d-Matrix/a1d69a8b-49bb-4561-91f7-a2536eb3e6df/application,https://github.com/pittcsc/Summer2026-Internships,ashby,d-Matrix,startup-heavy ATS/apply host,Active listing in broad internship index; kept because apply host is startup-heavy.
SimplifyJobs Summer2026; PittCSC Summer2026,d-Matrix,Machine Learning Research Intern,"Santa Clara, CA",,AI/ML/Data,Summer 2026; Fall 2026,,Other,2026-01-27,https://jobs.ashbyhq.com/d-Matrix/7d2b7609-00fb-4a74-aa74-61508434ec93/application,https://github.com/SimplifyJobs/Summer2026-Internships; https://github.com/pittcsc/Summer2026-Internships,ashby,d-Matrix,startup-heavy ATS/apply host,Active listing in broad internship index; kept because apply host is startup-heavy.; Active listing in broad internship index; kept because apply host is startup-heavy.
SimplifyJobs Summer2026; PittCSC Summer2026,d-Matrix,Software Engineering Intern - Kernels,"Toronto, ON, Canada",,Software,Summer 2026,,Other,2026-02-24,https://jobs.ashbyhq.com/d-Matrix/a7010650-8d5d-4b89-8126-152abd02726a/application,https://github.com/SimplifyJobs/Summer2026-Internships; https://github.com/pittcsc/Summer2026-Internships,ashby,d-Matrix,startup-heavy ATS/apply host,Active listing in broad internship index; kept because apply host is startup-heavy.; Active listing in broad internship index; kept because apply host is startup-heavy.
SimplifyJobs Summer2026; PittCSC Summer2026,Dandy,"Software Engineer, Intern","New York, NY",,Software Engineering,Summer 2026,,Other,2025-11-27,https://jobs.ashbyhq.com/dandy/d8491a88-fa90-4299-afb0-af3a2121663f,https://github.com/SimplifyJobs/Summer2026-Internships; https://github.com/pittcsc/Summer2026-Internships,ashby,dandy,startup-heavy ATS/apply host,Active listing in broad internship index; kept because apply host is startup-heavy.; Active listing in broad internship index; kept because apply host is startup-heavy.
PittCSC Summer2026,Dark Wolf Solutions,Dark Wolf Intern,"Tampa, FL; Colorado Springs, CO; Omaha, NE; Reston, VA",,Software,Summer 2026,,Other,2026-03-16,https://job-boards.greenhouse.io/darkwolfsolutions/jobs/7666354003,https://github.com/pittcsc/Summer2026-Internships,greenhouse,darkwolfsolutions,startup-heavy ATS/apply host,Active listing in broad internship index; kept because apply host is startup-heavy.
SimplifyJobs Summer2026; PittCSC Summer2026,DataVisor,AI/Machine Learning Engineering Intern,"Mountain View, CA",,AI/ML/Data,Spring 2026,,Other,2025-12-22,https://apply.workable.com/datavisor-jobs/j/8EA46581E0/apply,https://github.com/SimplifyJobs/Summer2026-Internships; https://github.com/pittcsc/Summer2026-Internships,apply.workable.com,,startup-heavy ATS/apply host,Active listing in broad internship index; kept because apply host is startup-heavy.; Active listing in broad internship index; kept because apply host is startup-heavy.
SimplifyJobs Summer2026; PittCSC Summer2026,DataVisor,Delivery Engineer Internship Spring/Summer 2026 - Canada,"Vancouver, BC, Canada",,Software,Spring 2026; Summer 2026,,Other,2026-03-04,https://apply.workable.com/datavisor-jobs/j/9D69808D1A/apply,https://github.com/SimplifyJobs/Summer2026-Internships; https://github.com/pittcsc/Summer2026-Internships,apply.workable.com,,startup-heavy ATS/apply host,Active listing in broad internship index; kept because apply host is startup-heavy.; Active listing in broad internship index; kept because apply host is startup-heavy.
SimplifyJobs Summer2026; PittCSC Summer2026,Digs,Software Engineering Intern - Test Automation,"Vancouver, WA",,Software Engineering,Spring 2026,,Does Not Offer Sponsorship,2026-03-19,https://job-boards.greenhouse.io/digs/jobs/4663939006,https://github.com/SimplifyJobs/Summer2026-Internships; https://github.com/pittcsc/Summer2026-Internships,greenhouse,digs,startup-heavy ATS/apply host,Active listing in broad internship index; kept because apply host is startup-heavy.; Active listing in broad internship index; kept because apply host is startup-heavy.
PittCSC Summer2026,Diligent Corporation,Software Engineer Intern,"Vancouver, BC, Canada",,Software,Fall 2026,,Other,2026-05-05,https://job-boards.greenhouse.io/diligentcorporation/jobs/5987823004,https://github.com/pittcsc/Summer2026-Internships,greenhouse,diligentcorporation,startup-heavy ATS/apply host,Active listing in broad internship index; kept because apply host is startup-heavy.
SimplifyJobs Summer2026,DoorDash,AI Research Fellowship Intern,SF,,AI/ML/Data,N/A,,Other,2026-04-30,https://job-boards.greenhouse.io/doordashusa/jobs/7848317,https://github.com/SimplifyJobs/Summer2026-Internships,greenhouse,doordashusa,startup-heavy ATS/apply host,Active listing in broad internship index; kept because apply host is startup-heavy.
PittCSC Summer2026,Dorsia,Software Engineer Intern,NYC,,Software,Summer 2026,,Other,2026-02-23,https://job-boards.greenhouse.io/dorsia/jobs/5059393007,https://github.com/pittcsc/Summer2026-Internships,greenhouse,dorsia,startup-heavy ATS/apply host,Active listing in broad internship index; kept because apply host is startup-heavy.
SimplifyJobs Summer2026,Double Eleven,Graphics Programmer Intern,"Durham, UK",,Software,N/A,,Other,2026-05-22,https://apply.workable.com/double-eleven/j/B75CF905CC/apply,https://github.com/SimplifyJobs/Summer2026-Internships,apply.workable.com,,startup-heavy ATS/apply host,Active listing in broad internship index; kept because apply host is startup-heavy.
SimplifyJobs Summer2026; PittCSC Summer2026,Drivetrain,Engineering Intern - Gen AI for FP&a Platform,United States,,AI/ML/Data,Summer 2026,,Other,2025-10-30,https://jobs.lever.co/drivetrain/7266784e-530b-4eb5-a61b-b09557f6e98d/apply,https://github.com/SimplifyJobs/Summer2026-Internships; https://github.com/pittcsc/Summer2026-Internships,lever,drivetrain,startup-heavy ATS/apply host,Active listing in broad internship index; kept because apply host is startup-heavy.; Active listing in broad internship index; kept because apply host is startup-heavy.
SimplifyJobs Summer2026; PittCSC Summer2026,Dryft,Full-Stack Engineer Intern,SF,,Software,Summer 2026,,Other,2026-02-05,https://jobs.ashbyhq.com/dryft/3f1c261d-9b65-412b-9f17-34b8968bdd78/application,https://github.com/SimplifyJobs/Summer2026-Internships; https://github.com/pittcsc/Summer2026-Internships,ashby,dryft,startup-heavy ATS/apply host,Active listing in broad internship index; kept because apply host is startup-heavy.; Active listing in broad internship index; kept because apply host is startup-heavy.
PittCSC Summer2026,EarnIn,Software Engineer Intern - Backend,"Mountain View, CA",,Software,Summer 2026,,Other,2026-04-06,https://job-boards.greenhouse.io/earnin/jobs/7775677,https://github.com/pittcsc/Summer2026-Internships,greenhouse,earnin,startup-heavy ATS/apply host,Active listing in broad internship index; kept because apply host is startup-heavy.
SimplifyJobs Summer2026; PittCSC Summer2026,Eight Sleep,AI/ML Research Intern - Machine Learning - Research,SF,,AI/ML/Data,Summer 2026,,Other,2025-10-09,https://jobs.ashbyhq.com/eightsleep/b6c2e6f6-eadd-4d67-93e9-1426be4f2035/application,https://github.com/SimplifyJobs/Summer2026-Internships; https://github.com/pittcsc/Summer2026-Internships,ashby,eightsleep,startup-heavy ATS/apply host,Active listing in broad internship index; kept because apply host is startup-heavy.; Active listing in broad internship index; kept because apply host is startup-heavy.
SimplifyJobs Summer2026; PittCSC Summer2026,Ekimetrics,6 months Internship in Strategy & Data Science - New York,NYC,,AI/ML/Data,Summer 2026,,Other,2025-12-03,https://jobs.lever.co/ekimetrics/d8f0b664-ad5b-4111-a1dc-a8143934bf24/apply,https://github.com/SimplifyJobs/Summer2026-Internships; https://github.com/pittcsc/Summer2026-Internships,lever,ekimetrics,startup-heavy ATS/apply host,Active listing in broad internship index; kept because apply host is startup-heavy.; Active listing in broad internship index; kept because apply host is startup-heavy.
SimplifyJobs Summer2026; PittCSC Summer2026,Eluvio,AI Machine Learning Intern - Gen AI - Multimodal,"Berkeley, CA",,AI/ML/Data,Summer 2026,,Other,2026-05-09,https://apply.workable.com/eluvio/j/F70F3473E7/apply,https://github.com/SimplifyJobs/Summer2026-Internships; https://github.com/pittcsc/Summer2026-Internships,apply.workable.com,,startup-heavy ATS/apply host,Active listing in broad internship index; kept because apply host is startup-heavy.; Active listing in broad internship index; kept because apply host is startup-heavy.
SimplifyJobs Summer2026; PittCSC Summer2026,Endpoint Clinical,AI Intern,Remote in USA,,Software,Summer 2026,,Other,2026-05-07,https://jobs.lever.co/endpointclinical/d8e94671-b722-4bd9-94a6-c0f27008acbf/apply,https://github.com/SimplifyJobs/Summer2026-Internships; https://github.com/pittcsc/Summer2026-Internships,lever,endpointclinical,startup-heavy ATS/apply host,Active listing in broad internship index; kept because apply host is startup-heavy.; Active listing in broad internship index; kept because apply host is startup-heavy.
SimplifyJobs Summer2026; PittCSC Summer2026,ENFOS,Frontend Engineering Intern (UI/UX Focus),"Durham, NC",,Software Engineering,Summer 2026,,Other,2026-04-14,https://apply.workable.com/enfos-inc/j/7364AA5599/,https://github.com/SimplifyJobs/Summer2026-Internships; https://github.com/pittcsc/Summer2026-Internships,apply.workable.com,,startup-heavy ATS/apply host,Active listing in broad internship index; kept because apply host is startup-heavy.; Active listing in broad internship index; kept because apply host is startup-heavy.
SimplifyJobs Summer2026; PittCSC Summer2026,Etched,DFT Intern,"San Jose, CA",,Hardware,Summer 2026,,Other,2026-04-13,https://jobs.ashbyhq.com/Etched/5f1f5739-3b58-467c-b351-ff183c94d96d/application,https://github.com/SimplifyJobs/Summer2026-Internships; https://github.com/pittcsc/Summer2026-Internships,ashby,Etched,startup-heavy ATS/apply host,Active listing in broad internship index; kept because apply host is startup-heavy.; Active listing in broad internship index; kept because apply host is startup-heavy.
SimplifyJobs Summer2026; PittCSC Summer2026,Etched,Electrical Platform Intern,"San Jose, CA",,Hardware,Fall 2026,,Other,2026-03-12,https://jobs.ashbyhq.com/Etched/904ddf46-55fc-4a8f-8b49-f32cfe88116a/application,https://github.com/SimplifyJobs/Summer2026-Internships; https://github.com/pittcsc/Summer2026-Internships,ashby,Etched,startup-heavy ATS/apply host,Active listing in broad internship index; kept because apply host is startup-heavy.; Active listing in broad internship index; kept because apply host is startup-heavy.
SimplifyJobs Summer2026,Etched,PD Intern,"San Jose, CA",,Hardware,Summer 2026; Fall 2026; Winter 2026,,Other,2026-02-21,https://jobs.ashbyhq.com/Etched/bd8c5768-7efa-4a18-9e56-485ccaf4ec77/application,https://github.com/SimplifyJobs/Summer2026-Internships,ashby,Etched,startup-heavy ATS/apply host,Active listing in broad internship index; kept because apply host is startup-heavy.
PittCSC Summer2026,Etched,RTL Intern,"San Jose, CA",,Hardware,Summer 2026,,Other,2026-03-19,https://jobs.ashbyhq.com/Etched/157ed4f4-6e3b-4ec9-b93f-3e363e92041e/application,https://github.com/pittcsc/Summer2026-Internships,ashby,Etched,startup-heavy ATS/apply host,Active listing in broad internship index; kept because apply host is startup-heavy.
SimplifyJobs Summer2026,Etched,Supercomputing Intern,"San Jose, CA",,Software,Fall 2026,,Other,2026-05-20,https://jobs.ashbyhq.com/Etched/b45e357c-07ea-4499-9911-1d3cc9b9ac71/application,https://github.com/SimplifyJobs/Summer2026-Internships,ashby,Etched,startup-heavy ATS/apply host,Active listing in broad internship index; kept because apply host is startup-heavy.
SimplifyJobs Summer2026; PittCSC Summer2026,Etched.ai,Architecture Intern,"San Jose, CA",,Hardware,Summer 2026,,Other,2025-12-12,https://jobs.ashbyhq.com/Etched/6f23713f-5409-45b7-aae8-adb8710cdbc3/application,https://github.com/SimplifyJobs/Summer2026-Internships; https://github.com/pittcsc/Summer2026-Internships,ashby,Etched,startup-heavy ATS/apply host,Active listing in broad internship index; kept because apply host is startup-heavy.; Active listing in broad internship index; kept because apply host is startup-heavy.
SimplifyJobs Summer2026,Etched.ai,Chipsim Intern,"San Jose, CA",,Hardware,Summer 2026,,Other,2026-02-07,https://jobs.ashbyhq.com/Etched/27e5bd6b-9357-45f0-9e79-cfa2bf4eeba8/application,https://github.com/SimplifyJobs/Summer2026-Internships,ashby,Etched,startup-heavy ATS/apply host,Active listing in broad internship index; kept because apply host is startup-heavy.
SimplifyJobs Summer2026; PittCSC Summer2026,Etched.ai,DV Intern,"San Jose, CA",,Hardware,Summer 2026,,Other,2026-02-07,https://jobs.ashbyhq.com/Etched/dacedaca-c4ca-4964-85a7-8df1738005bb/application,https://github.com/SimplifyJobs/Summer2026-Internships; https://github.com/pittcsc/Summer2026-Internships,ashby,Etched,startup-heavy ATS/apply host,Active listing in broad internship index; kept because apply host is startup-heavy.; Active listing in broad internship index; kept because apply host is startup-heavy.
SimplifyJobs Summer2026; PittCSC Summer2026,Etched.ai,Firmware Intern - Firmware,"San Jose, CA",,Hardware,Summer 2026,,Other,2026-02-07,https://jobs.ashbyhq.com/Etched/699f3ab2-07e4-466c-9d76-3d4a3abb4ebc/application,https://github.com/SimplifyJobs/Summer2026-Internships; https://github.com/pittcsc/Summer2026-Internships,ashby,Etched,startup-heavy ATS/apply host,Active listing in broad internship index; kept because apply host is startup-heavy.; Active listing in broad internship index; kept because apply host is startup-heavy.
SimplifyJobs Summer2026; PittCSC Summer2026,Etched.ai,Platform Intern - ME,"San Jose, CA",,Hardware,Summer 2026,,Other,2026-02-07,https://jobs.ashbyhq.com/Etched/f05e3218-5ec7-41d1-bc99-bb7014422229/application,https://github.com/SimplifyJobs/Summer2026-Internships; https://github.com/pittcsc/Summer2026-Internships,ashby,Etched,startup-heavy ATS/apply host,Active listing in broad internship index; kept because apply host is startup-heavy.; Active listing in broad internship index; kept because apply host is startup-heavy.
SimplifyJobs Summer2026; PittCSC Summer2026,Etched.ai,Software Intern,"San Jose, CA",,Software Engineering,Summer 2026,,Does Not Offer Sponsorship,2025-12-09,https://jobs.ashbyhq.com/etched/605c286d-be56-4e83-83b8-436d29ce17df,https://github.com/SimplifyJobs/Summer2026-Internships; https://github.com/pittcsc/Summer2026-Internships,ashby,etched,startup-heavy ATS/apply host,Active listing in broad internship index; kept because apply host is startup-heavy.; Active listing in broad internship index; kept because apply host is startup-heavy.
PittCSC Summer2026,Etched.ai,Supercomputing Intern,"San Jose, CA",,Software,Summer 2026,,Other,2026-02-07,https://jobs.ashbyhq.com/Etched/982a8ee4-5e1e-43c7-a918-6dac285cdddd/application,https://github.com/pittcsc/Summer2026-Internships,ashby,Etched,startup-heavy ATS/apply host,Active listing in broad internship index; kept because apply host is startup-heavy.
SimplifyJobs Summer2026; PittCSC Summer2026,ether.fi,GTM Engineer Intern,"NYC; Denver, CO",,Software,Spring 2026; Summer 2026,,Other,2026-04-22,https://jobs.ashbyhq.com/ether.fi/6dcb712c-8fe5-4725-ad6a-0e9771af22cb/application,https://github.com/SimplifyJobs/Summer2026-Internships; https://github.com/pittcsc/Summer2026-Internships,ashby,ether.fi,startup-heavy ATS/apply host,Active listing in broad internship index; kept because apply host is startup-heavy.; Active listing in broad internship index; kept because apply host is startup-heavy.
SimplifyJobs Summer2026,EV Realty,Data Analytics Intern,"Salt Lake City, UT; SF",,AI/ML/Data,Summer 2026,,Other,2026-05-22,https://jobs.lever.co/evrealty-us/0274f48f-9b19-4bed-bf6a-5e02a2b1e865/apply,https://github.com/SimplifyJobs/Summer2026-Internships,lever,evrealty-us,startup-heavy ATS/apply host,Active listing in broad internship index; kept because apply host is startup-heavy.
PittCSC Summer2026,Exegy,Software Engineer Intern,"St. Louis, MO",,Software Engineering,Summer 2026; Fall 2026; Spring 2026,,Other,2025-09-22,https://jobs.ashbyhq.com/exegy/6ae2d836-21a3-4132-bd85-722177ab5cf5,https://github.com/pittcsc/Summer2026-Internships,ashby,exegy,startup-heavy ATS/apply host,Active listing in broad internship index; kept because apply host is startup-heavy.
SimplifyJobs Summer2026; PittCSC Summer2026,Falcomm,ML Software Engineer Intern - AI/CAD Integration,"Atlanta, GA",,Software,Fall 2026,,Other,2026-03-17,https://apply.workable.com/falcomm/j/B5EB495F31/apply,https://github.com/SimplifyJobs/Summer2026-Internships; https://github.com/pittcsc/Summer2026-Internships,apply.workable.com,,startup-heavy ATS/apply host,Active listing in broad internship index; kept because apply host is startup-heavy.; Active listing in broad internship index; kept because apply host is startup-heavy.
PittCSC Summer2026,Farsight,Software Engineering Intern,"New York, NY",,Software Engineering,Summer 2026,,Other,2026-03-30,https://jobs.ashbyhq.com/farsight/096cdc49-06ae-4724-8f46-c58184e98334,https://github.com/pittcsc/Summer2026-Internships,ashby,farsight,startup-heavy ATS/apply host,Active listing in broad internship index; kept because apply host is startup-heavy.
PittCSC Summer2026,Figure,Hardware Reliability Intern - Winter 2026,"San Jose, CA",,Hardware,Winter 2026,,Other,2025-11-14,https://job-boards.greenhouse.io/figureai/jobs/4613067006,https://github.com/pittcsc/Summer2026-Internships,greenhouse,figureai,startup-heavy ATS/apply host,Active listing in broad internship index; kept because apply host is startup-heavy.
PittCSC Summer2026,Firemon,Software Engineering Intern,"Kansas City, KS",,Software,Summer 2026,,Other,2026-04-09,https://jobs.lever.co/firemon/6071bd55-2b14-4da9-8b67-542f2a025137/apply,https://github.com/pittcsc/Summer2026-Internships,lever,firemon,startup-heavy ATS/apply host,Active listing in broad internship index; kept because apply host is startup-heavy.
SimplifyJobs Summer2026; PittCSC Summer2026,Fizz,Software Engineering Intern - Multiple Teams,NYC,,Software,Summer 2026,,Other,2025-10-11,https://jobs.ashbyhq.com/fizz/c33b0bb7-d87f-4666-8622-36604fe10b20/application,https://github.com/SimplifyJobs/Summer2026-Internships; https://github.com/pittcsc/Summer2026-Internships,ashby,fizz,startup-heavy ATS/apply host,Active listing in broad internship index; kept because apply host is startup-heavy.; Active listing in broad internship index; kept because apply host is startup-heavy.
SimplifyJobs Summer2026; PittCSC Summer2026,Fundwell,AI Innovation Intern,NYC,,AI/ML/Data,N/A,,Other,2026-03-02,https://jobs.ashbyhq.com/fundwell/2d91136d-b54d-4ed0-93de-22c7839a3982/application,https://github.com/SimplifyJobs/Summer2026-Internships; https://github.com/pittcsc/Summer2026-Internships,ashby,fundwell,startup-heavy ATS/apply host,Active listing in broad internship index; kept because apply host is startup-heavy.; Active listing in broad internship index; kept because apply host is startup-heavy.
SimplifyJobs Summer2026; PittCSC Summer2026,Gemini,Software Engineer Intern,NYC,,Software,Fall 2026,,Other,2026-05-01,https://boards.greenhouse.io/embed/job_app?for=gemini&token=7875125&gh_jid=7875125,https://github.com/SimplifyJobs/Summer2026-Internships; https://github.com/pittcsc/Summer2026-Internships,boards.greenhouse.io,,startup-heavy ATS/apply host,Active listing in broad internship index; kept because apply host is startup-heavy.; Active listing in broad internship index; kept because apply host is startup-heavy.; Active listing in broad internship index; kept because apply host is startup-heavy.; Active listing in broad internship index; kept because apply host is startup-heavy.; Active listing in broad internship index; kept because apply host is startup-heavy.; Active listing in broad internship index; kept because apply host is startup-heavy.; Active listing in broad internship index; kept because apply host is startup-heavy.; Active listing in broad internship index; kept because apply host is startup-heavy.
PittCSC Summer2026,Geotab,Embedded Developer Intern - Photon/Orbit,"Oakville, ON, Canada; Kitchener, ON, Canada",,Hardware,Fall 2026,,Other,2026-05-04,https://job-boards.greenhouse.io/internshiplist2000/jobs/5182934008,https://github.com/pittcsc/Summer2026-Internships,greenhouse,internshiplist2000,startup-heavy ATS/apply host,Active listing in broad internship index; kept because apply host is startup-heavy.
PittCSC Summer2026,Geotab,Embedded Developer Intern - Security/ Quality & Automation,"Oakville, ON, Canada",,Hardware,Fall 2026,,Other,2026-05-04,https://job-boards.greenhouse.io/internshiplist2000/jobs/5179840008,https://github.com/pittcsc/Summer2026-Internships,greenhouse,internshiplist2000,startup-heavy ATS/apply host,Active listing in broad internship index; kept because apply host is startup-heavy.
PittCSC Summer2026,Geotab,Insights & Integrations Consultancy Data Scientist Intern,"Oakville, ON, Canada",,AI/ML/Data,Fall 2026,,Other,2026-05-04,https://job-boards.greenhouse.io/internshiplist2000/jobs/5156504008,https://github.com/pittcsc/Summer2026-Internships,greenhouse,internshiplist2000,startup-heavy ATS/apply host,Active listing in broad internship index; kept because apply host is startup-heavy.
PittCSC Summer2026,Geotab,Vehicle Systems Engineer Intern,"Kitchener, ON, Canada",,Hardware,Fall 2026,,Other,2026-05-04,https://job-boards.greenhouse.io/internshiplist2000/jobs/5145632008,https://github.com/pittcsc/Summer2026-Internships,greenhouse,internshiplist2000,startup-heavy ATS/apply host,Active listing in broad internship index; kept because apply host is startup-heavy.
PittCSC Summer2026,Geotab,Vehicle Systems Engineer Intern,"Detroit, MI",,Hardware,Fall 2026,,Other,2026-05-07,https://job-boards.greenhouse.io/internshiplist2000/jobs/5182466008,https://github.com/pittcsc/Summer2026-Internships,greenhouse,internshiplist2000,startup-heavy ATS/apply host,Active listing in broad internship index; kept because apply host is startup-heavy.
SimplifyJobs Summer2026; PittCSC Summer2026,Gimlet Labs,Member of Technical Staff – Intern,SF,,Software,Summer 2026,,Other,2026-03-10,https://jobs.ashbyhq.com/gimlet/23e10dd6-e7c5-43f0-b14e-54ab999fccd9/application,https://github.com/SimplifyJobs/Summer2026-Internships; https://github.com/pittcsc/Summer2026-Internships,ashby,gimlet,startup-heavy ATS/apply host,Active listing in broad internship index; kept because apply host is startup-heavy.; Active listing in broad internship index; kept because apply host is startup-heavy.
PittCSC Summer2026,Globalization Partners,AI - Intern,Remote in USA,,AI/ML/Data,Summer 2026,,Other,2026-04-30,https://job-boards.greenhouse.io/globalizationpartners/jobs/7720641003,https://github.com/pittcsc/Summer2026-Internships,greenhouse,globalizationpartners,startup-heavy ATS/apply host,Active listing in broad internship index; kept because apply host is startup-heavy.
SimplifyJobs Summer2026; PittCSC Summer2026,Gr0,Applied AI Engineering Intern,"Los Angeles, CA",,"Data Science, AI & Machine Learning",Summer 2026,,Other,2026-04-14,https://jobs.lever.co/gr0/81a6ff41-681b-4be1-828b-8853288c2608,https://github.com/SimplifyJobs/Summer2026-Internships; https://github.com/pittcsc/Summer2026-Internships,lever,gr0,startup-heavy ATS/apply host,Active listing in broad internship index; kept because apply host is startup-heavy.; Active listing in broad internship index; kept because apply host is startup-heavy.
SimplifyJobs Summer2026,Great Question,AI Engineer Intern,SF; Remote in USA,,Software,Summer 2026,,Other,2026-05-21,https://jobs.ashbyhq.com/greatquestion/c533196c-75d5-43b8-b1c8-dedf2437d544/application,https://github.com/SimplifyJobs/Summer2026-Internships,ashby,greatquestion,startup-heavy ATS/apply host,Active listing in broad internship index; kept because apply host is startup-heavy.
SimplifyJobs Summer2026; PittCSC Summer2026,H3X Technologies,Test Engineer Intern,"Lafayette, CO",,Hardware,Fall 2026,,Other,2026-05-06,https://jobs.ashbyhq.com/h3x-technologies/b9728e9a-5158-4537-a27f-07462bd9c7e3/application,https://github.com/SimplifyJobs/Summer2026-Internships; https://github.com/pittcsc/Summer2026-Internships,ashby,h3x-technologies,startup-heavy ATS/apply host,Active listing in broad internship index; kept because apply host is startup-heavy.; Active listing in broad internship index; kept because apply host is startup-heavy.
SimplifyJobs Summer2026; PittCSC Summer2026,Hadrian,Software Engineer Intern,LA,,Software,Summer 2026,,Other,2026-05-15,https://jobs.ashbyhq.com/hadrian-automation/ce93d8e7-00c9-4fdf-9623-e4f6f25d92d6/application,https://github.com/SimplifyJobs/Summer2026-Internships; https://github.com/pittcsc/Summer2026-Internships,ashby,hadrian-automation,startup-heavy ATS/apply host,Active listing in broad internship index; kept because apply host is startup-heavy.; Active listing in broad internship index; kept because apply host is startup-heavy.
PittCSC Summer2026,Hayden AI,Intern Software Engineer,SF,,Software,Summer 2026,,Other,2026-03-10,https://jobs.ashbyhq.com/haydenai/b577f0a4-d5c7-450d-b302-5b7b9946c020/application,https://github.com/pittcsc/Summer2026-Internships,ashby,haydenai,startup-heavy ATS/apply host,Active listing in broad internship index; kept because apply host is startup-heavy.
SimplifyJobs Summer2026; PittCSC Summer2026,HCompany,Research Scientist Intern - Model Team,"London, UK",,AI/ML/Data,Summer 2026,,Other,2026-02-24,https://jobs.ashbyhq.com/hcompany/856b1025-791f-46ed-9ea0-a88bb2f32ce5/application,https://github.com/SimplifyJobs/Summer2026-Internships; https://github.com/pittcsc/Summer2026-Internships,ashby,hcompany,startup-heavy ATS/apply host,Active listing in broad internship index; kept because apply host is startup-heavy.; Active listing in broad internship index; kept because apply host is startup-heavy.
SimplifyJobs Summer2026; PittCSC Summer2026,Hermeus,Hardware-In-the-Loop Software Engineering Intern - Fall 2026,"Atlanta, GA",,Hardware,Fall 2026,,Other,2026-04-17,https://jobs.lever.co/hermeus/10d69ef6-a754-42ab-833c-76adf01367bf/apply,https://github.com/SimplifyJobs/Summer2026-Internships; https://github.com/pittcsc/Summer2026-Internships,lever,hermeus,startup-heavy ATS/apply host,Active listing in broad internship index; kept because apply host is startup-heavy.; Active listing in broad internship index; kept because apply host is startup-heavy.
SimplifyJobs Summer2026; PittCSC Summer2026,Hermeus,Human Machine Interface – Software Engineering Intern - Human Machine Interface,"Atlanta, GA",,Software,Fall 2026,,Other,2026-04-01,https://jobs.lever.co/hermeus/a3a1f0ea-6a4f-42e5-81c8-3b34dac22a67/apply,https://github.com/SimplifyJobs/Summer2026-Internships; https://github.com/pittcsc/Summer2026-Internships,lever,hermeus,startup-heavy ATS/apply host,Active listing in broad internship index; kept because apply host is startup-heavy.; Active listing in broad internship index; kept because apply host is startup-heavy.
SimplifyJobs Summer2026; PittCSC Summer2026,Hermeus,Modeling & Simulation Software Engineer Intern,LA,,Software,Fall 2026,,Other,2026-04-17,https://jobs.lever.co/hermeus/49f7cf3f-bf66-44ca-bf97-ee0f7180a68d/apply,https://github.com/SimplifyJobs/Summer2026-Internships; https://github.com/pittcsc/Summer2026-Internships,lever,hermeus,startup-heavy ATS/apply host,Active listing in broad internship index; kept because apply host is startup-heavy.; Active listing in broad internship index; kept because apply host is startup-heavy.
SimplifyJobs Summer2026; PittCSC Summer2026,Hermeus,Modeling & Simulation Software Engineering Intern,"Los Angeles, CA",,Software Engineering,Spring 2026; Summer 2026,,U.S. Citizenship is Required,2025-10-02,https://jobs.lever.co/hermeus/dcd92687-0f98-4288-a68e-403fcd654853,https://github.com/SimplifyJobs/Summer2026-Internships; https://github.com/pittcsc/Summer2026-Internships,lever,hermeus,startup-heavy ATS/apply host,Active listing in broad internship index; kept because apply host is startup-heavy.; Active listing in broad internship index; kept because apply host is startup-heavy.
SimplifyJobs Summer2026,Hermeus,Subsystem Test Engineer Intern,"Atlanta, GA",,Hardware,Fall 2026,,Other,2026-05-19,https://jobs.lever.co/hermeus/3ee3f243-bab8-4bdb-b0d0-2214874ef49e/apply,https://github.com/SimplifyJobs/Summer2026-Internships,lever,hermeus,startup-heavy ATS/apply host,Active listing in broad internship index; kept because apply host is startup-heavy.
PittCSC Summer2026,Hermeus,Test Engineering Intern,"Atlanta, GA",,Hardware,Spring 2026; Summer 2026,,Other,2025-11-12,https://jobs.lever.co/hermeus/641bbc29-5866-4022-8b03-63de917430ed/apply,https://github.com/pittcsc/Summer2026-Internships,lever,hermeus,startup-heavy ATS/apply host,Active listing in broad internship index; kept because apply host is startup-heavy.
SimplifyJobs Summer2026; PittCSC Summer2026,Heron Power,Hardware Test Engineering Intern,"Santa Cruz, CA",,Hardware,Summer 2026,,Other,2026-05-11,http://jobs.ashbyhq.com/heron-power/7c3f30a6-f806-4bf5-a94c-cb4dece20cb2/application,https://github.com/SimplifyJobs/Summer2026-Internships; https://github.com/pittcsc/Summer2026-Internships,ashby,heron-power,startup-heavy ATS/apply host,Active listing in broad internship index; kept because apply host is startup-heavy.; Active listing in broad internship index; kept because apply host is startup-heavy.
SimplifyJobs Summer2026; PittCSC Summer2026,Heron Power,Medium Voltage Test Engineering Intern,"Santa Cruz, CA",,Hardware,Summer 2026,,Other,2026-05-11,http://jobs.ashbyhq.com/heron-power/46097ca0-4093-4a56-9c44-8ec41617bbc0/application,https://github.com/SimplifyJobs/Summer2026-Internships; https://github.com/pittcsc/Summer2026-Internships,ashby,heron-power,startup-heavy ATS/apply host,Active listing in broad internship index; kept because apply host is startup-heavy.; Active listing in broad internship index; kept because apply host is startup-heavy.
SimplifyJobs Summer2026; PittCSC Summer2026,Higharc,Research Intern,Remote in USA,,AI/ML/Data,Summer 2026,,Other,2026-04-01,https://jobs.ashbyhq.com/higharc/5a7265ed-8db3-480e-9c04-3c9b2d2c235b/application,https://github.com/SimplifyJobs/Summer2026-Internships; https://github.com/pittcsc/Summer2026-Internships,ashby,higharc,startup-heavy ATS/apply host,Active listing in broad internship index; kept because apply host is startup-heavy.; Active listing in broad internship index; kept because apply host is startup-heavy.
SimplifyJobs Summer2026; PittCSC Summer2026,Homebase,AI Engineer Intern,SF,,Software,Summer 2026,,Other,2026-05-11,https://jobs.ashbyhq.com/homebase/b61bc585-57bf-4918-8154-b8be27ff5a5e/application,https://github.com/SimplifyJobs/Summer2026-Internships; https://github.com/pittcsc/Summer2026-Internships,ashby,homebase,startup-heavy ATS/apply host,Active listing in broad internship index; kept because apply host is startup-heavy.; Active listing in broad internship index; kept because apply host is startup-heavy.
PittCSC Summer2026,Homebase,Forward Deployed Engineering Intern - AI-Native,"Houston, TX; SF",,Software,Summer 2026,,Other,2026-04-27,https://jobs.ashbyhq.com/homebase/a7ab59c0-786e-4675-b684-2ed19b240fb2/application,https://github.com/pittcsc/Summer2026-Internships,ashby,homebase,startup-heavy ATS/apply host,Active listing in broad internship index; kept because apply host is startup-heavy.
SimplifyJobs Summer2026; PittCSC Summer2026,HRL Laboratories,Mechanical Assembly Integration and Test Intern,"Malibu, CA",,Hardware,Summer 2026,,Other,2026-05-07,https://jobs.lever.co/dodmg/cb7099eb-ec49-4846-a665-a50496a7ad66/apply,https://github.com/SimplifyJobs/Summer2026-Internships; https://github.com/pittcsc/Summer2026-Internships,lever,dodmg,startup-heavy ATS/apply host,Active listing in broad internship index; kept because apply host is startup-heavy.; Active listing in broad internship index; kept because apply host is startup-heavy.
SimplifyJobs Summer2026; PittCSC Summer2026,IEM,Application Engineering Co-Op,"Surrey, BC, Canada",,Software,Summer 2026,,Other,2026-04-24,https://job-boards.greenhouse.io/industrialelectricmanufacturing/jobs/4232212009,https://github.com/SimplifyJobs/Summer2026-Internships; https://github.com/pittcsc/Summer2026-Internships,greenhouse,industrialelectricmanufacturing,startup-heavy ATS/apply host,Active listing in broad internship index; kept because apply host is startup-heavy.; Active listing in broad internship index; kept because apply host is startup-heavy.
SimplifyJobs Summer2026; PittCSC Summer2026,IEM,Application Engineering Tools & Resource Catalog Intern,"Franklin, TN",,Software,Summer 2026,,Other,2026-04-23,https://job-boards.greenhouse.io/industrialelectricmanufacturing/jobs/4231416009,https://github.com/SimplifyJobs/Summer2026-Internships; https://github.com/pittcsc/Summer2026-Internships,greenhouse,industrialelectricmanufacturing,startup-heavy ATS/apply host,Active listing in broad internship index; kept because apply host is startup-heavy.; Active listing in broad internship index; kept because apply host is startup-heavy.
SimplifyJobs Summer2026; PittCSC Summer2026,Institute of Foundation Models,AIE Intern,"Sunnyvale, CA",,AI/ML/Data,Spring 2026,,Other,2025-12-04,https://jobs.lever.co/ifm-us/5342e333-61b9-406d-bfea-61a687a94d1f/apply,https://github.com/SimplifyJobs/Summer2026-Internships; https://github.com/pittcsc/Summer2026-Internships,lever,ifm-us,startup-heavy ATS/apply host,Active listing in broad internship index; kept because apply host is startup-heavy.; Active listing in broad internship index; kept because apply host is startup-heavy.
SimplifyJobs Summer2026; PittCSC Summer2026,Internship,AI Deployment Engineering Internship,"New York, NY",,"Data Science, AI & Machine Learning",Summer 2026,,Offers Sponsorship,2026-03-11,https://jobs.ashbyhq.com/interplay/da19ed8a-f03c-49d8-a2fd-d2988b8c3369,https://github.com/SimplifyJobs/Summer2026-Internships; https://github.com/pittcsc/Summer2026-Internships,ashby,interplay,startup-heavy ATS/apply host,Active listing in broad internship index; kept because apply host is startup-heavy.; Active listing in broad internship index; kept because apply host is startup-heavy.
SimplifyJobs Summer2026; PittCSC Summer2026,Invisible Technologies AI,AI Generalist Intern,Remote in USA,,AI/ML/Data,N/A,,Other,2026-04-21,https://job-boards.eu.greenhouse.io/agency/jobs/4754242101,https://github.com/SimplifyJobs/Summer2026-Internships; https://github.com/pittcsc/Summer2026-Internships,greenhouse,agency,startup-heavy ATS/apply host,Active listing in broad internship index; kept because apply host is startup-heavy.; Active listing in broad internship index; kept because apply host is startup-heavy.
PittCSC Summer2026,Kargo,Backend Software Engineer – Internship,SF,,Software,Spring 2026,,Other,2026-01-09,https://job-boards.greenhouse.io/kargo/jobs/5217421004,https://github.com/pittcsc/Summer2026-Internships,greenhouse,kargo,startup-heavy ATS/apply host,Active listing in broad internship index; kept because apply host is startup-heavy.
PittCSC Summer2026,Kikoff,Data Intern,SF,,AI/ML/Data,Summer 2026,,Other,2026-05-05,https://job-boards.greenhouse.io/kikoff/jobs/4184371009,https://github.com/pittcsc/Summer2026-Internships,greenhouse,kikoff,startup-heavy ATS/apply host,Active listing in broad internship index; kept because apply host is startup-heavy.
SimplifyJobs Summer2026; PittCSC Summer2026,Kodiak Robotics,Intern - Data Science,"Mountain View, CA",,AI/ML/Data,Fall 2026,,Other,2026-03-07,https://job-boards.greenhouse.io/kodiak/jobs/4174629009,https://github.com/SimplifyJobs/Summer2026-Internships; https://github.com/pittcsc/Summer2026-Internships,greenhouse,kodiak,startup-heavy ATS/apply host,Active listing in broad internship index; kept because apply host is startup-heavy.; Active listing in broad internship index; kept because apply host is startup-heavy.
PittCSC Summer2026,Kodiak Robotics,Intern - Motion Planning,"Mountain View, CA",,Hardware,Fall 2026,,Other,2026-03-07,https://job-boards.greenhouse.io/kodiak/jobs/4174475009,https://github.com/pittcsc/Summer2026-Internships,greenhouse,kodiak,startup-heavy ATS/apply host,Active listing in broad internship index; kept because apply host is startup-heavy.
SimplifyJobs Summer2026; PittCSC Summer2026,Kognitos,Software Engineer Intern - AI-Native,"San Jose, CA",,Software,Summer 2026,,Other,2026-04-16,https://jobs.ashbyhq.com/Kognitos/a3c5bd4c-f6fb-4eb0-b943-e0e1a1d878c5/application,https://github.com/SimplifyJobs/Summer2026-Internships; https://github.com/pittcsc/Summer2026-Internships,ashby,Kognitos,startup-heavy ATS/apply host,Active listing in broad internship index; kept because apply host is startup-heavy.; Active listing in broad internship index; kept because apply host is startup-heavy.
SimplifyJobs Summer2026; PittCSC Summer2026,Lambda,2026 Machine Learning Research Intern,"San Francisco, CA",,"Data Science, AI & Machine Learning",Summer 2026,,Other,2025-11-04,https://jobs.ashbyhq.com/Lambda/264f889c-38f4-42a5-9534-064a9512a3fe,https://github.com/SimplifyJobs/Summer2026-Internships; https://github.com/pittcsc/Summer2026-Internships,ashby,Lambda,startup-heavy ATS/apply host,Active listing in broad internship index; kept because apply host is startup-heavy.; Active listing in broad internship index; kept because apply host is startup-heavy.
SimplifyJobs Summer2026; PittCSC Summer2026,Lambda,Security Engineer Intern,SF,,Software,Summer 2026,,Other,2026-05-14,https://jobs.ashbyhq.com/lambda/0663f04c-097d-414f-b0a0-414a7cf153d6/application,https://github.com/SimplifyJobs/Summer2026-Internships; https://github.com/pittcsc/Summer2026-Internships,ashby,lambda,startup-heavy ATS/apply host,Active listing in broad internship index; kept because apply host is startup-heavy.; Active listing in broad internship index; kept because apply host is startup-heavy.
SimplifyJobs Summer2026; PittCSC Summer2026,Layup Parts,Software Engineering Intern,"Huntington Beach, CA",,Software,Fall 2025; Winter 2025; Spring 2026; Summer 2026,,Other,2025-11-03,https://jobs.lever.co/layup/0b42f7ad-ebdc-4b4a-8fe6-47640f6dba53/apply,https://github.com/SimplifyJobs/Summer2026-Internships; https://github.com/pittcsc/Summer2026-Internships,lever,layup,startup-heavy ATS/apply host,Active listing in broad internship index; kept because apply host is startup-heavy.; Active listing in broad internship index; kept because apply host is startup-heavy.
SimplifyJobs Summer2026; PittCSC Summer2026,Level AI,Research Intern/Co-op - Reinforcement Learning,California,,AI/ML/Data,Summer 2026,,Other,2026-03-28,https://jobs.lever.co/levelai/c1552b67-fc00-4dd8-9d8e-fd18427e31b3/apply,https://github.com/SimplifyJobs/Summer2026-Internships; https://github.com/pittcsc/Summer2026-Internships,lever,levelai,startup-heavy ATS/apply host,Active listing in broad internship index; kept because apply host is startup-heavy.; Active listing in broad internship index; kept because apply host is startup-heavy.
PittCSC Summer2026,Lexeo Therapeutics,AI/ML Clinical Data Science Intern,"New York, NY",,"Data Science, AI & Machine Learning",Summer 2026,,Other,2026-04-16,https://jobs.lever.co/lexeotx/6d02ad76-f9c2-4660-8f29-7ad6f23b3d31,https://github.com/pittcsc/Summer2026-Internships,lever,lexeotx,startup-heavy ATS/apply host,Active listing in broad internship index; kept because apply host is startup-heavy.
SimplifyJobs Summer2026,LINQ,Technical Intern,"Birmingham, AL",,Software,Summer 2026,,Other,2026-05-19,https://jobs.ashbyhq.com/linqapp/8a64cb3d-42fa-47ec-94ec-5a6f7c8831b5/application,https://github.com/SimplifyJobs/Summer2026-Internships,ashby,linqapp,startup-heavy ATS/apply host,Active listing in broad internship index; kept because apply host is startup-heavy.
PittCSC Summer2026,Lunar Energy,Reliability Test Intern - Reliability Testing,"Mountain View, CA",,Hardware,Summer 2026,,Other,2026-05-09,https://job-boards.greenhouse.io/lunarenergy/jobs/5992527004,https://github.com/pittcsc/Summer2026-Internships,greenhouse,lunarenergy,startup-heavy ATS/apply host,Active listing in broad internship index; kept because apply host is startup-heavy.
PittCSC Summer2026,Lunar Energy,Test Engineering Intern,"Mountain View, CA",,Hardware,Summer 2026,,Other,2026-04-28,https://job-boards.greenhouse.io/lunarenergy/jobs/5983884004,https://github.com/pittcsc/Summer2026-Internships,greenhouse,lunarenergy,startup-heavy ATS/apply host,Active listing in broad internship index; kept because apply host is startup-heavy.
SimplifyJobs Summer2026; PittCSC Summer2026,Mach9,Perception Intern - Summer 2026,SF,,AI/ML/Data,Summer 2026,,Other,2025-10-15,https://jobs.ashbyhq.com/mach9/232ea7eb-25ed-4bc7-adeb-aaf75aeb987e/application,https://github.com/SimplifyJobs/Summer2026-Internships; https://github.com/pittcsc/Summer2026-Internships,ashby,mach9,startup-heavy ATS/apply host,Active listing in broad internship index; kept because apply host is startup-heavy.; Active listing in broad internship index; kept because apply host is startup-heavy.
SimplifyJobs Summer2026; PittCSC Summer2026,Machina Labs,Frontend Software Engineer – Intern,"Canoga Park, LA",,Software,Winter 2025,,Other,2025-11-26,https://jobs.lever.co/MachinaLabs/1e24999b-9c52-4805-823b-ab2821611f74/apply,https://github.com/SimplifyJobs/Summer2026-Internships; https://github.com/pittcsc/Summer2026-Internships,lever,MachinaLabs,startup-heavy ATS/apply host,Active listing in broad internship index; kept because apply host is startup-heavy.; Active listing in broad internship index; kept because apply host is startup-heavy.
SimplifyJobs Summer2026; PittCSC Summer2026,Magnet Forensics,Software Developer Co-op,"Halifax Regional Municipality, NS, Canada",,Software,Fall 2026,,Other,2026-05-06,https://jobs.lever.co/magnetforensics/d393ab82-448a-4dc2-87d0-a00981a55785/apply,https://github.com/SimplifyJobs/Summer2026-Internships; https://github.com/pittcsc/Summer2026-Internships,lever,magnetforensics,startup-heavy ATS/apply host,Active listing in broad internship index; kept because apply host is startup-heavy.; Active listing in broad internship index; kept because apply host is startup-heavy.
SimplifyJobs Summer2026; PittCSC Summer2026,Magnet Forensics,Software Developer Co-op,"Canada; Ottawa, ON, Canada; Kitchener, ON, Canada",,Software,Fall 2026,,Other,2026-05-06,https://jobs.lever.co/magnetforensics/b9fdce72-4c58-46bb-b7e2-b4bdc90390e5/apply,https://github.com/SimplifyJobs/Summer2026-Internships; https://github.com/pittcsc/Summer2026-Internships,lever,magnetforensics,startup-heavy ATS/apply host,Active listing in broad internship index; kept because apply host is startup-heavy.; Active listing in broad internship index; kept because apply host is startup-heavy.
SimplifyJobs Summer2026; PittCSC Summer2026,Magnet Forensics,Software Development Engineer in Test Co-op,"Halifax Regional Municipality, NS, Canada",,Software,Fall 2026,,Other,2026-05-06,https://jobs.lever.co/magnetforensics/f125c8e7-052d-430d-b857-ceba1037f809/apply,https://github.com/SimplifyJobs/Summer2026-Internships; https://github.com/pittcsc/Summer2026-Internships,lever,magnetforensics,startup-heavy ATS/apply host,Active listing in broad internship index; kept because apply host is startup-heavy.; Active listing in broad internship index; kept because apply host is startup-heavy.
SimplifyJobs Summer2026; PittCSC Summer2026,Mariana Minerals,Full-Stack Software Engineer Intern,"SF; Ann Arbor, MI",,Software,Summer 2026,,Other,2026-04-14,https://jobs.ashbyhq.com/marianaminerals/a8d2878d-bd25-4eff-9957-3925901bc40d/application,https://github.com/SimplifyJobs/Summer2026-Internships; https://github.com/pittcsc/Summer2026-Internships,ashby,marianaminerals,startup-heavy ATS/apply host,Active listing in broad internship index; kept because apply host is startup-heavy.; Active listing in broad internship index; kept because apply host is startup-heavy.
SimplifyJobs Summer2026; PittCSC Summer2026,Mariana Minerals,Geology Intern,"Moab, UT",,AI/ML/Data,Summer 2026,,Other,2026-04-14,https://jobs.ashbyhq.com/marianaminerals/5a18d6c4-df6e-4151-8d1d-26b30058d5c8/application,https://github.com/SimplifyJobs/Summer2026-Internships; https://github.com/pittcsc/Summer2026-Internships,ashby,marianaminerals,startup-heavy ATS/apply host,Active listing in broad internship index; kept because apply host is startup-heavy.; Active listing in broad internship index; kept because apply host is startup-heavy.
SimplifyJobs Summer2026; PittCSC Summer2026,Mariana Minerals,Machine Learning Engineering Intern,"SF; Ann Arbor, MI",,AI/ML/Data,Summer 2026,,Other,2026-04-14,https://jobs.ashbyhq.com/marianaminerals/7974b67d-92d8-49a5-bef5-079320962aee/application,https://github.com/SimplifyJobs/Summer2026-Internships; https://github.com/pittcsc/Summer2026-Internships,ashby,marianaminerals,startup-heavy ATS/apply host,Active listing in broad internship index; kept because apply host is startup-heavy.; Active listing in broad internship index; kept because apply host is startup-heavy.
PittCSC Summer2026,Match Group,Android Engineer Intern,"Palo Alto, CA; LA",,Software,Winter 2025,,Other,2025-11-21,https://jobs.lever.co/matchgroup/84135a99-e009-4764-8e88-f0dba164d097/apply,https://github.com/pittcsc/Summer2026-Internships,lever,matchgroup,startup-heavy ATS/apply host,Active listing in broad internship index; kept because apply host is startup-heavy.
PittCSC Summer2026,Match Group,Machine Learning Engineer Intern,"Palo Alto, CA",,AI/ML/Data,Summer 2026,,Other,2025-11-21,https://jobs.lever.co/matchgroup/ce55175b-fdd1-40ca-9407-7cc5e1533982/apply,https://github.com/pittcsc/Summer2026-Internships,lever,matchgroup,startup-heavy ATS/apply host,Active listing in broad internship index; kept because apply host is startup-heavy.
PittCSC Summer2026,Maven Securities,Amsterdam Trader Summer Internship 2026,"London, UK",,Quant,Summer 2026,,Other,2025-11-14,https://job-boards.greenhouse.io/emergingtalent/jobs/7267548,https://github.com/pittcsc/Summer2026-Internships,greenhouse,emergingtalent,startup-heavy ATS/apply host,Active listing in broad internship index; kept because apply host is startup-heavy.
SimplifyJobs Summer2026; PittCSC Summer2026,MCG Health,Software Engineering Intern,"Seattle, WA",,Software Engineering,Summer 2026,,Does Not Offer Sponsorship,2025-12-26,https://job-boards.greenhouse.io/mcghealth/jobs/8350486002,https://github.com/SimplifyJobs/Summer2026-Internships; https://github.com/pittcsc/Summer2026-Internships,greenhouse,mcghealth,startup-heavy ATS/apply host,Active listing in broad internship index; kept because apply host is startup-heavy.; Active listing in broad internship index; kept because apply host is startup-heavy.
SimplifyJobs Summer2026,Melotech,AI/ML Engineer Intern,"London, UK; NYC; Berlin, Germany",,AI/ML/Data,Summer 2026,,Other,2026-05-19,https://jobs.ashbyhq.com/melotech/e99207bd-8a2f-4641-a463-08a6633a7073/application,https://github.com/SimplifyJobs/Summer2026-Internships,ashby,melotech,startup-heavy ATS/apply host,Active listing in broad internship index; kept because apply host is startup-heavy.
SimplifyJobs Summer2026,Melotech,Data Science Intern - Music & Audio,"London, UK; SF; LA; NYC; Berlin, Germany",,AI/ML/Data,Summer 2026,,Other,2026-05-19,https://jobs.ashbyhq.com/melotech/f2f3e785-12a0-4d30-be43-e6c5c119a6c2/application,https://github.com/SimplifyJobs/Summer2026-Internships,ashby,melotech,startup-heavy ATS/apply host,Active listing in broad internship index; kept because apply host is startup-heavy.
SimplifyJobs Summer2026,Melotech,Full-Stack Developer Intern - Music & Audio,"London, UK; SF; LA; NYC; Berlin, Germany",,Software,Spring 2026,,Other,2026-05-19,https://jobs.ashbyhq.com/melotech/15af19d9-a318-45a6-8a06-23053ea487a5/application,https://github.com/SimplifyJobs/Summer2026-Internships,ashby,melotech,startup-heavy ATS/apply host,Active listing in broad internship index; kept because apply host is startup-heavy.
SimplifyJobs Summer2026; PittCSC Summer2026,Mercedes-Benz,ADAS Data Analytics Intern,"San Jose, CA",,AI/ML/Data,Summer 2026,,Other,2026-05-14,https://jobs.lever.co/MBRDNA/e801fdb7-7c75-4378-bff6-b3f197489262/apply,https://github.com/SimplifyJobs/Summer2026-Internships; https://github.com/pittcsc/Summer2026-Internships,lever,MBRDNA,startup-heavy ATS/apply host,Active listing in broad internship index; kept because apply host is startup-heavy.; Active listing in broad internship index; kept because apply host is startup-heavy.
SimplifyJobs Summer2026; PittCSC Summer2026,Mercedes-Benz,Software Developer Intern,"San Jose, CA",,Software,Summer 2026,,Other,2026-03-23,https://jobs.lever.co/MBRDNA/bf597528-079f-47a1-965f-def393590f02/apply,https://github.com/SimplifyJobs/Summer2026-Internships; https://github.com/pittcsc/Summer2026-Internships,lever,MBRDNA,startup-heavy ATS/apply host,Active listing in broad internship index; kept because apply host is startup-heavy.; Active listing in broad internship index; kept because apply host is startup-heavy.
SimplifyJobs Summer2026; PittCSC Summer2026,Mercor,Data Science Intern,"San Francisco, CA",,"Data Science, AI & Machine Learning",Summer 2026,,Other,2025-11-28,https://jobs.ashbyhq.com/mercor/11516609-e54b-4087-87c2-e84a8bafbb5a,https://github.com/SimplifyJobs/Summer2026-Internships; https://github.com/pittcsc/Summer2026-Internships,ashby,mercor,startup-heavy ATS/apply host,Active listing in broad internship index; kept because apply host is startup-heavy.; Active listing in broad internship index; kept because apply host is startup-heavy.
SimplifyJobs Summer2026; PittCSC Summer2026,Metalenz,Camera Software Intern,"Boston, MA",,Hardware Engineering,Summer 2026,,Other,2025-10-27,https://jobs.ashbyhq.com/metalenz/67e2d3ed-9adc-4f35-aa81-7995b9388eff,https://github.com/SimplifyJobs/Summer2026-Internships; https://github.com/pittcsc/Summer2026-Internships,ashby,metalenz,startup-heavy ATS/apply host,Active listing in broad internship index; kept because apply host is startup-heavy.; Active listing in broad internship index; kept because apply host is startup-heavy.
SimplifyJobs Summer2026; PittCSC Summer2026,Mistral AI,Applied Scientist / Research Engineer – Internship,"London, UK; Paris, France",,AI/ML/Data,Winter 2025,,Other,2025-11-07,https://jobs.lever.co/mistral/426ef8c0-eb26-4004-a690-f33c62b445a7/apply,https://github.com/SimplifyJobs/Summer2026-Internships; https://github.com/pittcsc/Summer2026-Internships,lever,mistral,startup-heavy ATS/apply host,Active listing in broad internship index; kept because apply host is startup-heavy.; Active listing in broad internship index; kept because apply host is startup-heavy.
SimplifyJobs Summer2026; PittCSC Summer2026,Multiply Labs,Robotics Software Intern,"San Francisco, CA",,Software Engineering,Summer 2026,,Other,2026-02-24,https://jobs.lever.co/multiplylabs/acca98ab-c206-4f71-b7a5-6977e4828586,https://github.com/SimplifyJobs/Summer2026-Internships; https://github.com/pittcsc/Summer2026-Internships,lever,multiplylabs,startup-heavy ATS/apply host,Active listing in broad internship index; kept because apply host is startup-heavy.; Active listing in broad internship index; kept because apply host is startup-heavy.
SimplifyJobs Summer2026; PittCSC Summer2026,Multiply Labs,Software Engineering Intern,"San Francisco, CA",,Software Engineering,Summer 2026,,Other,2026-02-24,https://jobs.lever.co/multiplylabs/8203fbb3-4d42-4f6a-ae64-f05c3dcf0e9b,https://github.com/SimplifyJobs/Summer2026-Internships; https://github.com/pittcsc/Summer2026-Internships,lever,multiplylabs,startup-heavy ATS/apply host,Active listing in broad internship index; kept because apply host is startup-heavy.; Active listing in broad internship index; kept because apply host is startup-heavy.
SimplifyJobs Summer2026,Nash,Full Stack Engineer Intern,SF,,Software,Summer 2026,,Other,2026-05-18,https://jobs.ashbyhq.com/Nash/5d2387ea-c478-433b-b3db-30115d1984c5/application,https://github.com/SimplifyJobs/Summer2026-Internships,ashby,Nash,startup-heavy ATS/apply host,Active listing in broad internship index; kept because apply host is startup-heavy.
SimplifyJobs Summer2026; PittCSC Summer2026,NewsBreak,Product Engineering Intern - Product Engineering,"Mountain View, CA",,Software,Summer 2026,,Other,2026-05-02,https://job-boards.greenhouse.io/newsbreak/jobs/4678159006,https://github.com/SimplifyJobs/Summer2026-Internships; https://github.com/pittcsc/Summer2026-Internships,greenhouse,newsbreak,startup-heavy ATS/apply host,Active listing in broad internship index; kept because apply host is startup-heavy.; Active listing in broad internship index; kept because apply host is startup-heavy.
SimplifyJobs Summer2026; PittCSC Summer2026,Notion,Software Engineer Intern,SF,,Software,Fall 2026,,Other,2026-04-07,https://jobs.ashbyhq.com/notion/5b15697c-fa91-4511-9482-c98a6ff29f90/application,https://github.com/SimplifyJobs/Summer2026-Internships; https://github.com/pittcsc/Summer2026-Internships,ashby,notion,startup-heavy ATS/apply host,Active listing in broad internship index; kept because apply host is startup-heavy.; Active listing in broad internship index; kept because apply host is startup-heavy.
SimplifyJobs Summer2026,Nuclear Promise X,AI Developer Co-op,Canada,,Software,Summer 2026,,Other,2026-05-19,https://jobs.ashbyhq.com/NPX/4a250618-dcfb-4ec9-8687-b2be9e2d6ef2/application,https://github.com/SimplifyJobs/Summer2026-Internships,ashby,NPX,startup-heavy ATS/apply host,Active listing in broad internship index; kept because apply host is startup-heavy.
SimplifyJobs Summer2026,Nuclear Promise X,Software Developer Intern - Digital Transformation,Canada,,Software,Fall 2026,,Other,2026-05-19,https://jobs.ashbyhq.com/NPX/048ca8da-bfb9-4454-8147-ac9497629634/application,https://github.com/SimplifyJobs/Summer2026-Internships,ashby,NPX,startup-heavy ATS/apply host,Active listing in broad internship index; kept because apply host is startup-heavy.
SimplifyJobs Summer2026; PittCSC Summer2026,OraSure Technologies,Enterprise Applications Intern,"Bethlehem, PA",,AI/ML/Data,Summer 2026,,Other,2026-05-11,https://jobs.lever.co/dnagenotek/9ef3844a-5474-4990-a41e-ad1ccd654368/apply,https://github.com/SimplifyJobs/Summer2026-Internships; https://github.com/pittcsc/Summer2026-Internships,lever,dnagenotek,startup-heavy ATS/apply host,Active listing in broad internship index; kept because apply host is startup-heavy.; Active listing in broad internship index; kept because apply host is startup-heavy.
PittCSC Summer2026,Osmo,Sensor Hardware Development Intern,"Linden, NJ",,Hardware,Summer 2026,,Other,2026-03-19,https://jobs.ashbyhq.com/osmo/1c13cc0a-88ba-4795-9fba-1fd5eb95eea5/application,https://github.com/pittcsc/Summer2026-Internships,ashby,osmo,startup-heavy ATS/apply host,Active listing in broad internship index; kept because apply host is startup-heavy.
PittCSC Summer2026,OTR Solutions,Product Analyst Intern,"Roswell, GA",,AI/ML/Data,Summer 2026,,Other,2026-05-15,https://job-boards.greenhouse.io/otrcapital1/jobs/8551718002,https://github.com/pittcsc/Summer2026-Internships,greenhouse,otrcapital1,startup-heavy ATS/apply host,Active listing in broad internship index; kept because apply host is startup-heavy.
SimplifyJobs Summer2026; PittCSC Summer2026,Palantir,Deployment Strategist – Intern - US Government,"Honolulu, HI",,AI/ML/Data,Spring 2026,,Other,2025-12-12,https://jobs.lever.co/palantir/a49d4181-a289-435a-b581-7f5af0497c8e/apply,https://github.com/SimplifyJobs/Summer2026-Internships; https://github.com/pittcsc/Summer2026-Internships,lever,palantir,startup-heavy ATS/apply host,Active listing in broad internship index; kept because apply host is startup-heavy.; Active listing in broad internship index; kept because apply host is startup-heavy.
SimplifyJobs Summer2026; PittCSC Summer2026,Palantir,Forward Deployed Software Engineer Intern,NYC,,Software,Fall 2026,,Other,2026-02-19,https://jobs.lever.co/palantir/d582cd84-14fd-4aa3-b413-15982d286bd9/apply,https://github.com/SimplifyJobs/Summer2026-Internships; https://github.com/pittcsc/Summer2026-Internships,lever,palantir,startup-heavy ATS/apply host,Active listing in broad internship index; kept because apply host is startup-heavy.; Active listing in broad internship index; kept because apply host is startup-heavy.
SimplifyJobs Summer2026; PittCSC Summer2026,Palantir,Forward Deployed Software Engineer Intern,NYC,,Software,Fall 2026,,Other,2026-03-10,https://jobs.lever.co/palantir/ac0dc094-2480-43c2-8495-26ade227ff4f/apply,https://github.com/SimplifyJobs/Summer2026-Internships; https://github.com/pittcsc/Summer2026-Internships,lever,palantir,startup-heavy ATS/apply host,Active listing in broad internship index; kept because apply host is startup-heavy.; Active listing in broad internship index; kept because apply host is startup-heavy.
SimplifyJobs Summer2026; PittCSC Summer2026,Palantir,Forward Deployed Software Engineer – Internship - US Government,"Honolulu, HI",,Software,Winter 2027; Spring 2027; Summer 2027; Fall 2027,,Other,2025-12-12,https://jobs.lever.co/palantir/315f695d-04d1-4a9a-848e-cb2bec7a997e/apply,https://github.com/SimplifyJobs/Summer2026-Internships; https://github.com/pittcsc/Summer2026-Internships,lever,palantir,startup-heavy ATS/apply host,Active listing in broad internship index; kept because apply host is startup-heavy.; Active listing in broad internship index; kept because apply host is startup-heavy.
SimplifyJobs Summer2026; PittCSC Summer2026,Palantir,Year at Palantir Intern - Forward Deployed Software Engineer,"Washington, DC",,Software,Summer 2026,,Other,2026-05-14,https://jobs.lever.co/palantir/5c4c65c5-77da-4d36-856c-4ade87631019/apply,https://github.com/SimplifyJobs/Summer2026-Internships; https://github.com/pittcsc/Summer2026-Internships,lever,palantir,startup-heavy ATS/apply host,Active listing in broad internship index; kept because apply host is startup-heavy.; Active listing in broad internship index; kept because apply host is startup-heavy.
SimplifyJobs Summer2026; PittCSC Summer2026,Palantir,Year at Palantir Intern - Forward Deployed Software Engineer,NYC,,Software,Summer 2026,,Other,2026-05-14,https://jobs.lever.co/palantir/5c7bb70c-83ea-43e7-8055-0c8f319f4333/apply,https://github.com/SimplifyJobs/Summer2026-Internships; https://github.com/pittcsc/Summer2026-Internships,lever,palantir,startup-heavy ATS/apply host,Active listing in broad internship index; kept because apply host is startup-heavy.; Active listing in broad internship index; kept because apply host is startup-heavy.
SimplifyJobs Summer2026; PittCSC Summer2026,Palantir,Year at Palantir Intern - Forward Deployed Software Engineer - Commercial,NYC,,Software,Summer 2026,,Other,2026-05-14,https://jobs.lever.co/palantir/e6789b17-62fb-4226-a079-f8c17ff19e2d/apply,https://github.com/SimplifyJobs/Summer2026-Internships; https://github.com/pittcsc/Summer2026-Internships,lever,palantir,startup-heavy ATS/apply host,Active listing in broad internship index; kept because apply host is startup-heavy.; Active listing in broad internship index; kept because apply host is startup-heavy.
SimplifyJobs Summer2026,Parspec,Applied AI Engineer Intern,"San Mateo, CA",,AI/ML/Data,Summer 2026,,Other,2026-02-16,https://jobs.ashbyhq.com/parspec/0a897c21-0df7-40ba-85f2-694bf6678504/application,https://github.com/SimplifyJobs/Summer2026-Internships,ashby,parspec,startup-heavy ATS/apply host,Active listing in broad internship index; kept because apply host is startup-heavy.
SimplifyJobs Summer2026; PittCSC Summer2026,Per Scholas,Instructional Assistant Intern - Data Engineer,"Orlando, FL",,AI/ML/Data,N/A,,Other,2026-04-20,https://job-boards.greenhouse.io/perscholashires/jobs/4652731006,https://github.com/SimplifyJobs/Summer2026-Internships; https://github.com/pittcsc/Summer2026-Internships,greenhouse,perscholashires,startup-heavy ATS/apply host,Active listing in broad internship index; kept because apply host is startup-heavy.; Active listing in broad internship index; kept because apply host is startup-heavy.
SimplifyJobs Summer2026; PittCSC Summer2026,Perplexity AI,Intern - Search Machine Learning Engineer,"London, UK",,AI/ML/Data,Summer 2026,,Other,2026-04-08,https://jobs.ashbyhq.com/Perplexity/71168628-1998-47d3-87a9-be7bc56a430d/application,https://github.com/SimplifyJobs/Summer2026-Internships; https://github.com/pittcsc/Summer2026-Internships,ashby,Perplexity,startup-heavy ATS/apply host,Active listing in broad internship index; kept because apply host is startup-heavy.; Active listing in broad internship index; kept because apply host is startup-heavy.
SimplifyJobs Summer2026; PittCSC Summer2026,Perplexity AI,Intern Program,"London, UK",,AI/ML/Data,Summer 2025,,Other,2025-11-17,https://jobs.ashbyhq.com/Perplexity/79a07e2d-6150-4929-80fe-bbe13a641763/application,https://github.com/SimplifyJobs/Summer2026-Internships; https://github.com/pittcsc/Summer2026-Internships,ashby,Perplexity,startup-heavy ATS/apply host,Active listing in broad internship index; kept because apply host is startup-heavy.; Active listing in broad internship index; kept because apply host is startup-heavy.
SimplifyJobs Summer2026; PittCSC Summer2026,Phil,AI Engineer Intern,Remote in USA,,Software,Summer 2026,,Other,2026-05-15,https://jobs.ashbyhq.com/phil/4626509e-297e-4a03-b5b1-7d72cbbc5b82/application,https://github.com/SimplifyJobs/Summer2026-Internships; https://github.com/pittcsc/Summer2026-Internships,ashby,phil,startup-heavy ATS/apply host,Active listing in broad internship index; kept because apply host is startup-heavy.; Active listing in broad internship index; kept because apply host is startup-heavy.
SimplifyJobs Summer2026; PittCSC Summer2026,Physical Intelligence,Hardware Systems Intern,SF,,Hardware,Summer 2026,,Other,2026-02-16,https://jobs.ashbyhq.com/physicalintelligence/96bc1142-f406-4df3-aaa0-4bcce85f457f/application,https://github.com/SimplifyJobs/Summer2026-Internships; https://github.com/pittcsc/Summer2026-Internships,ashby,physicalintelligence,startup-heavy ATS/apply host,Active listing in broad internship index; kept because apply host is startup-heavy.; Active listing in broad internship index; kept because apply host is startup-heavy.
SimplifyJobs Summer2026; PittCSC Summer2026,Physical Intelligence,Mechatronics Intern,SF,,Hardware,Summer 2026,,Other,2026-02-16,https://jobs.ashbyhq.com/physicalintelligence/0bcf909e-b38b-4276-91a1-e55c4c56a33a/application,https://github.com/SimplifyJobs/Summer2026-Internships; https://github.com/pittcsc/Summer2026-Internships,ashby,physicalintelligence,startup-heavy ATS/apply host,Active listing in broad internship index; kept because apply host is startup-heavy.; Active listing in broad internship index; kept because apply host is startup-heavy.
SimplifyJobs Summer2026,PlusAI,Machine Learning Engineer Intern,"Santa Clara, CA",,AI/ML/Data,Summer 2026,,Other,2026-05-19,https://jobs.lever.co/plus-2/b69c9b6d-483f-41d4-b487-97c99332ca40/apply,https://github.com/SimplifyJobs/Summer2026-Internships,lever,plus-2,startup-heavy ATS/apply host,Active listing in broad internship index; kept because apply host is startup-heavy.
SimplifyJobs Summer2026,PlusAI,Machine Learning Engineer Intern,"Santa Clara, CA",,AI/ML/Data,Summer 2026,,Other,2026-05-22,https://jobs.lever.co/plus-2/5d71c173-fef1-409f-b3f0-750e3b828266/apply,https://github.com/SimplifyJobs/Summer2026-Internships,lever,plus-2,startup-heavy ATS/apply host,Active listing in broad internship index; kept because apply host is startup-heavy.
SimplifyJobs Summer2026,PlusAI,Machine Learning Engineer Intern - Planning,"Santa Clara, CA",,AI/ML/Data,Summer 2026,,Other,2026-05-22,https://jobs.lever.co/plus-2/91a07eb1-2244-48bf-a65b-dc166a327ddc/apply,https://github.com/SimplifyJobs/Summer2026-Internships,lever,plus-2,startup-heavy ATS/apply host,Active listing in broad internship index; kept because apply host is startup-heavy.
SimplifyJobs Summer2026,PlusAI,Machine Learning Engineer Intern - Scenario Generation,"Santa Clara, CA",,AI/ML/Data,Summer 2026,,Other,2026-05-22,https://jobs.lever.co/plus-2/1432ed29-d5e2-4348-acc4-9c42bf0897e2/apply,https://github.com/SimplifyJobs/Summer2026-Internships,lever,plus-2,startup-heavy ATS/apply host,Active listing in broad internship index; kept because apply host is startup-heavy.
SimplifyJobs Summer2026,PlusAI,Machine Learning Infrastructure Engineer Intern,"Santa Clara, CA",,AI/ML/Data,Summer 2026,,Other,2026-05-19,https://jobs.lever.co/plus-2/30dd9b9b-48c8-4777-97f6-8edb30db12e4/apply,https://github.com/SimplifyJobs/Summer2026-Internships,lever,plus-2,startup-heavy ATS/apply host,Active listing in broad internship index; kept because apply host is startup-heavy.
SimplifyJobs Summer2026,PlusAI,Research Engineer Intern - Control,"Santa Clara, CA",,AI/ML/Data,Summer 2026,,Other,2026-05-22,https://jobs.lever.co/plus-2/ac7f8f73-88d0-48d5-8d4f-71ed4cfa6ecc/apply,https://github.com/SimplifyJobs/Summer2026-Internships,lever,plus-2,startup-heavy ATS/apply host,Active listing in broad internship index; kept because apply host is startup-heavy.
SimplifyJobs Summer2026,PlusAI,Scenario Simulation Intern,"Santa Clara, CA",,AI/ML/Data,Summer 2026,,Other,2026-05-22,https://jobs.lever.co/plus-2/b4f750e7-0148-41f0-b2b1-ff054450a320/apply,https://github.com/SimplifyJobs/Summer2026-Internships,lever,plus-2,startup-heavy ATS/apply host,Active listing in broad internship index; kept because apply host is startup-heavy.
SimplifyJobs Summer2026,PlusAI,Simulation Engineer Intern,"Santa Clara, CA",,Software,Summer 2026,,Other,2026-05-19,https://jobs.lever.co/plus-2/a58986e8-c9a0-4ca3-a8f1-6abec1e88464/apply,https://github.com/SimplifyJobs/Summer2026-Internships,lever,plus-2,startup-heavy ATS/apply host,Active listing in broad internship index; kept because apply host is startup-heavy.
SimplifyJobs Summer2026,PlusAI,Software Engineer Intern - Data,"Santa Clara, CA",,Software,Summer 2026,,Other,2026-05-19,https://jobs.lever.co/plus-2/012a2134-8a6a-4982-8f25-f906178a24e4/apply,https://github.com/SimplifyJobs/Summer2026-Internships,lever,plus-2,startup-heavy ATS/apply host,Active listing in broad internship index; kept because apply host is startup-heavy.
SimplifyJobs Summer2026,PlusAI,Software Engineer Intern - Data Infrastructure and Tools,"Santa Clara, CA",,Software,Summer 2026,,Other,2026-05-19,https://jobs.lever.co/plus-2/06b808df-85a1-4ddd-863c-3e1cbe61eda9/apply,https://github.com/SimplifyJobs/Summer2026-Internships,lever,plus-2,startup-heavy ATS/apply host,Active listing in broad internship index; kept because apply host is startup-heavy.
SimplifyJobs Summer2026,PlusAI,Software Engineer Intern - Robotics,"Santa Clara, CA",,Hardware,Summer 2026,,Other,2026-05-22,https://jobs.lever.co/plus-2/7a1afea9-b468-4b7c-a508-185e8e4032db/apply,https://github.com/SimplifyJobs/Summer2026-Internships,lever,plus-2,startup-heavy ATS/apply host,Active listing in broad internship index; kept because apply host is startup-heavy.
SimplifyJobs Summer2026,PlusAI,Software Engineer Intern-Runtime - Robotics,"Santa Clara, CA",,Hardware,Summer 2026,,Other,2026-05-22,https://jobs.lever.co/plus-2/a3bcdba6-b0d0-46ba-9af3-a387926a6fb4/apply,https://github.com/SimplifyJobs/Summer2026-Internships,lever,plus-2,startup-heavy ATS/apply host,Active listing in broad internship index; kept because apply host is startup-heavy.
SimplifyJobs Summer2026; PittCSC Summer2026,Point72,Point72 Academy Investment Analyst Program for Experienced Professionals Intern,NYC,,Quant,N/A,,Other,2026-05-08,https://boards.greenhouse.io/point72/jobs/8539271002,https://github.com/SimplifyJobs/Summer2026-Internships; https://github.com/pittcsc/Summer2026-Internships,greenhouse,point72,startup-heavy ATS/apply host,Active listing in broad internship index; kept because apply host is startup-heavy.; Active listing in broad internship index; kept because apply host is startup-heavy.
SimplifyJobs Summer2026; PittCSC Summer2026,Point72,Point72 Academy Investment Analyst Program for Upcoming Graduates Intern,"SF; Florida; Chicago, IL; NYC",,Quant,N/A,,Other,2026-05-08,https://boards.greenhouse.io/point72/jobs/8541241002,https://github.com/SimplifyJobs/Summer2026-Internships; https://github.com/pittcsc/Summer2026-Internships,greenhouse,point72,startup-heavy ATS/apply host,Active listing in broad internship index; kept because apply host is startup-heavy.; Active listing in broad internship index; kept because apply host is startup-heavy.
SimplifyJobs Summer2026; PittCSC Summer2026,Prior Labs,Research Scientist Intern - PhD,"Freiburg im Breisgau, Germany; NYC; Berlin, Germany",,AI/ML/Data,Summer 2026,,Other,2026-02-05,https://jobs.ashbyhq.com/prior-labs/09410424-8e94-4747-8155-bbcd0b1d4f6e/application,https://github.com/SimplifyJobs/Summer2026-Internships; https://github.com/pittcsc/Summer2026-Internships,ashby,prior-labs,startup-heavy ATS/apply host,Active listing in broad internship index; kept because apply host is startup-heavy.; Active listing in broad internship index; kept because apply host is startup-heavy.
SimplifyJobs Summer2026,Quadric,AI Inference Engineer Intern - Model Pruning,"Burlingame, CA",,AI/ML/Data,Summer 2026,,Other,2026-05-22,https://apply.workable.com/quadric-dot-i-o-inc/j/870833317E/apply,https://github.com/SimplifyJobs/Summer2026-Internships,apply.workable.com,,startup-heavy ATS/apply host,Active listing in broad internship index; kept because apply host is startup-heavy.
SimplifyJobs Summer2026,Quadric,AI Kernel Engineer Intern - Kernel Optimization,"Burlingame, CA",,Hardware,Summer 2026,,Other,2026-05-22,https://apply.workable.com/quadric-dot-i-o-inc/j/6BEF4752B5/apply,https://github.com/SimplifyJobs/Summer2026-Internships,apply.workable.com,,startup-heavy ATS/apply host,Active listing in broad internship index; kept because apply host is startup-heavy.
SimplifyJobs Summer2026; PittCSC Summer2026,Quadric,Data Science Intern - Model Optimization,"Burlingame, CA",,AI/ML/Data,Summer 2026,,Other,2026-05-13,https://apply.workable.com/quadric-dot-i-o-inc/j/52EA39411C/apply,https://github.com/SimplifyJobs/Summer2026-Internships; https://github.com/pittcsc/Summer2026-Internships,apply.workable.com,,startup-heavy ATS/apply host,Active listing in broad internship index; kept because apply host is startup-heavy.; Active listing in broad internship index; kept because apply host is startup-heavy.
SimplifyJobs Summer2026,Quadric,Design Verification Intern,"Burlingame, CA",,Hardware,Summer 2026,,Other,2026-05-19,https://apply.workable.com/quadric-dot-i-o-inc/j/AAE0675990/apply,https://github.com/SimplifyJobs/Summer2026-Internships,apply.workable.com,,startup-heavy ATS/apply host,Active listing in broad internship index; kept because apply host is startup-heavy.
SimplifyJobs Summer2026; PittCSC Summer2026,Quadric,Software Engineer Intern - Compiler,"Burlingame, CA",,Software,Summer 2026,,Other,2026-04-28,https://apply.workable.com/quadric-dot-i-o-inc/j/4F8EDFF366/apply,https://github.com/SimplifyJobs/Summer2026-Internships; https://github.com/pittcsc/Summer2026-Internships,apply.workable.com,,startup-heavy ATS/apply host,Active listing in broad internship index; kept because apply host is startup-heavy.; Active listing in broad internship index; kept because apply host is startup-heavy.
PittCSC Summer2026,QuantCo,Software Engineering Intern,USA,,Software Engineering,Summer 2026; Fall 2026; Spring 2026; Winter 2026,,Offers Sponsorship,2025-09-22,https://jobs.lever.co/quantco-/945bd3c0-117a-4b0e-b60a-6759add05fc9,https://github.com/pittcsc/Summer2026-Internships,lever,quantco-,startup-heavy ATS/apply host,Active listing in broad internship index; kept because apply host is startup-heavy.
SimplifyJobs Summer2026; PittCSC Summer2026,Ramp,Software Engineer Intern - Android,SF; NYC,,Software,Summer 2026,,Other,2026-03-13,https://jobs.ashbyhq.com/ramp/67fadb77-43d8-4449-954b-d4cf2c6d3b8b/application,https://github.com/SimplifyJobs/Summer2026-Internships; https://github.com/pittcsc/Summer2026-Internships,ashby,ramp,startup-heavy ATS/apply host,Active listing in broad internship index; kept because apply host is startup-heavy.; Active listing in broad internship index; kept because apply host is startup-heavy.
SimplifyJobs Summer2026; PittCSC Summer2026,Reacher,Software Engineering Intern,"San Francisco, CA",,Software Engineering,Fall 2025; Fall 2026,,Does Not Offer Sponsorship,2025-11-19,https://jobs.ashbyhq.com/reacher/99eb7e94-ebde-41c6-acae-efef58d3babe,https://github.com/SimplifyJobs/Summer2026-Internships; https://github.com/pittcsc/Summer2026-Internships,ashby,reacher,startup-heavy ATS/apply host,Active listing in broad internship index; kept because apply host is startup-heavy.; Active listing in broad internship index; kept because apply host is startup-heavy.
SimplifyJobs Summer2026; PittCSC Summer2026,Reflect Orbital,Embedded Firmware Engineering Intern,"West Athens, CA",,Hardware,Winter 2025,,Other,2025-11-05,https://jobs.ashbyhq.com/reflect-orbital/d5ade048-5555-4a77-b002-d117254b6e6b/application,https://github.com/SimplifyJobs/Summer2026-Internships; https://github.com/pittcsc/Summer2026-Internships,ashby,reflect-orbital,startup-heavy ATS/apply host,Active listing in broad internship index; kept because apply host is startup-heavy.; Active listing in broad internship index; kept because apply host is startup-heavy.
SimplifyJobs Summer2026; PittCSC Summer2026,REGENT,Embedded Software Engineering Intern,"North Kingstown, RI",,Hardware Engineering,Summer 2026,,Other,2025-11-14,https://jobs.ashbyhq.com/regent/ef64cbcf-5184-43a1-a048-842f89f6cd0b,https://github.com/SimplifyJobs/Summer2026-Internships; https://github.com/pittcsc/Summer2026-Internships,ashby,regent,startup-heavy ATS/apply host,Active listing in broad internship index; kept because apply host is startup-heavy.; Active listing in broad internship index; kept because apply host is startup-heavy.
SimplifyJobs Summer2026; PittCSC Summer2026,Replit,Software Engineering Intern - Multiple Teams,"San Mateo, CA",,Software,Summer 2026,,Other,2025-10-03,https://jobs.ashbyhq.com/replit/12737078-74c7-4e63-98a7-5e8da1e9deb1/application,https://github.com/SimplifyJobs/Summer2026-Internships; https://github.com/pittcsc/Summer2026-Internships,ashby,replit,startup-heavy ATS/apply host,Active listing in broad internship index; kept because apply host is startup-heavy.; Active listing in broad internship index; kept because apply host is startup-heavy.
SimplifyJobs Summer2026,Reply,Android Developer Intern,"Detroit, MI",,Software,Summer 2026,,Other,2026-05-21,https://jobs.lever.co/reply/0fb458db-7cb9-4bfd-b9b6-c1c681316061/apply,https://github.com/SimplifyJobs/Summer2026-Internships,lever,reply,startup-heavy ATS/apply host,Active listing in broad internship index; kept because apply host is startup-heavy.
SimplifyJobs Summer2026,Reply,IOS Developer Intern,Michigan,,Software,Summer 2026,,Other,2026-05-21,https://jobs.lever.co/reply/191d1794-e52a-4573-a2d0-2952b76f9cd5/apply,https://github.com/SimplifyJobs/Summer2026-Internships,lever,reply,startup-heavy ATS/apply host,Active listing in broad internship index; kept because apply host is startup-heavy.
SimplifyJobs Summer2026; PittCSC Summer2026,RoboForce,AI Resident Intern,"Milpitas, CA",,AI/ML/Data,N/A,,Other,2026-04-22,https://job-boards.greenhouse.io/roboforce/jobs/5196164008,https://github.com/SimplifyJobs/Summer2026-Internships; https://github.com/pittcsc/Summer2026-Internships,greenhouse,roboforce,startup-heavy ATS/apply host,Active listing in broad internship index; kept because apply host is startup-heavy.; Active listing in broad internship index; kept because apply host is startup-heavy.
PittCSC Summer2026,Robust.ai,Data Nerd Intern,"San Carlos, CA",,AI/ML/Data,Summer 2026,,Other,2026-04-29,https://jobs.lever.co/robust-ai/2e9a9b5b-2f2a-453c-a6ca-d2569186d451/apply,https://github.com/pittcsc/Summer2026-Internships,lever,robust-ai,startup-heavy ATS/apply host,Active listing in broad internship index; kept because apply host is startup-heavy.
PittCSC Summer2026,Rocket Lawyer,AI/ML Intern,California; SF; Arizona; Colorado; Utah; North Carolina,,Software,Summer 2026,,Other,2026-04-10,https://job-boards.greenhouse.io/rocketlawyer/jobs/5185465008,https://github.com/pittcsc/Summer2026-Internships,greenhouse,rocketlawyer,startup-heavy ATS/apply host,Active listing in broad internship index; kept because apply host is startup-heavy.
SimplifyJobs Summer2026; PittCSC Summer2026,Root Access,Firmware / Embedded Engineer – Intern,NYC,,Hardware,Summer 2026,,Other,2026-02-11,https://jobs.ashbyhq.com/root-access/ca7bc32d-5f10-49db-b569-2a7c94da484e/application,https://github.com/SimplifyJobs/Summer2026-Internships; https://github.com/pittcsc/Summer2026-Internships,ashby,root-access,startup-heavy ATS/apply host,Active listing in broad internship index; kept because apply host is startup-heavy.; Active listing in broad internship index; kept because apply host is startup-heavy.
SimplifyJobs Summer2026; PittCSC Summer2026,Rundoo,Data Science Intern,"Chicago, IL",,AI/ML/Data,Summer 2026,,Other,2026-02-12,https://jobs.ashbyhq.com/rundoo/e3cc536d-d45d-4579-a301-59f7dc5e980c/application,https://github.com/SimplifyJobs/Summer2026-Internships; https://github.com/pittcsc/Summer2026-Internships,ashby,rundoo,startup-heavy ATS/apply host,Active listing in broad internship index; kept because apply host is startup-heavy.; Active listing in broad internship index; kept because apply host is startup-heavy.
SimplifyJobs Summer2026; PittCSC Summer2026,Scientech Research,Quantitative Developer Intern,"Jackson Township, NJ",,Hardware,Winter 2025,,Other,2025-10-31,https://jobs.ashbyhq.com/scientech-research/47be106e-4a2a-4814-bca8-4a7b97816d7c/application,https://github.com/SimplifyJobs/Summer2026-Internships; https://github.com/pittcsc/Summer2026-Internships,ashby,scientech-research,startup-heavy ATS/apply host,Active listing in broad internship index; kept because apply host is startup-heavy.; Active listing in broad internship index; kept because apply host is startup-heavy.
SimplifyJobs Summer2026; PittCSC Summer2026,SF Giants,Baseball Operations R&D Intern,SF,,AI/ML/Data,Summer 2026,,Other,2026-04-28,https://jobs.lever.co/sfgiants/f9ce0718-8e31-426b-bcdf-e5c0f9b7c67d/apply,https://github.com/SimplifyJobs/Summer2026-Internships; https://github.com/pittcsc/Summer2026-Internships,lever,sfgiants,startup-heavy ATS/apply host,Active listing in broad internship index; kept because apply host is startup-heavy.; Active listing in broad internship index; kept because apply host is startup-heavy.
PittCSC Summer2026,Shield AI,Embedded Software Engineer Intern,"Boston, MA",,Hardware,Summer 2026,,Other,2026-03-30,https://jobs.lever.co/shieldai/6b9de151-1090-47c0-a245-85b601295966/apply,https://github.com/pittcsc/Summer2026-Internships,lever,shieldai,startup-heavy ATS/apply host,Active listing in broad internship index; kept because apply host is startup-heavy.
SimplifyJobs Summer2026; PittCSC Summer2026,Shield AI,Hardware Test Engineering Fall Co-op,"Dallas, TX",,Hardware Engineering,Summer 2026; Fall 2026,,Offers Sponsorship,2025-10-23,https://jobs.lever.co/shieldai/b3e9f8bb-42dc-4daa-80ae-c5cefd9855c7,https://github.com/SimplifyJobs/Summer2026-Internships; https://github.com/pittcsc/Summer2026-Internships,lever,shieldai,startup-heavy ATS/apply host,Active listing in broad internship index; kept because apply host is startup-heavy.; Active listing in broad internship index; kept because apply host is startup-heavy.
SimplifyJobs Summer2026; PittCSC Summer2026,Shield AI,Hardware Test Engineering Fall Co-op (Software),"Dallas, TX",,Hardware Engineering,Fall 2026,,Other,2025-10-21,https://jobs.lever.co/shieldai/1c1a805c-7e26-4442-9698-a55a57bcd4e0/,https://github.com/SimplifyJobs/Summer2026-Internships; https://github.com/pittcsc/Summer2026-Internships,lever,shieldai,startup-heavy ATS/apply host,Active listing in broad internship index; kept because apply host is startup-heavy.; Active listing in broad internship index; kept because apply host is startup-heavy.
SimplifyJobs Summer2026; PittCSC Summer2026,Sierra,Intern – Agent Development,SF,,Software,Fall 2026,,Other,2026-03-19,https://jobs.ashbyhq.com/Sierra/c74d600c-235c-4d42-8546-b178b7adefc2/application,https://github.com/SimplifyJobs/Summer2026-Internships; https://github.com/pittcsc/Summer2026-Internships,ashby,Sierra,startup-heavy ATS/apply host,Active listing in broad internship index; kept because apply host is startup-heavy.; Active listing in broad internship index; kept because apply host is startup-heavy.
PittCSC Summer2026,Sieve,Applied Research Engineering Intern,SF,,Software,Summer 2026,,Other,2026-04-28,https://jobs.ashbyhq.com/sieve/2298668b-f218-435a-a497-de4fc11c5ac6/application,https://github.com/pittcsc/Summer2026-Internships,ashby,sieve,startup-heavy ATS/apply host,Active listing in broad internship index; kept because apply host is startup-heavy.
PittCSC Summer2026,Sieve,Software Engineering Intern,SF,,Software,Summer 2026,,Other,2026-04-28,https://jobs.ashbyhq.com/sieve/b319e35e-2455-4c63-ae3d-721bc7dbffc9/application,https://github.com/pittcsc/Summer2026-Internships,ashby,sieve,startup-heavy ATS/apply host,Active listing in broad internship index; kept because apply host is startup-heavy.
PittCSC Summer2026,Sift,Software Engineering Intern,"El Segundo, CA",,Software Engineering,Summer 2026; Winter 2026; Spring 2026; Fall 2026,,U.S. Citizenship is Required,2025-09-22,https://jobs.ashbyhq.com/siftstack/866b0c5b-3e73-4480-aa34-4c44a42d26b6,https://github.com/pittcsc/Summer2026-Internships,ashby,siftstack,startup-heavy ATS/apply host,Active listing in broad internship index; kept because apply host is startup-heavy.
SimplifyJobs Summer2026; PittCSC Summer2026,Simular,PhD Research Intern,"Palo Alto, CA",,AI/ML/Data,Spring 2026,,Other,2025-12-03,https://jobs.ashbyhq.com/Simular/94cbb2c9-392a-4cea-a9bf-cb6c80be3009/application,https://github.com/SimplifyJobs/Summer2026-Internships; https://github.com/pittcsc/Summer2026-Internships,ashby,Simular,startup-heavy ATS/apply host,Active listing in broad internship index; kept because apply host is startup-heavy.; Active listing in broad internship index; kept because apply host is startup-heavy.
SimplifyJobs Summer2026; PittCSC Summer2026,Simular,Software Engineer Intern,"Palo Alto, CA",,Software,Spring 2026,,Other,2025-12-03,https://jobs.ashbyhq.com/Simular/063f177b-c3f2-44d2-8eeb-622a977e7d5a/application,https://github.com/SimplifyJobs/Summer2026-Internships; https://github.com/pittcsc/Summer2026-Internships,ashby,Simular,startup-heavy ATS/apply host,Active listing in broad internship index; kept because apply host is startup-heavy.; Active listing in broad internship index; kept because apply host is startup-heavy.
SimplifyJobs Summer2026; PittCSC Summer2026,Skydio,Autonomy Engineer Intern - Computer Vision/Deep Learning Summer 2026,"San Mateo, CA",,AI/ML/Data,Summer 2026,,Other,2026-03-04,https://jobs.ashbyhq.com/skydio/c84945f0-b8e0-4272-b636-265d6611a8eb/application,https://github.com/SimplifyJobs/Summer2026-Internships; https://github.com/pittcsc/Summer2026-Internships,ashby,skydio,startup-heavy ATS/apply host,Active listing in broad internship index; kept because apply host is startup-heavy.; Active listing in broad internship index; kept because apply host is startup-heavy.
SimplifyJobs Summer2026; PittCSC Summer2026,Skydio,Autonomy Engineer Intern - Deep Learning - Computational Photography,"San Mateo, CA",,AI/ML/Data,Summer 2026,,Other,2026-04-21,https://jobs.ashbyhq.com/skydio/d13e3179-e646-4873-84a6-d492a692bc25/application,https://github.com/SimplifyJobs/Summer2026-Internships; https://github.com/pittcsc/Summer2026-Internships,ashby,skydio,startup-heavy ATS/apply host,Active listing in broad internship index; kept because apply host is startup-heavy.; Active listing in broad internship index; kept because apply host is startup-heavy.
SimplifyJobs Summer2026; PittCSC Summer2026,Skydio,Autonomy Engineer Intern Summer 2026,"San Mateo, CA",,Software,Summer 2026,,Other,2026-03-04,https://jobs.ashbyhq.com/skydio/17f6173b-c96f-4b02-a6b5-da0a91ad95e5/application,https://github.com/SimplifyJobs/Summer2026-Internships; https://github.com/pittcsc/Summer2026-Internships,ashby,skydio,startup-heavy ATS/apply host,Active listing in broad internship index; kept because apply host is startup-heavy.; Active listing in broad internship index; kept because apply host is startup-heavy.
SimplifyJobs Summer2026; PittCSC Summer2026,Skydio,GTM Data Engineer Intern,"San Mateo, CA",,AI/ML/Data,Summer 2026,,Other,2026-03-04,https://jobs.ashbyhq.com/skydio/b90b9b3b-e326-4fb6-85bd-fe52bec5f180/application,https://github.com/SimplifyJobs/Summer2026-Internships; https://github.com/pittcsc/Summer2026-Internships,ashby,skydio,startup-heavy ATS/apply host,Active listing in broad internship index; kept because apply host is startup-heavy.; Active listing in broad internship index; kept because apply host is startup-heavy.
SimplifyJobs Summer2026,Skydio,Middleware Software Engineer Intern,"San Mateo, CA",,Hardware,Fall 2026,,Other,2026-05-21,https://jobs.ashbyhq.com/skydio/7d9dbb60-4ca1-4ba8-8bae-5ebfded4a915/application,https://github.com/SimplifyJobs/Summer2026-Internships,ashby,skydio,startup-heavy ATS/apply host,Active listing in broad internship index; kept because apply host is startup-heavy.
SimplifyJobs Summer2026; PittCSC Summer2026,Skydio,PhD Autonomy Engineer Intern - Deep Learning or Computer Vision,"San Mateo, CA",,AI/ML/Data,Spring 2026; Summer 2026; Fall 2026,,Other,2026-03-09,https://jobs.ashbyhq.com/skydio/8d3979a8-c791-4825-8cf4-9b25479b9519/application,https://github.com/SimplifyJobs/Summer2026-Internships; https://github.com/pittcsc/Summer2026-Internships,ashby,skydio,startup-heavy ATS/apply host,Active listing in broad internship index; kept because apply host is startup-heavy.; Active listing in broad internship index; kept because apply host is startup-heavy.
SimplifyJobs Summer2026; PittCSC Summer2026,Skydio,Product Support Engineer Intern,"San Mateo, CA",,Hardware,Summer 2026,,Other,2026-04-16,https://jobs.ashbyhq.com/skydio/8df0689e-a489-4c72-a1f7-09dfe59745b8/application,https://github.com/SimplifyJobs/Summer2026-Internships; https://github.com/pittcsc/Summer2026-Internships,ashby,skydio,startup-heavy ATS/apply host,Active listing in broad internship index; kept because apply host is startup-heavy.; Active listing in broad internship index; kept because apply host is startup-heavy.
SimplifyJobs Summer2026; PittCSC Summer2026,Skydio,Software Engineer Intern,"San Mateo, CA",,Software,Fall 2026; Winter 2027,,Other,2026-05-06,https://jobs.ashbyhq.com/skydio/f6320e9b-4eed-408d-8d37-d509fb0406ee/application,https://github.com/SimplifyJobs/Summer2026-Internships; https://github.com/pittcsc/Summer2026-Internships,ashby,skydio,startup-heavy ATS/apply host,Active listing in broad internship index; kept because apply host is startup-heavy.; Active listing in broad internship index; kept because apply host is startup-heavy.
PittCSC Summer2026,Skydio,Wireless Hardware Engineer Intern,"San Mateo, CA",,Hardware,Summer 2026,,Other,2026-03-05,https://jobs.ashbyhq.com/skydio/5e1057a4-214f-4783-b676-c1315cfa81ea/application,https://github.com/pittcsc/Summer2026-Internships,ashby,skydio,startup-heavy ATS/apply host,Active listing in broad internship index; kept because apply host is startup-heavy.
SimplifyJobs Summer2026; PittCSC Summer2026,Snowflake,Software Engineer Intern - Security,"Menlo Park, CA; Bellevue, WA",,Software,Fall 2026,,Other,2026-05-08,https://jobs.ashbyhq.com/snowflake/a488959b-6874-4563-acb2-af747c3dc6f7/application,https://github.com/SimplifyJobs/Summer2026-Internships; https://github.com/pittcsc/Summer2026-Internships,ashby,snowflake,startup-heavy ATS/apply host,Active listing in broad internship index; kept because apply host is startup-heavy.; Active listing in broad internship index; kept because apply host is startup-heavy.
SimplifyJobs Summer2026; PittCSC Summer2026,Socure,Engineering Intern - AI Agents - Data & Riskos,Remote in USA,,Software,Summer 2026,,Other,2026-04-15,https://jobs.ashbyhq.com/socure/e54f1700-c922-4bcc-a087-45b24717f974/application,https://github.com/SimplifyJobs/Summer2026-Internships; https://github.com/pittcsc/Summer2026-Internships,ashby,socure,startup-heavy ATS/apply host,Active listing in broad internship index; kept because apply host is startup-heavy.; Active listing in broad internship index; kept because apply host is startup-heavy.
SimplifyJobs Summer2026; PittCSC Summer2026,Socure,Engineering Intern-Docv & Device,Remote in USA,,Software,Summer 2026,,Other,2026-04-15,https://jobs.ashbyhq.com/socure/017556d2-e70b-41aa-8309-01337c734fd9/application,https://github.com/SimplifyJobs/Summer2026-Internships; https://github.com/pittcsc/Summer2026-Internships,ashby,socure,startup-heavy ATS/apply host,Active listing in broad internship index; kept because apply host is startup-heavy.; Active listing in broad internship index; kept because apply host is startup-heavy.
SimplifyJobs Summer2026; PittCSC Summer2026,SoloPulse,Software Engineer Intern/Co-Op - Multiple Teams,"Norcross, GA",,Software,Spring 2026; Summer 2026,,Other,2025-10-08,https://jobs.lever.co/solopulseco/e430dd0f-8a73-46ec-8aea-739e1a5c1f9c/apply,https://github.com/SimplifyJobs/Summer2026-Internships; https://github.com/pittcsc/Summer2026-Internships,lever,solopulseco,startup-heavy ATS/apply host,Active listing in broad internship index; kept because apply host is startup-heavy.; Active listing in broad internship index; kept because apply host is startup-heavy.
SimplifyJobs Summer2026; PittCSC Summer2026,SoloPulse,Systems Engineering Intern,"Norcross, GA",,Hardware,Summer 2026,,Other,2026-04-02,https://jobs.lever.co/solopulseco/418b3949-3b21-48f9-b7a0-1c036ca0ba51/apply,https://github.com/SimplifyJobs/Summer2026-Internships; https://github.com/pittcsc/Summer2026-Internships,lever,solopulseco,startup-heavy ATS/apply host,Active listing in broad internship index; kept because apply host is startup-heavy.; Active listing in broad internship index; kept because apply host is startup-heavy.
SimplifyJobs Summer2026; PittCSC Summer2026,Solva,AI Engineer Internship,NYC,,AI/ML/Data,Spring 2026,,Other,2025-11-22,https://jobs.ashbyhq.com/solva/e336c053-5f6e-4076-ad14-f941ab5096b6/application,https://github.com/SimplifyJobs/Summer2026-Internships; https://github.com/pittcsc/Summer2026-Internships,ashby,solva,startup-heavy ATS/apply host,Active listing in broad internship index; kept because apply host is startup-heavy.; Active listing in broad internship index; kept because apply host is startup-heavy.
SimplifyJobs Summer2026,SonoThera,Nucleic Acid Analytics Intern,"San Bruno, CA",,AI/ML/Data,Summer 2026,,Other,2026-03-27,https://job-boards.greenhouse.io/sonothera/jobs/4667479006,https://github.com/SimplifyJobs/Summer2026-Internships,greenhouse,sonothera,startup-heavy ATS/apply host,Active listing in broad internship index; kept because apply host is startup-heavy.
SimplifyJobs Summer2026; PittCSC Summer2026,Super,Data Analytics Intern,"Toronto, ON, Canada",,AI/ML/Data,Fall 2025; Fall 2026,,Other,2026-05-11,https://jobs.ashbyhq.com/super.com/1fdfd963-c5cb-49a0-be9a-76826aabf922/application,https://github.com/SimplifyJobs/Summer2026-Internships; https://github.com/pittcsc/Summer2026-Internships,ashby,super.com,startup-heavy ATS/apply host,Active listing in broad internship index; kept because apply host is startup-heavy.; Active listing in broad internship index; kept because apply host is startup-heavy.
SimplifyJobs Summer2026; PittCSC Summer2026,Super,Data Analytics Intern - Risk & Fraud,"Toronto, ON, Canada",,AI/ML/Data,Winter 2026; Fall 2026,,Other,2026-05-11,https://jobs.ashbyhq.com/super.com/8355a2fc-34bc-45b0-b8d6-39e558940cef/application,https://github.com/SimplifyJobs/Summer2026-Internships; https://github.com/pittcsc/Summer2026-Internships,ashby,super.com,startup-heavy ATS/apply host,Active listing in broad internship index; kept because apply host is startup-heavy.; Active listing in broad internship index; kept because apply host is startup-heavy.
SimplifyJobs Summer2026; PittCSC Summer2026,Super,Data Engineer Intern,"Toronto, ON, Canada",,AI/ML/Data,Fall 2026,,Other,2026-05-11,https://jobs.ashbyhq.com/super.com/5060f2c1-a0ca-44a9-90b6-647ead38d2e8/application,https://github.com/SimplifyJobs/Summer2026-Internships; https://github.com/pittcsc/Summer2026-Internships,ashby,super.com,startup-heavy ATS/apply host,Active listing in broad internship index; kept because apply host is startup-heavy.; Active listing in broad internship index; kept because apply host is startup-heavy.
SimplifyJobs Summer2026; PittCSC Summer2026,Super,Payments Engineer Intern,"Toronto, ON, Canada",,Software,Summer 2026,,Other,2026-05-11,https://jobs.ashbyhq.com/super.com/6a0dc25b-6eb2-411e-a862-6b083d9bad3c/application,https://github.com/SimplifyJobs/Summer2026-Internships; https://github.com/pittcsc/Summer2026-Internships,ashby,super.com,startup-heavy ATS/apply host,Active listing in broad internship index; kept because apply host is startup-heavy.; Active listing in broad internship index; kept because apply host is startup-heavy.
SimplifyJobs Summer2026; PittCSC Summer2026,Super,Quality Intern - Travel & AI Enablement,"Toronto, ON, Canada",,AI/ML/Data,Fall 2026,,Other,2026-05-11,https://jobs.ashbyhq.com/super.com/3854181c-a5d4-440f-9252-499749acf7c9/application,https://github.com/SimplifyJobs/Summer2026-Internships; https://github.com/pittcsc/Summer2026-Internships,ashby,super.com,startup-heavy ATS/apply host,Active listing in broad internship index; kept because apply host is startup-heavy.; Active listing in broad internship index; kept because apply host is startup-heavy.
SimplifyJobs Summer2026; PittCSC Summer2026,Super,Software Engineer Intern - Data,Remote in Canada,,AI/ML/Data,Fall 2026,,Other,2026-05-11,https://jobs.ashbyhq.com/super.com/026d7e42-85b6-4baa-bab8-bf3f6d10bc0d/application,https://github.com/SimplifyJobs/Summer2026-Internships; https://github.com/pittcsc/Summer2026-Internships,ashby,super.com,startup-heavy ATS/apply host,Active listing in broad internship index; kept because apply host is startup-heavy.; Active listing in broad internship index; kept because apply host is startup-heavy.
SimplifyJobs Summer2026; PittCSC Summer2026,Super,Software Engineer Intern - Product - Full-Stack,"Toronto, ON, Canada",,Software,Fall 2026,,Other,2026-05-11,https://jobs.ashbyhq.com/super.com/8179b5ad-9074-4d96-aa92-366cf12ab5d5/application,https://github.com/SimplifyJobs/Summer2026-Internships; https://github.com/pittcsc/Summer2026-Internships,ashby,super.com,startup-heavy ATS/apply host,Active listing in broad internship index; kept because apply host is startup-heavy.; Active listing in broad internship index; kept because apply host is startup-heavy.
PittCSC Summer2026,SupplyHouse.com,AI Enablement Intern,Remote in USA,,AI/ML/Data,Summer 2026,,Other,2026-02-06,https://boards.greenhouse.io/supplyhouse/jobs/5796909004,https://github.com/pittcsc/Summer2026-Internships,greenhouse,supplyhouse,startup-heavy ATS/apply host,Active listing in broad internship index; kept because apply host is startup-heavy.
SimplifyJobs Summer2026; PittCSC Summer2026,Symmetry Systems,Full Stack Software Engineer Intern,Remote in USA,,Software,Summer 2026,,Other,2025-12-16,https://jobs.lever.co/SymmetrySystems/dbca271b-a99b-48ab-83f2-b596a037ad65/apply,https://github.com/SimplifyJobs/Summer2026-Internships; https://github.com/pittcsc/Summer2026-Internships,lever,SymmetrySystems,startup-heavy ATS/apply host,Active listing in broad internship index; kept because apply host is startup-heavy.; Active listing in broad internship index; kept because apply host is startup-heavy.
SimplifyJobs Summer2026; PittCSC Summer2026,Taara,FPGA Intern,"Sunnyvale, CA",,Hardware,Summer 2026,,Other,2026-03-10,https://jobs.ashbyhq.com/taaraconnect/9d46074e-4fa8-44ce-9b2e-59296f6bf2e9/application,https://github.com/SimplifyJobs/Summer2026-Internships; https://github.com/pittcsc/Summer2026-Internships,ashby,taaraconnect,startup-heavy ATS/apply host,Active listing in broad internship index; kept because apply host is startup-heavy.; Active listing in broad internship index; kept because apply host is startup-heavy.
SimplifyJobs Summer2026; PittCSC Summer2026,Taara,Software Engineering Intern,"Sunnyvale, CA",,Software,Summer 2026,,Other,2026-03-05,https://jobs.ashbyhq.com/taaraconnect/ed52ef53-dca2-433e-a2b7-6003d8be7ea2/application,https://github.com/SimplifyJobs/Summer2026-Internships; https://github.com/pittcsc/Summer2026-Internships,ashby,taaraconnect,startup-heavy ATS/apply host,Active listing in broad internship index; kept because apply host is startup-heavy.; Active listing in broad internship index; kept because apply host is startup-heavy.
PittCSC Summer2026,Tandem,Engineering Intern,NYC,,Software,Summer 2026,,Other,2026-01-22,https://jobs.ashbyhq.com/tandem/82e10191-232e-4e8d-9c5e-cb82940cdfc7/application,https://github.com/pittcsc/Summer2026-Internships,ashby,tandem,startup-heavy ATS/apply host,Active listing in broad internship index; kept because apply host is startup-heavy.
PittCSC Summer2026,Tatari,Software Engineer Intern,NYC,,Software,Summer 2026,,Other,2026-03-05,https://job-boards.greenhouse.io/tatari/jobs/8451505002,https://github.com/pittcsc/Summer2026-Internships,greenhouse,tatari,startup-heavy ATS/apply host,Active listing in broad internship index; kept because apply host is startup-heavy.
PittCSC Summer2026,Tatari,Software Engineer Intern,SF; LA; NYC,,Software,Summer 2026,,Other,2026-03-05,https://job-boards.greenhouse.io/tatari/jobs/8451506002,https://github.com/pittcsc/Summer2026-Internships,greenhouse,tatari,startup-heavy ATS/apply host,Active listing in broad internship index; kept because apply host is startup-heavy.
PittCSC Summer2026,Tatari,Software Engineer Intern,SF; LA; NYC,,Software,Summer 2026,,Other,2026-03-05,https://job-boards.greenhouse.io/tatari/jobs/8451504002,https://github.com/pittcsc/Summer2026-Internships,greenhouse,tatari,startup-heavy ATS/apply host,Active listing in broad internship index; kept because apply host is startup-heavy.
SimplifyJobs Summer2026; PittCSC Summer2026,Teleo,Firmware Engineering Intern/Co-op,"Palo Alto, CA",,Hardware,Summer 2026; Fall 2026,,Other,2026-03-10,https://jobs.lever.co/teleo/63fe96ee-74dc-41eb-80bc-6f80133c9ffa/apply,https://github.com/SimplifyJobs/Summer2026-Internships; https://github.com/pittcsc/Summer2026-Internships,lever,teleo,startup-heavy ATS/apply host,Active listing in broad internship index; kept because apply host is startup-heavy.; Active listing in broad internship index; kept because apply host is startup-heavy.
SimplifyJobs Summer2026; PittCSC Summer2026,TENEX.AI,Software Engineer Intern,"San Jose, CA",,Software,Winter 2025; Spring 2025; Summer 2025; Fall 2025,,Other,2025-11-22,https://jobs.ashbyhq.com/tenex/fbfefd5c-ae95-4a71-8a75-e2b61facb304/application,https://github.com/SimplifyJobs/Summer2026-Internships; https://github.com/pittcsc/Summer2026-Internships,ashby,tenex,startup-heavy ATS/apply host,Active listing in broad internship index; kept because apply host is startup-heavy.; Active listing in broad internship index; kept because apply host is startup-heavy.
PittCSC Summer2026,Tenstorrent,CPU Microarchitecture Engineer Intern,"Boston, MA; Toronto, ON, Canada; Austin, TX; Santa Clara, CA",,Hardware,Winter 2025,,Other,2025-11-12,https://job-boards.greenhouse.io/tenstorrentuniversity/jobs/4955782007,https://github.com/pittcsc/Summer2026-Internships,greenhouse,tenstorrentuniversity,startup-heavy ATS/apply host,Active listing in broad internship index; kept because apply host is startup-heavy.
SimplifyJobs Summer2026; PittCSC Summer2026,Tessera Labs,Software Engineer Intern - Backend,"San Jose, CA",,Software,Summer 2026,,Other,2026-04-08,https://jobs.ashbyhq.com/tessera-labs/dce8d8e5-f169-4bdb-b1c2-f4754fca31e7/application,https://github.com/SimplifyJobs/Summer2026-Internships; https://github.com/pittcsc/Summer2026-Internships,ashby,tessera-labs,startup-heavy ATS/apply host,Active listing in broad internship index; kept because apply host is startup-heavy.; Active listing in broad internship index; kept because apply host is startup-heavy.
SimplifyJobs Summer2026; PittCSC Summer2026,Tessera Labs,Software Engineering Intern - Frontend,"San Jose, CA",,Software,Summer 2026,,Other,2026-04-08,https://jobs.ashbyhq.com/tessera-labs/4614d053-2c8f-4317-8cd2-1d1290721b06/application,https://github.com/SimplifyJobs/Summer2026-Internships; https://github.com/pittcsc/Summer2026-Internships,ashby,tessera-labs,startup-heavy ATS/apply host,Active listing in broad internship index; kept because apply host is startup-heavy.; Active listing in broad internship index; kept because apply host is startup-heavy.
SimplifyJobs Summer2026; PittCSC Summer2026,Tessera Labs,"Software Engineering Intern, Frontend",Remote in USA,,Software Engineering,Winter 2026,,Does Not Offer Sponsorship,2025-11-14,https://jobs.ashbyhq.com/tessera-labs/c0350717-8b4d-4a1a-af00-4c62204192fd,https://github.com/SimplifyJobs/Summer2026-Internships; https://github.com/pittcsc/Summer2026-Internships,ashby,tessera-labs,startup-heavy ATS/apply host,Active listing in broad internship index; kept because apply host is startup-heavy.; Active listing in broad internship index; kept because apply host is startup-heavy.
SimplifyJobs Summer2026; PittCSC Summer2026,The Exploration Company,Crew Systems Engineering Intern - Avionics/Software,"Houston, TX",,Software Engineering,Spring 2026; Winter 2026,,U.S. Citizenship is Required,2025-12-18,https://jobs.ashbyhq.com/the-exploration-company/da63221d-dd60-41fe-8dd5-bb1a565a7824,https://github.com/SimplifyJobs/Summer2026-Internships; https://github.com/pittcsc/Summer2026-Internships,ashby,the-exploration-company,startup-heavy ATS/apply host,Active listing in broad internship index; kept because apply host is startup-heavy.; Active listing in broad internship index; kept because apply host is startup-heavy.
SimplifyJobs Summer2026; PittCSC Summer2026,Tilde Research,Kernel Engineer – Intern and Full-time,SF,,Software,Summer 2026,,Other,2026-03-06,https://jobs.ashbyhq.com/tilderesearch/bc4e4071-cf64-4460-8265-b1e5a603d6b8/application,https://github.com/SimplifyJobs/Summer2026-Internships; https://github.com/pittcsc/Summer2026-Internships,ashby,tilderesearch,startup-heavy ATS/apply host,Active listing in broad internship index; kept because apply host is startup-heavy.; Active listing in broad internship index; kept because apply host is startup-heavy.
SimplifyJobs Summer2026; PittCSC Summer2026,Tilde Research,ML Researcher – Intern and Full-time,SF,,AI/ML/Data,Summer 2026,,Other,2026-03-06,https://jobs.ashbyhq.com/tilderesearch/e850d5b0-a5d6-4b9c-9898-f7addb441508/application,https://github.com/SimplifyJobs/Summer2026-Internships; https://github.com/pittcsc/Summer2026-Internships,ashby,tilderesearch,startup-heavy ATS/apply host,Active listing in broad internship index; kept because apply host is startup-heavy.; Active listing in broad internship index; kept because apply host is startup-heavy.
SimplifyJobs Summer2026; PittCSC Summer2026,tldraw,R&D Intern,"London, UK",,Software,Summer 2026,,Other,2026-05-13,https://jobs.ashbyhq.com/tldraw/9f3f48d7-d731-4379-89f8-d4ee79ed5cfd/application,https://github.com/SimplifyJobs/Summer2026-Internships; https://github.com/pittcsc/Summer2026-Internships,ashby,tldraw,startup-heavy ATS/apply host,Active listing in broad internship index; kept because apply host is startup-heavy.; Active listing in broad internship index; kept because apply host is startup-heavy.
SimplifyJobs Summer2026; PittCSC Summer2026,TMEIC,"Intern - Applications, AI and Machine Learning","Roanoke, VA",,"Data Science, AI & Machine Learning",Fall 2026,,Does Not Offer Sponsorship,2026-05-01,https://apply.workable.com/tmeic-corporation-americas/j/FD4C9770FF/,https://github.com/SimplifyJobs/Summer2026-Internships; https://github.com/pittcsc/Summer2026-Internships,apply.workable.com,,startup-heavy ATS/apply host,Active listing in broad internship index; kept because apply host is startup-heavy.; Active listing in broad internship index; kept because apply host is startup-heavy.
SimplifyJobs Summer2026; PittCSC Summer2026,Tokamak Energy,Foster Fusion Energy Internship - Data Visualization,"Cambridge, UK",,AI/ML/Data,Summer 2026,,Other,2026-04-29,https://apply.workable.com/tokamak-energy/j/E2406E60F6/apply,https://github.com/SimplifyJobs/Summer2026-Internships; https://github.com/pittcsc/Summer2026-Internships,apply.workable.com,,startup-heavy ATS/apply host,Active listing in broad internship index; kept because apply host is startup-heavy.; Active listing in broad internship index; kept because apply host is startup-heavy.
SimplifyJobs Summer2026; PittCSC Summer2026,Token Metrics,Crypto Data Scientist / Machine Learning - LLM Engineer Intern,"Houston, TX; Remote",,"Data Science, AI & Machine Learning",Summer 2026,,Other,2025-10-17,https://jobs.lever.co/tokenmetrics/62b16e29-602d-4f52-ba4b-89c02b6dee41,https://github.com/SimplifyJobs/Summer2026-Internships; https://github.com/pittcsc/Summer2026-Internships,lever,tokenmetrics,startup-heavy ATS/apply host,Active listing in broad internship index; kept because apply host is startup-heavy.; Active listing in broad internship index; kept because apply host is startup-heavy.
SimplifyJobs Summer2026; PittCSC Summer2026,Token Metrics,Crypto Quantitative Analyst Intern,"Austin, TX; Remote",,Quantitative Finance,Summer 2026,,Other,2025-10-17,https://jobs.lever.co/tokenmetrics/8b78659b-0454-4954-9e21-c42c4d5c34fe,https://github.com/SimplifyJobs/Summer2026-Internships; https://github.com/pittcsc/Summer2026-Internships,lever,tokenmetrics,startup-heavy ATS/apply host,Active listing in broad internship index; kept because apply host is startup-heavy.; Active listing in broad internship index; kept because apply host is startup-heavy.
SimplifyJobs Summer2026; PittCSC Summer2026,Toyota Research Institute,Human-Centered AI Intern - CAD Design Reasoning Machine Learning,"Mountain View, CA",,AI/ML/Data,Fall 2027,,Other,2026-02-18,https://jobs.lever.co/tri/ca561b23-9589-49bc-a056-7f741ff48c26/apply,https://github.com/SimplifyJobs/Summer2026-Internships; https://github.com/pittcsc/Summer2026-Internships,lever,tri,startup-heavy ATS/apply host,Active listing in broad internship index; kept because apply host is startup-heavy.; Active listing in broad internship index; kept because apply host is startup-heavy.
SimplifyJobs Summer2026; PittCSC Summer2026,Toyota Research Institute,Human-Centered AI Intern: Human-Computer Interaction,"Mountain View, CA",,AI/ML/Data,Summer 2026,,Other,2026-04-20,https://jobs.lever.co/tri/000be2f3-b77c-4719-8476-0718c4c49a19/apply,https://github.com/SimplifyJobs/Summer2026-Internships; https://github.com/pittcsc/Summer2026-Internships,lever,tri,startup-heavy ATS/apply host,Active listing in broad internship index; kept because apply host is startup-heavy.; Active listing in broad internship index; kept because apply host is startup-heavy.
PittCSC Summer2026,Toyota Research Institute,"Robotics Intern - Mobile Manipulation, Behaviors","Los Altos, CA",,Software Engineering,Summer 2026,,Other,2025-09-22,https://jobs.lever.co/tri/7468a62e-09de-4fb6-b5a2-779dfbb94e73,https://github.com/pittcsc/Summer2026-Internships,lever,tri,startup-heavy ATS/apply host,Active listing in broad internship index; kept because apply host is startup-heavy.
PittCSC Summer2026,Triumph,Software Engineer Intern,"San Francisco, CA",,Software Engineering,Summer 2026; Fall 2026,,Other,2026-05-07,https://jobs.ashbyhq.com/triumph-arcade/89d82fc2-c2dd-439d-bbc2-e3dcb298fffc,https://github.com/pittcsc/Summer2026-Internships,ashby,triumph-arcade,startup-heavy ATS/apply host,Active listing in broad internship index; kept because apply host is startup-heavy.
SimplifyJobs Summer2026; PittCSC Summer2026,Trumid,Delivery Management Intern,NYC,,AI/ML/Data,Summer 2026,,Other,2026-04-14,https://job-boards.greenhouse.io/trumid/jobs/7700695003,https://github.com/SimplifyJobs/Summer2026-Internships; https://github.com/pittcsc/Summer2026-Internships,greenhouse,trumid,startup-heavy ATS/apply host,Active listing in broad internship index; kept because apply host is startup-heavy.; Active listing in broad internship index; kept because apply host is startup-heavy.
PittCSC Summer2026,TWG Global,AI/ML Scientist Intern - Simulation Optimization and Reinforcement Learning,"Santa Monica, CA",,AI/ML/Data,Spring 2026,,Other,2025-12-18,https://apply.workable.com/twgai/j/5FADB8A7EE/apply,https://github.com/pittcsc/Summer2026-Internships,apply.workable.com,,startup-heavy ATS/apply host,Active listing in broad internship index; kept because apply host is startup-heavy.
PittCSC Summer2026,Typeface,ML Engineer Intern,"Palo Alto, CA",,"Data Science, AI & Machine Learning",Summer 2026,,Other,2025-11-21,https://job-boards.greenhouse.io/typeface/jobs/4986825007,https://github.com/pittcsc/Summer2026-Internships,greenhouse,typeface,startup-heavy ATS/apply host,Active listing in broad internship index; kept because apply host is startup-heavy.
SimplifyJobs Summer2026; PittCSC Summer2026,Uncountable,Full-Stack Intern,"London, UK; SF; NYC; Munich, Germany",,Software,Winter 2026; Spring 2026; Summer 2026; Fall 2026,,Other,2026-03-25,https://jobs.ashbyhq.com/uncountable/b9495eab-c04c-4333-b338-7dabdbddcaae/application,https://github.com/SimplifyJobs/Summer2026-Internships; https://github.com/pittcsc/Summer2026-Internships,ashby,uncountable,startup-heavy ATS/apply host,Active listing in broad internship index; kept because apply host is startup-heavy.; Active listing in broad internship index; kept because apply host is startup-heavy.
PittCSC Summer2026,Uncountable,Full-Stack Intern,"San Francisco, CA; New York, NY; London, UK",,Software Engineering,Summer 2026,,Offers Sponsorship,2025-09-25,https://jobs.lever.co/uncountable/6328427a-9047-44d5-82d6-56d533d8622e,https://github.com/pittcsc/Summer2026-Internships,lever,uncountable,startup-heavy ATS/apply host,Active listing in broad internship index; kept because apply host is startup-heavy.
PittCSC Summer2026,Upvest,Trainee Software Engineer Intern,"London, UK; Berlin, Germany",,Software,N/A,,Other,2026-04-18,https://jobs.ashbyhq.com/upvest/4a4f30e8-f31a-4138-9241-5553de2cb13e/application,https://github.com/pittcsc/Summer2026-Internships,ashby,upvest,startup-heavy ATS/apply host,Active listing in broad internship index; kept because apply host is startup-heavy.
PittCSC Summer2026,Vantage,Software Engineer Intern,NYC,,Software,Summer 2026,,Other,2026-03-17,https://jobs.ashbyhq.com/vantage/19c9753f-25be-4e76-af53-04717bdcc25b/application,https://github.com/pittcsc/Summer2026-Internships,ashby,vantage,startup-heavy ATS/apply host,Active listing in broad internship index; kept because apply host is startup-heavy.
SimplifyJobs Summer2026; PittCSC Summer2026,Veeam Software,Artificial Intelligence Intern,"San Jose, CA",,AI/ML/Data,Summer 2026,,Other,2026-05-13,https://job-boards.eu.greenhouse.io/veeamsoftware/jobs/4857824101,https://github.com/SimplifyJobs/Summer2026-Internships; https://github.com/pittcsc/Summer2026-Internships,greenhouse,veeamsoftware,startup-heavy ATS/apply host,Active listing in broad internship index; kept because apply host is startup-heavy.; Active listing in broad internship index; kept because apply host is startup-heavy.
PittCSC Summer2026,Veeam Software,Software Engineer Intern,"San Jose, CA",,Software,Summer 2026,,Other,2026-05-07,https://job-boards.eu.greenhouse.io/veeamsoftware/jobs/4857832101,https://github.com/pittcsc/Summer2026-Internships,greenhouse,veeamsoftware,startup-heavy ATS/apply host,Active listing in broad internship index; kept because apply host is startup-heavy.
SimplifyJobs Summer2026; PittCSC Summer2026,Veeva Systems,Software Engineer in Test Intern,"Toronto, ON, Canada",,Software,Summer 2026,,Other,2026-04-20,https://jobs.lever.co/veeva/02b4428c-240e-456a-80d2-59ef8e6a013c/apply,https://github.com/SimplifyJobs/Summer2026-Internships; https://github.com/pittcsc/Summer2026-Internships,lever,veeva,startup-heavy ATS/apply host,Active listing in broad internship index; kept because apply host is startup-heavy.; Active listing in broad internship index; kept because apply host is startup-heavy.
SimplifyJobs Summer2026; PittCSC Summer2026,Vendelux,Part Time Data Intern,NYC,,AI/ML/Data,Winter 2025; Spring 2025,,Other,2025-12-24,https://jobs.ashbyhq.com/vendelux/9d881505-f522-43fd-b99d-be71a397cb43/application,https://github.com/SimplifyJobs/Summer2026-Internships; https://github.com/pittcsc/Summer2026-Internships,ashby,vendelux,startup-heavy ATS/apply host,Active listing in broad internship index; kept because apply host is startup-heavy.; Active listing in broad internship index; kept because apply host is startup-heavy.
SimplifyJobs Summer2026; PittCSC Summer2026,Very Good Security,Application Security Intern,United States,,Software,Summer 2026,,Other,2026-04-16,https://jobs.lever.co/verygoodsecurity/32fe92a6-13d5-4132-b77c-a7a5ed74f38b/apply,https://github.com/SimplifyJobs/Summer2026-Internships; https://github.com/pittcsc/Summer2026-Internships,lever,verygoodsecurity,startup-heavy ATS/apply host,Active listing in broad internship index; kept because apply host is startup-heavy.; Active listing in broad internship index; kept because apply host is startup-heavy.
SimplifyJobs Summer2026; PittCSC Summer2026,Voltus,Energy Markets Intern,Remote in USA; Remote in Canada,,Quant,Spring 2026,,Other,2026-01-05,https://jobs.lever.co/voltus/b7833dd8-d742-44d8-aae2-2e7de7541ce4/apply,https://github.com/SimplifyJobs/Summer2026-Internships; https://github.com/pittcsc/Summer2026-Internships,lever,voltus,startup-heavy ATS/apply host,Active listing in broad internship index; kept because apply host is startup-heavy.; Active listing in broad internship index; kept because apply host is startup-heavy.
SimplifyJobs Summer2026; PittCSC Summer2026,Waabi,Intern - PhD Research Scientist,"Toronto, ON, Canada",,AI/ML/Data,Spring 2026,,Other,2025-12-18,https://jobs.lever.co/waabi/62700386-b9db-4c78-aec3-5ef59cbe841e/apply,https://github.com/SimplifyJobs/Summer2026-Internships; https://github.com/pittcsc/Summer2026-Internships,lever,waabi,startup-heavy ATS/apply host,Active listing in broad internship index; kept because apply host is startup-heavy.; Active listing in broad internship index; kept because apply host is startup-heavy.
SimplifyJobs Summer2026; PittCSC Summer2026,Waabi,Research Intern/Co-op,"Toronto, ON, Canada; California; SF; Canada",,AI/ML/Data,Spring 2026,,Other,2025-12-18,https://jobs.lever.co/waabi/0fd4e30b-9bd1-4b53-9043-6088457363cb/apply,https://github.com/SimplifyJobs/Summer2026-Internships; https://github.com/pittcsc/Summer2026-Internships,lever,waabi,startup-heavy ATS/apply host,Active listing in broad internship index; kept because apply host is startup-heavy.; Active listing in broad internship index; kept because apply host is startup-heavy.
SimplifyJobs Summer2026; PittCSC Summer2026,Walrus,Full Stack Developer Intern,"New York, NY",,Software Engineering,Summer 2026,,Does Not Offer Sponsorship,2025-11-24,https://jobs.ashbyhq.com/walrusfi/99c93c0e-ed9a-4e41-862a-0cdbe71d7d54,https://github.com/SimplifyJobs/Summer2026-Internships; https://github.com/pittcsc/Summer2026-Internships,ashby,walrusfi,startup-heavy ATS/apply host,Active listing in broad internship index; kept because apply host is startup-heavy.; Active listing in broad internship index; kept because apply host is startup-heavy.
SimplifyJobs Summer2026,Wealth.com,Applied Scientist AI/ML Intern,Remote in USA,,AI/ML/Data,Summer 2026,,Other,2026-05-19,https://jobs.ashbyhq.com/wealth-com/1899d513-4c4a-43b2-a307-8c8e4b877622/application,https://github.com/SimplifyJobs/Summer2026-Internships,ashby,wealth-com,startup-heavy ATS/apply host,Active listing in broad internship index; kept because apply host is startup-heavy.
PittCSC Summer2026,Wealthsimple,Data Science Intern,"Toronto, ON, Canada",,AI/ML/Data,Fall 2026,,Other,2026-05-04,https://jobs.ashbyhq.com/wealthsimple/b4d1fb2a-89dd-4a4e-9908-d106de8591a2/application,https://github.com/pittcsc/Summer2026-Internships,ashby,wealthsimple,startup-heavy ATS/apply host,Active listing in broad internship index; kept because apply host is startup-heavy.
PittCSC Summer2026,Wealthsimple,Software Developer Intern,"Toronto, ON, Canada",,Software,Fall 2026,,Other,2026-05-04,https://jobs.ashbyhq.com/wealthsimple/fda5d29e-cbda-43db-994f-a2de669d1141/application,https://github.com/pittcsc/Summer2026-Internships,ashby,wealthsimple,startup-heavy ATS/apply host,Active listing in broad internship index; kept because apply host is startup-heavy.
SimplifyJobs Summer2026; PittCSC Summer2026,WeRide,Intern - Multiple Teams,"San Jose, CA",,AI/ML/Data,Summer 2026,,Other,2025-10-08,https://jobs.lever.co/weride/c7652fd5-65d8-443d-ab4c-5b450acac77d/apply,https://github.com/SimplifyJobs/Summer2026-Internships; https://github.com/pittcsc/Summer2026-Internships,lever,weride,startup-heavy ATS/apply host,Active listing in broad internship index; kept because apply host is startup-heavy.; Active listing in broad internship index; kept because apply host is startup-heavy.
SimplifyJobs Summer2026; PittCSC Summer2026,WeRide,Intern - Vehicle Embedded Engineer - Dbw,"San Jose, CA",,Hardware,Summer 2026,,Other,2026-01-15,https://jobs.lever.co/weride/32871b7d-f424-422f-af2c-615c59ff44cd/apply,https://github.com/SimplifyJobs/Summer2026-Internships; https://github.com/pittcsc/Summer2026-Internships,lever,weride,startup-heavy ATS/apply host,Active listing in broad internship index; kept because apply host is startup-heavy.; Active listing in broad internship index; kept because apply host is startup-heavy.
SimplifyJobs Summer2026; PittCSC Summer2026,WeRide,Intern Software Engineer - Multiple Teams,"San Jose, CA",,Hardware,Summer 2026,,Other,2025-10-08,https://jobs.lever.co/weride/8f84c602-8a79-43f6-b662-74a92ef761f5/apply,https://github.com/SimplifyJobs/Summer2026-Internships; https://github.com/pittcsc/Summer2026-Internships,lever,weride,startup-heavy ATS/apply host,Active listing in broad internship index; kept because apply host is startup-heavy.; Active listing in broad internship index; kept because apply host is startup-heavy.
SimplifyJobs Summer2026; PittCSC Summer2026,WindBorne Systems,Firmware Intern,"San Carlos, CA",,Hardware,Summer 2026,,Other,2026-04-01,https://jobs.ashbyhq.com/windborne-systems/3e7df5d4-48ef-4fb7-b751-74b500ada843/application,https://github.com/SimplifyJobs/Summer2026-Internships; https://github.com/pittcsc/Summer2026-Internships,ashby,windborne-systems,startup-heavy ATS/apply host,Active listing in broad internship index; kept because apply host is startup-heavy.; Active listing in broad internship index; kept because apply host is startup-heavy.
SimplifyJobs Summer2026; PittCSC Summer2026,Workato,Intern AI Engineering,SF,,AI/ML/Data,Winter 2026; Spring 2027,,Other,2026-04-10,https://job-boards.greenhouse.io/workato/jobs/8492935002,https://github.com/SimplifyJobs/Summer2026-Internships; https://github.com/pittcsc/Summer2026-Internships,greenhouse,workato,startup-heavy ATS/apply host,Active listing in broad internship index; kept because apply host is startup-heavy.; Active listing in broad internship index; kept because apply host is startup-heavy.
PittCSC Summer2026,Workstream,Wearables Prototype Engineer Intern - Hardware + Software,"Menlo Park, CA",,Hardware,Summer 2026,,Other,2026-04-11,https://job-boards.greenhouse.io/workstream/jobs/5924391004,https://github.com/pittcsc/Summer2026-Internships,greenhouse,workstream,startup-heavy ATS/apply host,Active listing in broad internship index; kept because apply host is startup-heavy.
SimplifyJobs Summer2026; PittCSC Summer2026,Woven,Software Engineer Intern - ML Platform,"Ann Arbor, MI",,Software,Summer 2026,,Other,2026-02-15,https://jobs.lever.co/woven-by-toyota/b6bb0a14-829c-45d6-b64d-7ddaeb1851b3/apply,https://github.com/SimplifyJobs/Summer2026-Internships; https://github.com/pittcsc/Summer2026-Internships,lever,woven-by-toyota,startup-heavy ATS/apply host,Active listing in broad internship index; kept because apply host is startup-heavy.; Active listing in broad internship index; kept because apply host is startup-heavy.
SimplifyJobs Summer2026; PittCSC Summer2026,Xebia,Internship Program - Multiple Teams,"Atlanta, GA",,Software,Summer 2026,,Other,2026-05-05,https://job-boards.greenhouse.io/xebiausa/jobs/5988141004,https://github.com/SimplifyJobs/Summer2026-Internships; https://github.com/pittcsc/Summer2026-Internships,greenhouse,xebiausa,startup-heavy ATS/apply host,Active listing in broad internship index; kept because apply host is startup-heavy.; Active listing in broad internship index; kept because apply host is startup-heavy.
PittCSC Summer2026,Xometry,Machine Learning Intern,"North Bethesda, MD; Waltham, MA",,AI/ML/Data,Summer 2026,,Other,2025-12-18,https://job-boards.greenhouse.io/xometry/jobs/5007983007,https://github.com/pittcsc/Summer2026-Internships,greenhouse,xometry,startup-heavy ATS/apply host,Active listing in broad internship index; kept because apply host is startup-heavy.
PittCSC Summer2026,Xometry,Machine Learning Intern,"North Bethesda, MD; Waltham, MA",,AI/ML/Data,Summer 2026,,Other,2025-12-18,https://job-boards.greenhouse.io/xometry/jobs/5007985007,https://github.com/pittcsc/Summer2026-Internships,greenhouse,xometry,startup-heavy ATS/apply host,Active listing in broad internship index; kept because apply host is startup-heavy.
PittCSC Summer2026,XPENG Motors,Research Scientist Intern,"Santa Clara, CA",,AI/ML/Data,Spring 2026,,Other,2025-12-10,https://job-boards.greenhouse.io/xpengmotors/jobs/8329810002,https://github.com/pittcsc/Summer2026-Internships,greenhouse,xpengmotors,startup-heavy ATS/apply host,Active listing in broad internship index; kept because apply host is startup-heavy.
SimplifyJobs Summer2026,Xsolla,Engineering Intern - Student Application - Engineering,"Montreal, QC, Canada",,Software,N/A,,Other,2026-05-21,https://jobs.lever.co/xsolla/c427ec2a-365e-4be2-b91c-5ccb7d5b93fb/apply,https://github.com/SimplifyJobs/Summer2026-Internships,lever,xsolla,startup-heavy ATS/apply host,Active listing in broad internship index; kept because apply host is startup-heavy.
SimplifyJobs Summer2026; PittCSC Summer2026,Zello,AI & ML Engineering Intern,"Austin, TX",,AI/ML/Data,Summer 2026,,Other,2026-03-20,https://jobs.ashbyhq.com/Zello/c7e55b74-5235-4f5b-ad04-8fd49ee64293/application,https://github.com/SimplifyJobs/Summer2026-Internships; https://github.com/pittcsc/Summer2026-Internships,ashby,Zello,startup-heavy ATS/apply host,Active listing in broad internship index; kept because apply host is startup-heavy.; Active listing in broad internship index; kept because apply host is startup-heavy.
SimplifyJobs Summer2026; PittCSC Summer2026,Zip,Software Engineer Intern,"Toronto, ON, Canada",,Software,Fall 2026,,Other,2026-03-27,https://jobs.ashbyhq.com/zip/caa5ba75-3b38-4d29-88cd-69a90b01fd6f/application,https://github.com/SimplifyJobs/Summer2026-Internships; https://github.com/pittcsc/Summer2026-Internships,ashby,zip,startup-heavy ATS/apply host,Active listing in broad internship index; kept because apply host is startup-heavy.; Active listing in broad internship index; kept because apply host is startup-heavy.
SimplifyJobs Summer2026; PittCSC Summer2026,Zoox,Part Time Student Worker Intern - Performance Optimization & Agentic Systems,"San Mateo, CA",,Software,N/A,,Other,2026-04-17,https://jobs.lever.co/zoox/d7aef0f9-3a54-4fa9-a589-bea526de394f/apply,https://github.com/SimplifyJobs/Summer2026-Internships; https://github.com/pittcsc/Summer2026-Internships,lever,zoox,startup-heavy ATS/apply host,Active listing in broad internship index; kept because apply host is startup-heavy.; Active listing in broad internship index; kept because apply host is startup-heavy.
SimplifyJobs Summer2026; PittCSC Summer2026,Zoox,Platform Intelligence Intern,"San Mateo, CA",,Software,Summer 2026,,Other,2026-05-11,https://jobs.lever.co/zoox/22bece12-95a5-4ad7-a4e4-6c43178153d2/apply,https://github.com/SimplifyJobs/Summer2026-Internships; https://github.com/pittcsc/Summer2026-Internships,lever,zoox,startup-heavy ATS/apply host,Active listing in broad internship index; kept because apply host is startup-heavy.; Active listing in broad internship index; kept because apply host is startup-heavy.
SimplifyJobs Summer2026; PittCSC Summer2026,Zoox,PT Student Worker-Robot Platform Validation Intern,"San Mateo, CA",,Hardware,N/A,,Other,2026-04-17,https://jobs.lever.co/zoox/0bb2dd41-e6a9-41a5-bafc-8a438f0a7cca/apply,https://github.com/SimplifyJobs/Summer2026-Internships; https://github.com/pittcsc/Summer2026-Internships,lever,zoox,startup-heavy ATS/apply host,Active listing in broad internship index; kept because apply host is startup-heavy.; Active listing in broad internship index; kept because apply host is startup-heavy.
SimplifyJobs Summer2026; PittCSC Summer2026,Zoox,Student Worker Intern - Firmware Engineer - Firmware Thermal/Body,"San Mateo, CA",,Hardware,N/A,,Other,2026-04-15,https://jobs.lever.co/zoox/07f0834f-06ec-44c7-a24b-3efa08589d38/apply,https://github.com/SimplifyJobs/Summer2026-Internships; https://github.com/pittcsc/Summer2026-Internships,lever,zoox,startup-heavy ATS/apply host,Active listing in broad internship index; kept because apply host is startup-heavy.; Active listing in broad internship index; kept because apply host is startup-heavy.
SimplifyJobs Summer2026; PittCSC Summer2026,Zoox,Student Worker Intern - Labeling Technician,"San Mateo, CA",,AI/ML/Data,N/A,,Other,2026-05-11,https://jobs.lever.co/zoox/02247e1c-beb8-432e-a28c-aa297c5da5bb/apply,https://github.com/SimplifyJobs/Summer2026-Internships; https://github.com/pittcsc/Summer2026-Internships,lever,zoox,startup-heavy ATS/apply host,Active listing in broad internship index; kept because apply host is startup-heavy.; Active listing in broad internship index; kept because apply host is startup-heavy.
SimplifyJobs Summer2026; PittCSC Summer2026,Zus Health,Data Acquisition Software Engineering Co-op,"Boston, MA",,Software,Summer 2026; Fall 2026; Winter 2026,,Other,2026-05-06,https://jobs.lever.co/zushealth/86db99fb-95c2-4369-b54f-b0d21fa59ba0/apply,https://github.com/SimplifyJobs/Summer2026-Internships; https://github.com/pittcsc/Summer2026-Internships,lever,zushealth,startup-heavy ATS/apply host,Active listing in broad internship index; kept because apply host is startup-heavy.; Active listing in broad internship index; kept because apply host is startup-heavy.
NoDesk,1Password,Developer Intern - Data & Access - Summer 2026,Remote,,,,,,2026-02-03T08:00:00,https://nodesk.co/remote-jobs/1password-developer-intern-data-access-summer-2026/,https://nodesk.co/remote-jobs/internship/,NoDesk,,remote job board,
NoDesk,1Password,Developer Intern - Data Security - Summer 2026,Remote,,,,,,2026-02-06T08:00:00,https://nodesk.co/remote-jobs/1password-developer-intern-data-security-summer-2026/,https://nodesk.co/remote-jobs/internship/,NoDesk,,remote job board,
Remote OK,A Thinking Ape,2D Game Artist Co op Intern,Remote,,game; game dev; internship; photoshop; mobile; design; designer,,4000-4000,,2026-01-09T23:00:41+00:00,https://remoteOK.com/remote-jobs/remote-2d-game-artist-co-op-intern-a-thinking-ape-1129495,https://remoteok.com/remote-internship-jobs,Remote OK,,remote job board,Remote OK API requests attribution/link-back to source URL.
Remote OK,Actian Corporation,RevOps AI Analyst Intern,US-Remote,,ai; analyst; analytics; artificial intelligence; internship; operations,,,,2026-04-06T00:00:10+00:00,https://remoteOK.com/remote-jobs/remote-revops-ai-analyst-intern-actian-corporation-1130997,https://remoteok.com/remote-internship-jobs,Remote OK,,remote job board,Remote OK API requests attribution/link-back to source URL.
Remote OK,Anduril Industries,Software Engineer Intern,Atlanta,,software; engineer; engineering; internship; python; c plus plus; java; go; ai,,40-50,,2026-02-01T15:00:18+00:00,https://remoteOK.com/remote-jobs/remote-software-engineer-intern-anduril-industries-1129984,https://remoteok.com/remote-internship-jobs,Remote OK,,remote job board,Remote OK API requests attribution/link-back to source URL.
Remote OK,Astranis,Software Engineer Backend Intern,"San Francisco, CA",,backend; engineer; internship; software,,,,2026-02-01T11:00:25+00:00,https://remoteOK.com/remote-jobs/remote-software-engineer-backend-intern-astranis-1129953,https://remoteok.com/remote-internship-jobs,Remote OK,,remote job board,Remote OK API requests attribution/link-back to source URL.
NoDesk,Atlassian,"Data Engineer Intern, 2026 Summer Australia",Remote,,,,,,2026-04-12T08:00:00,https://nodesk.co/remote-jobs/atlassian-data-engineer-intern-2026-summer-australia/,https://nodesk.co/remote-jobs/internship/,NoDesk,,remote job board,
NoDesk,Atlassian,"Data Science Intern, 2026 Summer Australia",Remote,,,,,,2026-03-12T08:00:00,https://nodesk.co/remote-jobs/atlassian-data-science-intern-2026-summer-australia/,https://nodesk.co/remote-jobs/internship/,NoDesk,,remote job board,
NoDesk,Atlassian,"Machine Learning Intern, 2026 Summer Australia",Remote,,,,,,2026-03-20T08:00:00,https://nodesk.co/remote-jobs/atlassian-machine-learning-intern-2026-summer-australia/,https://nodesk.co/remote-jobs/internship/,NoDesk,,remote job board,
NoDesk,Atlassian,"Security Engineer Intern, 2026 Summer U.S.",Remote,,,,,,2026-02-22T08:00:00,https://nodesk.co/remote-jobs/atlassian-security-engineer-intern-2026-summer-us/,https://nodesk.co/remote-jobs/internship/,NoDesk,,remote job board,
NoDesk,Atlassian,"Software Engineer Intern, 2026 Summer Australia",Remote,,,,,,2026-03-02T08:00:00,https://nodesk.co/remote-jobs/atlassian-software-engineer-intern-2026-summer-australia/,https://nodesk.co/remote-jobs/internship/,NoDesk,,remote job board,
NoDesk,Collabora,2026 Internship: Open Source Software Developer,Remote,,,,,,2026-05-05T08:00:00,https://nodesk.co/remote-jobs/collabora-2026-internship-open-source-software-developer/,https://nodesk.co/remote-jobs/internship/,NoDesk,,remote job board,
Remote OK,Copious,Intern SD Engineer,Maharashtra,,internship; engineer; software; dev,,,,2026-05-19T16:00:05+00:00,https://remoteOK.com/remote-jobs/remote-intern-sd-engineer-copious-1131629,https://remoteok.com/remote-internship-jobs,Remote OK,,remote job board,Remote OK API requests attribution/link-back to source URL.
NoDesk,Dropbox,Data Science Intern (Summer 2026),Remote,,,,,,2026-02-16T08:00:00,https://nodesk.co/remote-jobs/dropbox-data-science-intern-summer-2026/,https://nodesk.co/remote-jobs/internship/,NoDesk,,remote job board,
Remote OK,Emma â The Sleep Company,Software Engineering Intern,Lisbon,,internship; javascript; golang; typescript; backend; devops; software; engineer,,,,2026-01-17T12:00:02+00:00,https://remoteOK.com/remote-jobs/remote-software-engineering-intern-emma-the-sleep-company-1129611,https://remoteok.com/remote-internship-jobs,Remote OK,,remote job board,Remote OK API requests attribution/link-back to source URL.
Remote OK,"ezCater, Inc",Security Intern,"Boston, MA",,security; internship; engineering; infosec; engineer; ops,,,,2026-03-10T00:00:06+00:00,https://remoteOK.com/remote-jobs/remote-security-intern-ezcater-inc-1130696,https://remoteok.com/remote-internship-jobs,Remote OK,,remote job board,Remote OK API requests attribution/link-back to source URL.
Remote OK,Gametime United,Data Science Intern Pricing Analytics,United States,,data science; internship; analyst; analytics; python; sql; stats,,,,2026-02-14T00:02:59+00:00,https://remoteOK.com/remote-jobs/remote-data-science-intern-pricing-analytics-gametime-united-1130279,https://remoteok.com/remote-internship-jobs,Remote OK,,remote job board,Remote OK API requests attribution/link-back to source URL.
NoDesk,Givelify,Software Engineering Intern,Remote,,,,,,2026-05-15T08:00:00,https://nodesk.co/remote-jobs/givelify-software-engineering-intern/,https://nodesk.co/remote-jobs/internship/,NoDesk,,remote job board,
NoDesk,Mercury,Data Science Intern,Remote,,,,,,2026-03-01T08:00:00,https://nodesk.co/remote-jobs/mercury-data-science-intern/,https://nodesk.co/remote-jobs/internship/,NoDesk,,remote job board,
NoDesk,Mercury,Frontend Engineering Intern - Fall 2026,Remote,,,,,,2026-03-03T08:00:00,https://nodesk.co/remote-jobs/mercury-frontend-engineering-intern-fall-2026/,https://nodesk.co/remote-jobs/internship/,NoDesk,,remote job board,
Remote OK,Prophecy,SDET Intern,Bengaluru,,internship; test; testing; quality assurance; python; java,,,,2026-02-01T14:00:45+00:00,https://remoteOK.com/remote-jobs/remote-sdet-intern-prophecy-1129977,https://remoteok.com/remote-internship-jobs,Remote OK,,remote job board,Remote OK API requests attribution/link-back to source URL.
Remote OK,RefinedScience,Data Engineering Intern,Remote,,internship; python; sql; git; engineer; data science; analytics; engineering,,,,2026-01-27T00:04:09+00:00,https://remoteOK.com/remote-jobs/remote-data-engineering-intern-refinedscience-1129807,https://remoteok.com/remote-internship-jobs,Remote OK,,remote job board,Remote OK API requests attribution/link-back to source URL.
Remote OK,RefinedScience,Software Developer Intern,Remote,,internship; dev; git; python; javascript; java; c sharp; go,,,,2026-01-27T00:02:21+00:00,https://remoteOK.com/remote-jobs/remote-software-developer-intern-refinedscience-1129793,https://remoteok.com/remote-internship-jobs,Remote OK,,remote job board,Remote OK API requests attribution/link-back to source URL.
NoDesk,Root Insurance,Data Science Intern,Remote,,,,,,2026-03-02T08:00:00,https://nodesk.co/remote-jobs/root-insurance-data-science-intern/,https://nodesk.co/remote-jobs/internship/,NoDesk,,remote job board,
Remote OK,Supra,Production Code Quality Internship,Remote,,internship; testing; quality assurance; code; work from home; telecommuting,,,,2025-11-28T07:00:43+00:00,https://remoteOK.com/remote-jobs/remote-production-code-quality-internship-supra-1129063,https://remoteok.com/remote-internship-jobs,Remote OK,,remote job board,Remote OK API requests attribution/link-back to source URL.
NoDesk,Twilio,Software Engineer Intern (22nd June - 11th September),Remote,,,,,,2026-05-04T08:00:00,https://nodesk.co/remote-jobs/twilio-software-engineer-intern-22nd-june-11th-september/,https://nodesk.co/remote-jobs/internship/,NoDesk,,remote job board,
NoDesk,Twilio,"Software Engineer Intern (June start, Remote-Estonia)",Remote,,,,,,2026-03-01T08:00:00,https://nodesk.co/remote-jobs/twilio-software-engineer-intern-june-start-remote-estonia/,https://nodesk.co/remote-jobs/internship/,NoDesk,,remote job board,
NoDesk,Twilio,Software Engineer Intern - United States,Remote,,,,,,2026-02-23T08:00:00,https://nodesk.co/remote-jobs/twilio-software-engineer-intern-united-states/,https://nodesk.co/remote-jobs/internship/,NoDesk,,remote job board,
